Date,PM2.5,PM10,NO,NO2,NOx,NH3,CO,SO2,O3,Benzene,Toluene,Xylene,AQI,Metropolitan_Area
2015-01-01,313.22,607.98,18.35,20.157999999999998,32.208333333333336,19.599999999999998,4.961666666666667,43.839999999999996,44.608000000000004,2.74,6.69,3.28,472.0,0.8333333333333334
2015-01-02,186.18,269.55,17.594,18.494,28.638333333333332,21.133333333333333,4.515,42.648,23.524,2.83,7.328,2.686666666666666,454.0,0.8333333333333334
2015-01-03,87.18,131.9,13.406,20.296,23.103333333333335,26.166666666666668,9.826666666666666,52.66600000000001,19.657999999999998,2.183333333333333,10.128,1.4133333333333333,143.0,0.8333333333333334
2015-01-04,151.84,241.84,8.283333333333333,20.474999999999998,20.89428571428571,45.48666666666667,4.491428571428571,38.306666666666665,23.536666666666665,1.9866666666666666,6.373333333333334,1.3625,319.0,0.8571428571428571
2015-01-05,146.6,219.13,10.12,19.461666666666666,21.915714285714284,53.25333333333333,6.8,39.77333333333333,22.745,2.1816666666666666,6.91,1.5725,325.0,0.8571428571428571
2015-01-06,149.58,252.1,17.723333333333333,28.34166666666667,30.080000000000002,55.593333333333334,10.114285714285714,43.923333333333325,24.97,5.107142857142857,5.338333333333334,1.4825,318.0,0.8571428571428571
2015-01-07,217.87,376.51,39.071666666666665,35.501666666666665,46.45857142857143,54.15,19.48428571428571,41.565,24.683333333333334,6.3757142857142854,6.373333333333334,1.8375,353.0,0.8571428571428571
2015-01-08,229.9,360.95,25.49166666666667,34.376666666666665,36.41142857142857,60.169999999999995,15.492857142857144,41.275,28.908333333333335,6.095714285714286,6.17,1.6025,383.0,0.8571428571428571
2015-01-09,201.66,397.43,17.898333333333333,32.42166666666667,27.127142857142854,56.629999999999995,8.06857142857143,48.18833333333333,26.46666666666667,6.021428571428571,7.355714285714286,1.6199999999999999,375.0,0.8571428571428571
2015-01-10,221.02,361.74,10.102,25.83666666666667,22.259999999999998,57.39666666666667,4.476666666666667,36.468333333333334,25.47666666666667,6.4314285714285715,6.9816666666666665,1.5074999999999998,376.0,0.8571428571428571
2015-01-11,205.41,393.2,39.51166666666666,38.92166666666667,27.47142857142857,54.87,23.217142857142854,41.99666666666667,26.42,7.819999999999999,8.906666666666668,1.6475,379.0,0.8571428571428571
2015-01-12,212.41,345.63,21.298333333333336,31.968333333333334,36.94,64.68666666666667,11.424285714285714,46.28333333333333,28.055000000000003,7.17,12.086666666666666,3.415,375.0,0.8571428571428571
2015-01-13,197.61,301.04,29.953333333333333,37.36666666666667,39.56714285714286,62.29333333333333,10.638571428571428,47.85666666666666,24.361666666666665,8.44,8.382857142857143,4.6375,366.0,0.8571428571428571
2015-01-14,164.39,227.38,18.973333333333333,28.578333333333333,29.228571428571428,71.77,6.612857142857143,21.863333333333333,24.011666666666667,5.774285714285715,8.415,2.7575000000000003,353.0,0.8571428571428571
2015-01-15,166.19,283.93,15.394999999999998,24.846666666666668,28.04714285714286,50.199999999999996,4.025714285714286,13.244,28.313333333333333,5.132857142857143,8.040000000000001,1.4825,340.0,0.8571428571428571
2015-01-16,174.98,309.99,13.416666666666666,22.653333333333336,27.11428571428571,50.23333333333334,6.1657142857142855,15.648000000000001,29.465000000000003,5.2371428571428575,10.911666666666667,1.7374999999999998,356.0,0.8571428571428571
2015-01-17,196.46,356.2,15.631666666666668,23.069999999999997,31.681428571428572,46.77,6.981428571428571,30.083333333333332,34.275,5.4799999999999995,9.813333333333334,2.1475,360.0,0.8571428571428571
2015-01-18,201.51,359.75,16.281666666666666,25.709999999999997,28.775714285714287,46.10333333333333,5.048571428571429,17.984,27.035,5.1414285714285715,9.941666666666666,2.165,370.0,0.8571428571428571
2015-01-19,183.35,305.13,16.006666666666668,25.819999999999997,25.244285714285716,55.26,5.1085714285714285,18.962,27.948333333333334,4.312857142857143,7.055,1.955,362.0,0.8571428571428571
2015-01-20,165.63,257.04,12.318333333333333,21.37833333333333,23.967142857142854,57.913333333333334,5.22,33.358,42.913333333333334,6.101428571428571,4.661666666666666,2.09,340.0,0.8571428571428571
2015-01-21,159.54,235.27,17.03333333333333,26.43166666666667,22.747142857142858,24.049999999999997,7.501428571428572,41.608,23.36,2.8716666666666666,3.3280000000000003,2.3275,338.0,0.8571428571428571
2015-01-22,143.68,183.89,19.043333333333333,22.625,22.472857142857144,15.966666666666667,4.7299999999999995,40.379999999999995,25.71166666666667,6.22,9.635,2.1,332.0,0.8571428571428571
2015-01-23,128.73,136.07,15.64,22.060000000000002,23.722857142857144,18.016666666666666,6.967142857142858,17.445999999999998,27.173333333333332,5.224285714285714,5.623333333333334,2.42,254.0,0.8571428571428571
2015-01-24,164.98,200.02,6.618333333333333,15.924999999999999,18.228571428571428,19.33666666666667,3.1271428571428572,13.096,28.41333333333333,4.341666666666666,4.036666666666666,1.4,324.0,0.8571428571428571
2015-01-25,148.59,203.81,9.82,16.345,17.87142857142857,21.673333333333332,4.3028571428571425,15.512,30.19666666666667,4.298333333333334,3.926666666666667,1.2149999999999999,333.0,0.8571428571428571
2015-01-26,129.34,137.86,9.568333333333333,16.378333333333334,17.445714285714285,27.040000000000003,4.215714285714285,12.706,28.418333333333333,4.0233333333333325,3.5316666666666667,1.1575,292.0,0.8571428571428571
2015-01-27,154.2,217.2,7.94,20.015,20.142857142857142,21.27,3.6699999999999995,12.554,30.013333333333335,4.005,3.188333333333334,1.3599999999999999,318.0,0.8571428571428571
2015-01-28,103.91999999999999,156.9,8.168333333333333,21.583333333333332,20.231428571428573,23.183333333333334,4.535714285714286,11.806000000000001,35.69166666666667,4.713333333333334,4.922857142857143,1.225,295.0,0.8571428571428571
2015-01-29,128.13,277.0,28.06833333333334,26.918333333333333,28.474285714285713,27.459999999999997,5.0042857142857144,13.946000000000002,35.015,4.176666666666667,4.288571428571428,1.9224999999999999,268.0,0.8571428571428571
2015-01-30,128.94,272.61,21.328333333333333,24.09,31.521428571428572,29.546666666666667,6.111428571428571,18.406,39.443333333333335,3.685,3.9416666666666664,2.375,336.5,0.8571428571428571
2015-01-31,126.555,207.06,24.85666666666667,29.775000000000002,31.608571428571427,26.599999999999998,6.642857142857143,23.006,44.32833333333334,4.228333333333333,4.335714285714286,2.9625,424.0,0.8571428571428571
2015-02-01,173.79000000000002,371.05,23.89,33.54666666666667,39.70428571428572,36.123333333333335,10.255714285714285,29.238333333333333,41.0,3.74,5.7299999999999995,7.7125,570.0,0.8571428571428571
2015-02-02,170.985,219.84,15.548333333333334,24.960000000000004,29.228571428571428,33.15,11.858571428571429,16.022,45.13833333333333,3.3733333333333335,4.497142857142857,9.76,631.5,0.8571428571428571
2015-02-03,148.70499999999998,194.09,10.756666666666666,21.063333333333333,25.314285714285713,27.76,8.06,10.986,37.593333333333334,3.5416666666666665,2.5816666666666666,3.4724999999999997,497.0,0.8571428571428571
2015-02-04,108.955,147.08,13.528333333333336,24.666666666666668,30.64428571428571,30.92,3.987142857142857,8.956,29.221666666666664,3.6666666666666665,5.33,1.385,303.5,0.8571428571428571
2015-02-05,95.06,127.42,14.538333333333332,26.646666666666665,30.44142857142857,46.446666666666665,3.564285714285714,11.644,29.55333333333333,2.5100000000000002,6.715,1.5425,205.5,0.8571428571428571
2015-02-06,115.445,330.99,14.323333333333332,32.07,33.25142857142857,52.31333333333333,2.8285714285714283,18.354,35.92333333333334,5.478333333333333,7.5183333333333335,2.9475,246.5,0.8571428571428571
2015-02-07,124.725,210.52,13.491666666666665,29.87,29.50857142857143,32.29333333333333,4.892857142857143,20.580000000000002,34.55166666666667,4.473333333333333,3.9642857142857144,2.005,288.0,0.8571428571428571
2015-02-08,109.81,215.69,11.145000000000001,27.625,25.914285714285715,40.736666666666665,4.41,15.99,34.51,4.035,4.0,0.4375,351.0,0.8571428571428571
2015-02-09,124.3,109.86,7.758333333333333,24.891666666666666,22.512857142857143,41.77333333333333,4.094285714285715,14.347999999999999,33.24333333333333,1.075,3.6916666666666664,1.3975,303.5,0.8571428571428571
2015-02-10,129.23,218.23,7.835,20.595000000000002,20.84,50.42333333333334,3.684285714285714,30.901666666666667,39.071666666666665,1.686,2.56,2.9775,287.5,0.8571428571428571
2015-02-11,91.715,316.14,13.735999999999999,29.476,27.043333333333333,52.68333333333333,6.183333333333334,52.362,39.136,3.776,4.296,9.07,361.0,0.8571428571428571
2015-02-12,121.50999999999999,394.97,13.089999999999998,28.03833333333333,28.881428571428568,47.876666666666665,6.491428571428571,33.35666666666666,31.77333333333333,2.465,5.511666666666667,3.37,315.0,0.8571428571428571
2015-02-13,135.185,328.43,18.448333333333334,24.903333333333336,32.261428571428574,53.21,5.7299999999999995,47.69,30.263333333333332,2.9433333333333334,6.3933333333333335,3.7325,425.5,0.8571428571428571
2015-02-14,185.645,412.46,29.27,35.222,42.45666666666667,70.15666666666668,11.528333333333334,30.525,32.652,5.837999999999999,15.573999999999998,7.05,569.0,0.8571428571428571
2015-02-15,148.655,497.37,14.808333333333332,29.563333333333333,32.044285714285714,47.156666666666666,6.605714285714286,42.83166666666667,40.45666666666667,3.206666666666667,8.895000000000001,4.335,433.0,0.8571428571428571
2015-02-16,126.16,310.74,18.30666666666667,30.25,35.49285714285714,55.96333333333333,7.358571428571429,34.69833333333333,35.949999999999996,3.4859999999999998,14.375,2.5375,447.0,0.8571428571428571
2015-02-17,120.94,195.78,19.330000000000002,27.255,34.62714285714286,65.63666666666667,6.475714285714285,18.596,35.15833333333333,10.43,14.225,2.2225,403.0,0.8571428571428571
2015-02-18,144.495,253.53,21.87833333333333,29.726666666666663,35.034285714285716,66.48666666666666,8.365714285714285,23.981666666666666,34.45333333333333,10.355,17.278333333333332,2.515,478.5,0.8571428571428571
2015-02-19,133.98,193.78,12.54,26.736666666666665,25.43142857142857,62.28666666666667,7.654285714285714,38.586666666666666,29.778333333333336,14.168333333333335,12.316666666666668,1.9125,389.5,0.8571428571428571
2015-02-20,142.20499999999998,162.2,13.810000000000002,23.956666666666667,27.689999999999998,70.10000000000001,8.907142857142857,27.122000000000003,30.804999999999996,15.788333333333334,12.608571428571427,3.12,452.5,0.8571428571428571
2015-02-21,197.67000000000002,191.03,20.226666666666667,28.751666666666665,35.934285714285714,61.70666666666667,14.065714285714288,24.654000000000003,31.413333333333338,6.026000000000001,13.318571428571428,6.475,730.5,0.8571428571428571
2015-02-22,133.53,107.61,19.078333333333337,29.136666666666667,36.699999999999996,64.64666666666666,10.685714285714285,19.412,34.975,2.444,8.898571428571428,3.0500000000000003,474.0,0.8571428571428571
2015-02-23,189.89999999999998,157.01,24.623333333333335,33.153333333333336,42.53142857142857,52.5,16.99142857142857,24.612,34.998333333333335,11.372,30.442857142857143,10.5125,764.0,0.8571428571428571
2015-02-24,144.44,238.33,14.863333333333335,30.338333333333335,29.851428571428574,55.43666666666667,6.482857142857143,17.830000000000002,34.11333333333334,4.930000000000001,14.418333333333335,6.29,382.5,0.8571428571428571
2015-02-25,100.59,169.57,8.82,20.68166666666667,21.002857142857142,39.69,4.728571428571429,11.58,41.050000000000004,1.816,4.765,0.915,316.0,0.8571428571428571
2015-02-26,140.78,171.64,7.697999999999999,19.747999999999998,20.958333333333332,20.22,4.128333333333333,6.0075,35.525999999999996,1.0575,3.6016666666666666,1.6500000000000001,323.0,0.8571428571428571
2015-02-27,130.42,163.67,8.742,18.71,20.151666666666667,33.5,5.478333333333333,7.154999999999999,38.89,1.23,4.178333333333334,1.8233333333333333,315.0,0.8571428571428571
2015-02-28,105.86,169.28,6.5040000000000004,15.813999999999998,16.005,21.263333333333332,4.31,6.6850000000000005,34.64,1.175,3.4259999999999997,0.7333333333333334,310.0,0.8571428571428571
2015-03-01,66.475,98.89,5.753333333333333,14.625,15.325714285714286,14.030000000000001,3.9185714285714286,30.228333333333335,33.199999999999996,1.44,3.0885714285714285,1.2825000000000002,324.0,0.8571428571428571
2015-03-02,57.245000000000005,60.15,12.075000000000001,17.585,22.009999999999998,22.389999999999997,6.6085714285714285,9.584,38.89,3.8716666666666666,2.7399999999999998,0.615,207.5,0.8571428571428571
2015-03-03,87.66,112.1,10.616666666666667,20.716666666666665,22.564285714285713,36.693333333333335,7.8100000000000005,12.924000000000001,30.498333333333335,2.361666666666667,5.351428571428571,1.525,337.0,0.8571428571428571
2015-03-04,92.475,139.15,9.59,18.701666666666668,21.664285714285715,29.483333333333334,6.552857142857143,17.613999999999997,41.78666666666667,2.8699999999999997,4.401428571428572,2.2824999999999998,291.5,0.8571428571428571
2015-03-05,139.79,196.19,18.765,24.686666666666667,31.852857142857143,25.436666666666667,15.594285714285714,21.222,44.038333333333334,3.6683333333333334,10.325714285714286,3.9475,527.5,0.8571428571428571
2015-03-06,101.75,163.14,12.126000000000001,18.438,19.738333333333333,37.446666666666665,9.496666666666668,8.865,43.482,57.576,12.112,2.5666666666666664,322.0,0.8571428571428571
2015-03-07,91.50999999999999,90.54,9.53,18.33,18.75714285714286,11.363333333333335,8.532857142857143,11.73,43.56666666666667,46.692857142857136,12.953333333333333,0.625,216.0,0.8571428571428571
2015-03-08,67.4,80.2,8.479999999999999,17.285,17.547142857142855,12.946666666666667,7.151428571428572,36.98,38.515,45.311428571428564,7.511666666666667,0.7849999999999999,149.0,0.8571428571428571
2015-03-09,98.21000000000001,117.38,9.028333333333334,21.599999999999998,24.99142857142857,16.516666666666666,9.088571428571429,15.803999999999998,40.785000000000004,46.78142857142858,9.45857142857143,1.105,215.0,0.8571428571428571
2015-03-10,96.705,150.92,8.671666666666667,23.691666666666666,40.31285714285714,17.279999999999998,4.195714285714286,12.761666666666665,36.178333333333335,3.026666666666667,6.752857142857143,2.0425,267.5,0.8571428571428571
2015-03-11,111.39,176.2,9.63,27.444999999999997,45.00142857142857,23.776666666666667,4.048571428571429,14.106666666666667,36.678333333333335,2.6950000000000003,8.244285714285715,1.63,302.0,0.8571428571428571
2015-03-12,110.97,203.75,9.391666666666667,25.215,39.98571428571428,21.709999999999997,3.947142857142857,16.753333333333334,39.22,3.0919999999999996,6.713333333333334,4.5600000000000005,283.5,0.8571428571428571
2015-03-13,103.0,173.89,9.531666666666666,23.296666666666667,38.95428571428572,16.883333333333333,4.637142857142857,18.22,39.01166666666666,2.3600000000000003,9.075714285714286,3.365,275.5,0.8571428571428571
2015-03-14,75.93,105.29,9.746666666666668,22.263333333333335,31.67142857142857,13.74,5.33,20.391666666666666,36.809999999999995,2.698,9.586666666666668,1.15,221.0,0.8571428571428571
2015-03-15,44.2,46.68,10.75,18.771666666666665,22.208571428571428,15.176666666666668,6.395714285714286,14.496666666666668,33.31666666666667,27.295,9.358571428571429,0.8049999999999999,192.0,0.8571428571428571
2015-03-16,38.075,74.14,10.443333333333333,19.385,25.054285714285715,16.376666666666665,5.621428571428572,16.896666666666665,38.02166666666667,1.492,8.514285714285714,0.5775,153.0,0.8571428571428571
2015-03-17,52.92,104.33,14.546666666666667,29.724999999999998,40.494285714285716,23.996666666666666,5.321428571428571,17.826666666666664,41.64,1.9380000000000002,9.52,1.6175000000000002,224.0,0.8571428571428571
2015-03-18,54.14,95.56,21.608333333333334,29.308333333333334,43.76857142857143,23.313333333333333,6.171428571428572,15.288333333333332,42.72833333333333,28.363333333333333,13.43857142857143,2.2775,238.5,0.8571428571428571
2015-03-19,87.285,136.67,17.475,26.55666666666667,54.38857142857143,25.290000000000003,10.537142857142857,22.31833333333333,47.98166666666666,24.43166666666667,19.115714285714287,5.2749999999999995,561.5,0.8571428571428571
2015-03-20,241.01,168.0,12.243333333333332,27.91333333333333,54.297142857142866,24.103333333333335,5.714285714285714,16.26,43.375,10.365,37.11285714285714,7.7575,474.5,0.8571428571428571
2015-03-21,193.715,172.91,15.74,31.603333333333335,47.05142857142857,23.929999999999996,5.4799999999999995,17.901666666666667,47.15,8.408333333333333,48.89000000000001,6.972499999999999,379.0,0.8571428571428571
2015-03-22,225.64999999999998,122.12,11.598333333333334,25.450000000000003,40.45428571428572,21.75666666666667,7.155714285714285,18.346666666666668,43.85666666666666,6.09,33.94833333333333,3.6,405.0,0.8571428571428571
2015-03-23,98.02,131.42,21.39833333333333,31.668333333333333,42.49857142857143,23.883333333333336,9.815714285714284,17.838333333333335,38.18,7.248333333333334,34.051428571428566,6.617500000000001,485.5,0.8571428571428571
2015-03-24,101.598,179.36,23.36,45.326666666666675,49.64714285714285,25.52333333333333,6.177142857142857,17.61,39.99666666666667,6.418333333333333,26.131428571428568,7.140000000000001,317.4,0.8571428571428571
2015-03-25,118.228,201.08,19.676666666666666,43.73833333333334,45.84285714285714,22.786666666666665,7.114285714285714,18.991666666666664,44.75666666666667,7.086666666666667,20.274285714285718,5.1425,317.0,0.8571428571428571
2015-03-26,106.576,217.9,15.021666666666667,31.171666666666667,36.22,24.540000000000003,5.22,20.156666666666666,44.35333333333333,5.933333333333334,15.401428571428571,3.3274999999999997,308.0,0.8571428571428571
2015-03-27,115.80600000000001,117.81,13.148333333333333,29.263333333333332,28.642857142857142,23.27,3.241428571428571,16.685,31.45,3.5683333333333334,9.452857142857143,2.16,271.8,0.8571428571428571
2015-03-28,89.562,212.96,12.82,26.608333333333334,26.85571428571429,24.176666666666666,4.215714285714285,32.405,36.38166666666667,3.4933333333333336,7.968333333333334,1.5925,271.6,0.8571428571428571
2015-03-29,102.338,202.01,13.486666666666666,26.128333333333334,28.625714285714285,23.066666666666666,4.611428571428571,23.7,35.550000000000004,2.6316666666666664,6.8933333333333335,1.205,249.75,0.8571428571428571
2015-03-30,81.174,57.0,6.901666666666667,18.21,26.48428571428571,22.046666666666667,2.6614285714285715,15.291666666666666,33.291666666666664,1.7333333333333334,4.590000000000001,0.8475,200.0,0.8571428571428571
2015-03-31,61.196666666666665,78.64,12.86,23.255,30.975714285714282,23.183333333333334,3.1814285714285715,15.768333333333333,35.39333333333334,2.42,5.908571428571428,1.28,208.0,0.8571428571428571
2015-04-01,74.95833333333333,167.6,15.44,22.313333333333333,38.25142857142857,25.819999999999997,3.98,18.291666666666668,37.053333333333335,2.4716666666666667,6.467142857142856,1.2375,218.16666666666666,0.8571428571428571
2015-04-02,72.08,112.78,12.800000000000002,21.028333333333332,27.521428571428572,28.55333333333333,2.9442857142857144,24.881666666666664,33.85,2.5283333333333333,4.751428571428571,1.1975,191.4,0.8571428571428571
2015-04-03,54.60799999999999,76.05,13.340000000000002,20.618333333333336,28.12,23.896666666666665,3.2,13.87,31.771666666666665,1.5433333333333332,3.8350000000000004,0.9299999999999999,192.4,0.8571428571428571
2015-04-04,78.314,86.11,11.354999999999999,20.368333333333336,28.525714285714287,26.423333333333336,2.4,13.799999999999999,33.24333333333333,1.7383333333333333,3.7085714285714286,0.92,173.5,0.8571428571428571
2015-04-05,76.58833333333332,145.1,10.073333333333332,20.756666666666664,27.204285714285714,23.616666666666664,3.652857142857143,12.558333333333332,39.36833333333333,1.6849999999999998,6.142857142857143,0.9374999999999999,204.75,0.8571428571428571
2015-04-06,79.395,195.47,11.826666666666666,19.826666666666668,30.057142857142853,26.45,3.1785714285714284,14.106666666666667,33.44,2.092857142857143,5.791428571428571,1.1575,194.16666666666666,0.8571428571428571
2015-04-07,75.265,95.81,9.845,20.695,32.44428571428572,19.503333333333334,3.7357142857142853,21.766666666666666,33.696666666666665,2.3485714285714288,6.118333333333333,1.3325,186.66666666666666,0.8571428571428571
2015-04-08,69.69666666666667,120.2,9.603333333333333,21.47,31.412857142857142,19.956666666666667,5.161428571428571,18.675,35.446666666666665,3.8033333333333332,13.856666666666667,2.5425,211.66666666666666,0.8571428571428571
2015-04-09,51.89166666666667,148.17,9.216666666666667,20.57166666666667,25.694285714285716,24.209999999999997,3.4085714285714284,15.916666666666666,30.701666666666668,3.5383333333333336,8.834999999999999,2.06,200.66666666666666,0.8571428571428571
2015-04-10,69.26666666666667,203.67,12.303333333333333,23.418333333333333,31.03,21.396666666666665,3.577142857142857,13.368333333333334,29.91,2.934,4.3759999999999994,0.7633333333333333,161.0,0.8571428571428571
2015-04-11,67.81,234.65,11.168333333333331,24.358333333333334,27.942857142857143,25.5,2.2785714285714285,11.713333333333333,38.843333333333334,1.5259999999999998,3.942,0.8599999999999999,162.66666666666666,0.8571428571428571
2015-04-12,48.47666666666667,91.73,6.525000000000001,19.91,23.228571428571428,25.073333333333334,2.935714285714286,8.941666666666666,34.33,0.868,2.3200000000000003,0.6166666666666667,168.16666666666666,0.8571428571428571
2015-04-13,66.09,116.62,10.101666666666667,24.106666666666666,29.217142857142854,27.673333333333332,2.6942857142857144,10.523333333333333,34.59166666666667,1.734,2.3340000000000005,0.6866666666666666,172.66666666666666,0.8571428571428571
2015-04-14,74.485,132.68,9.606666666666667,23.603333333333335,29.27857142857143,24.983333333333334,2.6028571428571428,11.936666666666667,39.435,1.3039999999999998,3.9,2.466666666666667,193.0,0.8571428571428571
2015-04-15,63.165,161.43,12.556666666666667,23.814999999999998,23.021428571428572,19.849999999999998,6.008571428571429,9.981666666666667,36.708333333333336,1.126,3.158,7.646666666666667,222.66666666666666,0.8571428571428571
2015-04-16,68.75333333333333,164.56,14.998333333333333,25.65166666666667,29.0,21.453333333333333,6.807142857142857,18.781666666666666,44.685,1.8516666666666666,2.5020000000000002,10.166666666666666,264.1666666666667,0.8571428571428571
2015-04-17,58.824999999999996,180.67,12.236666666666666,25.773333333333337,27.82428571428571,26.13,6.3100000000000005,11.901666666666666,49.58166666666667,1.895,5.245,6.37,265.1666666666667,0.8571428571428571
2015-04-18,73.515,268.65,14.713333333333333,26.923333333333332,30.515714285714285,20.026666666666667,2.8942857142857146,15.028333333333334,48.125,1.705,4.466,3.5700000000000003,226.4,0.8571428571428571
2015-04-19,72.94833333333334,308.82,13.718333333333334,27.555000000000003,28.48,22.26,3.062857142857143,22.463333333333335,44.96666666666667,1.9224999999999999,4.453333333333333,3.7600000000000002,209.0,0.8571428571428571
2015-04-20,62.81166666666667,336.63,19.275000000000002,33.419999999999995,27.33285714285714,22.913333333333338,4.747142857142857,17.948333333333334,39.28333333333333,1.685,8.414,3.563333333333333,217.0,0.8571428571428571
2015-04-21,72.335,327.81,13.685,26.55,24.74142857142857,19.203333333333333,3.325714285714286,11.441666666666668,39.26499999999999,1.5539999999999998,6.3420000000000005,2.4066666666666667,213.0,0.8571428571428571
2015-04-22,55.89833333333333,279.41,13.228333333333333,22.748333333333335,27.12857142857143,13.416666666666666,2.5183333333333335,17.03,36.39,1.732,4.7575,1.6500000000000001,173.16666666666666,0.8571428571428571
2015-04-23,70.64833333333333,273.68,14.375,30.205,29.628571428571426,20.483333333333334,2.7771428571428567,26.223333333333333,41.24666666666666,2.3200000000000003,7.18,2.2399999999999998,160.4,0.8571428571428571
2015-04-24,65.57666666666667,313.53,15.293333333333331,31.790000000000003,30.46857142857143,28.19666666666667,3.11,24.613333333333333,53.09,4.694000000000001,6.305,2.69,187.0,0.8571428571428571
2015-04-25,60.89666666666667,318.88,16.18,23.786666666666665,26.75142857142857,22.103333333333335,4.034285714285714,30.77,68.784,3.1740000000000004,3.8920000000000003,2.19,178.83333333333334,0.8571428571428571
2015-04-26,69.022,160.3,13.175999999999998,21.77,22.373333333333335,19.826666666666664,4.651666666666666,30.004,58.0475,2.6740000000000004,2.272,1.876666666666667,160.0,0.8571428571428571
2015-04-27,67.94666666666667,174.5,8.308333333333332,21.349999999999998,26.291428571428575,20.39666666666667,3.434285714285714,31.26,52.088,2.794,2.898,0.9900000000000001,143.4,0.8571428571428571
2015-04-28,62.73333333333333,141.25,13.073333333333332,23.041666666666668,20.904285714285713,18.349999999999998,3.8814285714285712,20.586666666666666,43.674,9.733333333333334,4.108,1.1833333333333333,140.2,0.8571428571428571
2015-04-29,73.18166666666666,131.56,12.391666666666666,26.951666666666664,23.148571428571426,18.44333333333333,3.532857142857143,21.471666666666664,36.2,9.959999999999999,5.322,1.5633333333333332,169.5,0.8571428571428571
2015-04-30,61.92666666666667,171.42,14.131666666666668,27.933333333333334,22.857142857142858,19.156666666666666,3.4150000000000005,22.790000000000003,41.896,9.555,3.6833333333333336,1.4166666666666667,182.16666666666666,0.8571428571428571
2015-05-01,76.40666666666667,192.81,13.563333333333333,22.388333333333335,28.172857142857143,16.47,3.981428571428571,14.266666666666666,29.424,7.243333333333332,3.7183333333333333,1.7733333333333334,177.0,0.8571428571428571
2015-05-02,72.35166666666667,206.1,14.155,27.698333333333334,27.914285714285715,22.996666666666666,6.042857142857143,22.773333333333337,35.462,6.778333333333333,5.294,5.0,220.16666666666666,0.8571428571428571
2015-05-03,69.43833333333333,334.02,17.528333333333332,31.74333333333333,32.01571428571429,22.106666666666666,5.075714285714286,20.031666666666666,39.78,7.868333333333333,8.862,4.845,221.16666666666666,0.8571428571428571
2015-05-04,59.821666666666665,326.71,14.261666666666665,30.19666666666667,29.854285714285712,21.826666666666664,3.728571428571428,17.515,39.37833333333334,8.031666666666666,6.8566666666666665,6.4,198.0,0.8571428571428571
2015-05-05,63.60833333333333,366.85,19.425,31.5,33.01142857142857,18.766666666666666,2.54,16.418333333333333,39.916666666666664,8.225,8.003333333333334,4.485,175.33333333333334,0.8571428571428571
2015-05-06,66.165,346.98,14.693333333333333,26.86,30.085714285714285,21.376666666666665,7.071428571428571,16.005,49.21666666666667,7.568333333333334,7.513333333333333,2.92,174.5,0.8571428571428571
2015-05-07,56.24,343.12,8.051666666666668,26.563333333333333,29.975714285714282,22.97666666666667,3.16,12.533333333333331,39.875,5.203333333333333,7.009999999999999,0.645,172.16666666666666,0.8571428571428571
2015-05-08,49.49333333333333,305.38,12.155000000000001,26.378333333333334,28.525714285714287,23.09,4.6085714285714285,14.6,50.315,2.655,2.556,1.04,191.66666666666666,0.8571428571428571
2015-05-09,59.303333333333335,285.38,13.616666666666665,28.01,30.791428571428572,27.956666666666667,7.458571428571427,17.028333333333332,43.73666666666666,2.1083333333333334,3.0316666666666667,1.745,195.0,0.8571428571428571
2015-05-10,56.718333333333334,283.47,11.643333333333333,28.215,28.50857142857143,21.813333333333333,4.225714285714285,17.224999999999998,37.193333333333335,1.72,2.782,0.695,181.83333333333334,0.8571428571428571
2015-05-11,57.95166666666666,336.82,11.108333333333334,27.008333333333336,27.291428571428572,23.006666666666664,3.8657142857142857,20.161666666666665,36.165,2.236666666666667,5.256666666666667,1.295,192.33333333333334,0.8571428571428571
2015-05-12,57.178333333333335,293.26,11.878333333333332,26.37833333333333,27.138571428571428,28.706666666666667,3.9450000000000003,12.480000000000002,37.60666666666667,3.345,2.231666666666667,1.145,174.83333333333334,0.8571428571428571
2015-05-13,73.66666666666667,174.52,14.073333333333332,26.371666666666666,30.095714285714283,29.703333333333333,4.788571428571429,11.856666666666667,28.361666666666665,4.016666666666667,5.996666666666667,4.105,217.66666666666666,0.8571428571428571
2015-05-14,65.58833333333332,196.08,8.928333333333333,25.198333333333334,25.064285714285713,29.850000000000005,2.742857142857143,12.74,29.435000000000002,3.216666666666667,8.488333333333333,1.925,213.0,0.8571428571428571
2015-05-15,63.41166666666667,240.34,11.356666666666667,25.76833333333333,29.111428571428572,38.586666666666666,4.55,19.126666666666665,35.98833333333334,5.382,10.678333333333333,2.485,202.16666666666666,0.8571428571428571
2015-05-16,67.965,186.28,11.368333333333334,30.333333333333332,31.67142857142857,40.69,4.88,11.183333333333332,36.55166666666667,5.888,16.658333333333335,5.78,230.0,0.8571428571428571
2015-05-17,60.37833333333333,188.39,7.678333333333334,23.47666666666667,23.572857142857142,35.88333333333333,4.882857142857143,15.553333333333333,40.565000000000005,2.502,4.998333333333334,0.77,220.5,0.8571428571428571
2015-05-18,63.75333333333333,172.35,7.239999999999999,22.226666666666663,23.305714285714284,37.53666666666667,4.888571428571429,17.419999999999998,44.974999999999994,2.504,3.985,0.65,182.5,0.8571428571428571
2015-05-19,57.89666666666667,240.31,15.780000000000001,33.46666666666666,31.125714285714285,37.61666666666667,3.6114285714285717,15.653333333333334,43.656666666666666,2.5940000000000003,4.245,0.51,183.33333333333334,0.8571428571428571
2015-05-20,53.375,176.25,11.158333333333331,24.598333333333333,26.142857142857142,36.586666666666666,3.96,12.928333333333333,33.553333333333335,1.47,1.5416666666666667,0.0,147.83333333333334,0.8571428571428571
2015-05-21,60.526666666666664,335.13,12.241666666666667,22.488333333333333,26.204285714285714,41.48666666666667,3.7357142857142853,15.32,30.53,1.736,2.155,0.72,175.6,0.8571428571428571
2015-05-22,61.275,235.99,13.565,23.30666666666667,28.58285714285714,36.72,5.502857142857143,16.886666666666667,38.214999999999996,3.8816666666666664,5.031666666666666,8.92,267.5,0.8571428571428571
2015-05-23,52.775,313.73,11.788333333333332,22.855,25.14142857142857,34.43,4.627142857142857,15.176666666666668,35.08,2.4966666666666666,3.4516666666666667,3.185,170.5,0.8571428571428571
2015-05-24,52.82333333333333,251.52,10.776666666666669,22.054999999999996,24.305714285714284,32.086666666666666,3.641428571428572,18.495,29.903333333333336,3.2640000000000002,3.4933333333333327,1.765,161.66666666666666,0.8571428571428571
2015-05-25,71.42,340.66,13.885,22.38,29.044285714285714,33.943333333333335,3.1685714285714286,13.920000000000002,38.97,2.744,3.3883333333333336,2.03,174.0,0.8571428571428571
2015-05-26,64.24166666666666,311.08,10.503333333333334,20.26,25.768571428571427,28.636666666666667,2.924285714285714,11.176666666666668,41.916666666666664,1.996,2.7900000000000005,1.765,192.5,0.8571428571428571
2015-05-27,63.645,231.35,12.746666666666664,22.451666666666668,27.81857142857143,29.573333333333334,3.9785714285714286,12.275,48.906666666666666,2.7183333333333337,2.8983333333333334,1.68,202.5,0.8571428571428571
2015-05-28,80.575,436.17,16.779999999999998,28.715,31.161428571428576,31.336666666666662,2.8000000000000003,10.511666666666667,48.79,2.098333333333333,3.6383333333333336,3.27,167.5,0.8571428571428571
2015-05-29,65.89333333333333,275.6,14.780000000000001,25.69333333333333,30.142857142857142,35.199999999999996,4.0842857142857145,11.51,39.74833333333333,3.728,6.224,5.285,198.33333333333334,0.8571428571428571
2015-05-30,64.82166666666667,239.12,15.219999999999999,24.49,31.58142857142857,32.839999999999996,3.4442857142857144,17.341666666666665,44.63,2.658,19.233333333333334,2.55,227.33333333333334,0.8571428571428571
2015-05-31,63.06,236.8,9.518333333333333,20.703333333333333,21.997142857142855,31.686666666666667,2.8614285714285717,15.068333333333333,43.96666666666667,2.3600000000000003,6.963333333333334,1.54,177.16666666666666,0.8571428571428571
2015-06-01,90.11833333333334,175.39,7.677142857142857,19.83857142857143,23.97,30.236666666666668,2.515,17.05857142857143,41.98428571428571,1.9466666666666665,2.277142857142857,0.38999999999999996,178.0,0.75
2015-06-02,134.33333333333334,117.86,9.421428571428573,18.939999999999998,26.94,34.45,2.9675,10.692857142857141,36.70428571428572,1.7816666666666665,2.6033333333333335,0.2833333333333333,259.5,0.75
2015-06-03,70.04166666666667,137.7,9.194285714285714,23.169999999999998,31.59125,38.31333333333333,2.4125,9.492857142857144,36.25142857142857,1.2783333333333335,1.6366666666666667,0.27,208.16666666666666,0.75
2015-06-04,60.01,170.55,7.2542857142857144,20.49857142857143,24.466250000000002,39.16,2.16875,11.362857142857141,39.45428571428572,1.2566666666666666,1.7783333333333335,0.0,175.83333333333334,0.75
2015-06-05,64.56333333333333,241.67,8.15,21.181428571428572,24.153750000000002,49.28333333333333,3.9475000000000002,10.832857142857142,38.18571428571429,1.19,1.7871428571428571,0.0,214.5,0.75
2015-06-06,61.83166666666667,119.29,8.757142857142856,22.497142857142855,27.16125,52.663333333333334,3.27875,15.768571428571429,35.15428571428571,1.03,1.8800000000000001,0.0,187.66666666666666,0.75
2015-06-07,58.96,186.2,11.700000000000001,27.478571428571428,33.82125,42.22666666666667,2.71125,12.387142857142857,37.15428571428571,0.96,1.7957142857142858,0.0,180.83333333333334,0.75
2015-06-08,61.589999999999996,269.3,15.99,31.05142857142857,33.761250000000004,42.46,2.48625,10.5,32.924285714285716,11.627142857142857,8.765714285714285,0.02,180.5,0.75
2015-06-09,54.473333333333336,393.7,15.33,25.487142857142857,29.677500000000002,40.89666666666667,2.08625,9.991428571428571,28.880000000000003,1.5899999999999999,2.4114285714285715,0.25,176.83333333333334,0.75
2015-06-10,43.23333333333333,166.31,9.462857142857143,18.591428571428573,22.7875,40.5,2.7687500000000003,8.7,30.18,1.9666666666666668,2.5028571428571427,0.6066666666666667,177.0,0.75
2015-06-11,50.85666666666666,259.73,6.764285714285714,17.22142857142857,19.259999999999998,36.843333333333334,2.08625,7.311428571428571,41.98571428571429,1.7816666666666665,2.2742857142857145,0.44333333333333336,148.16666666666666,0.75
2015-06-12,45.830000000000005,180.06,7.731428571428571,17.012857142857143,19.65,32.54666666666667,2.12875,6.731428571428571,32.48,1.7383333333333333,2.27,0.5,150.16666666666666,0.75
2015-06-13,45.276666666666664,158.24,8.831428571428571,19.26142857142857,22.951249999999998,35.14666666666667,2.42125,7.0200000000000005,30.928571428571427,1.8283333333333334,2.308333333333333,0.38999999999999996,148.16666666666666,0.75
2015-06-14,52.026666666666664,121.44,6.844285714285715,22.045714285714286,23.84125,40.330000000000005,2.19125,4.465714285714286,30.162857142857142,1.5183333333333333,39.934285714285714,0.24666666666666667,145.0,0.75
2015-06-15,58.225,206.42,8.902857142857142,23.575714285714287,25.822499999999998,40.82333333333333,2.5725,6.1899999999999995,35.30571428571429,1.36,14.069999999999999,0.2733333333333333,185.66666666666666,0.75
2015-06-16,61.595,282.05,11.34142857142857,22.84,27.75,40.60333333333333,2.745,5.264285714285714,32.00428571428572,11.328571428571427,5.531428571428571,0.27,191.83333333333334,0.75
2015-06-17,47.95166666666666,271.79,12.131428571428572,21.439999999999998,27.283749999999998,39.04666666666667,2.1975000000000002,9.342857142857143,33.57,57.152857142857144,2.9842857142857144,0.22999999999999998,151.66666666666666,0.75
2015-06-18,48.916666666666664,268.84,13.007142857142858,24.645714285714288,30.42125,40.95333333333333,2.17375,7.609999999999999,37.34428571428571,2.277142857142857,2.9342857142857146,0.15666666666666665,141.16666666666666,0.75
2015-06-19,47.35666666666666,216.46,9.319999999999999,21.547142857142855,24.96,40.096666666666664,2.13375,8.90857142857143,31.684285714285714,1.7883333333333333,3.115,0.485,147.5,0.75
2015-06-20,55.81666666666666,160.22,7.2057142857142855,17.705714285714286,19.935000000000002,37.903333333333336,2.6887499999999998,8.639999999999999,29.662857142857145,1.468,2.3783333333333334,0.31,144.83333333333334,0.75
2015-06-21,36.445,82.7,7.081428571428572,17.408571428571427,19.017500000000002,43.64333333333334,3.5025,6.882857142857143,27.265714285714285,2.2866666666666666,2.84,0.16,155.5,0.75
2015-06-22,55.050000000000004,139.2,9.952857142857143,18.704285714285714,23.16125,44.34,2.87875,7.4142857142857155,29.91857142857143,13.038333333333332,8.884285714285713,14.22,160.16666666666666,0.75
2015-06-23,49.208333333333336,152.18,11.347142857142858,17.225714285714286,23.262500000000003,38.14666666666667,2.07,8.534285714285714,30.124285714285715,0.8185714285714285,2.777142857142857,0.4666666666666666,164.66666666666666,0.75
2015-06-24,119.2,214.45,10.965714285714286,17.99857142857143,26.877499999999998,40.843333333333334,2.815,10.48,34.03857142857143,1.2516666666666667,5.127142857142857,0.5366666666666666,206.16666666666666,0.75
2015-06-25,39.57,62.38,7.642857142857143,14.564285714285715,24.6225,36.123333333333335,2.24875,8.531428571428572,25.26571428571429,0.6928571428571428,2.177142857142857,0.37333333333333335,176.83333333333334,0.75
2015-06-26,49.07,182.48,10.424285714285714,16.57857142857143,26.6375,38.876666666666665,2.28625,8.757142857142856,24.171428571428574,0.74,2.2671428571428573,0.39999999999999997,149.0,0.75
2015-06-27,49.10999999999999,195.2,11.534285714285716,15.057142857142859,25.31625,32.339999999999996,5.1537500000000005,9.258571428571429,22.905714285714286,0.6742857142857143,3.742857142857143,0.4266666666666667,170.5,0.75
2015-06-28,46.583333333333336,214.78,9.049999999999999,16.05142857142857,25.353749999999998,34.873333333333335,2.00125,8.26,23.65857142857143,0.6128571428571429,1.8085714285714285,0.27999999999999997,150.83333333333334,0.75
2015-06-29,53.74666666666667,96.78,11.955714285714285,17.791428571428572,30.8325,35.71333333333333,2.68875,7.725714285714285,21.48,0.6114285714285714,1.98,0.47,161.83333333333334,0.75
2015-06-30,39.635,109.92,7.99,18.304285714285715,29.73875,32.93666666666667,3.36,9.517142857142858,22.25857142857143,0.5800000000000001,2.357142857142857,0.3566666666666667,167.0,0.75
2015-07-01,35.35166666666667,135.43,7.381428571428572,16.56714285714286,26.4525,33.43333333333334,2.8375,8.225714285714286,23.488571428571426,0.6171428571428572,2.525714285714286,0.2333333333333333,165.0,0.75
2015-07-02,42.913333333333334,175.9,8.648571428571428,18.59857142857143,29.21625,32.080000000000005,2.2475,7.86,23.442857142857143,0.6985714285714286,2.0214285714285714,0.31333333333333335,159.66666666666666,0.75
2015-07-03,43.62166666666667,219.31,8.832857142857142,15.562857142857142,21.767500000000002,33.303333333333335,3.5875,8.295714285714286,23.80857142857143,0.7766666666666667,1.66,0.29000000000000004,170.33333333333334,0.75
2015-07-04,47.27333333333333,212.16,9.211428571428572,14.651428571428571,18.89,40.07333333333333,6.2975,8.84142857142857,23.685714285714287,0.6583333333333333,3.6285714285714286,0.2933333333333333,185.66666666666666,0.75
2015-07-05,54.129999999999995,435.2,7.9799999999999995,14.232857142857142,18.85625,41.376666666666665,4.76375,8.932857142857143,23.574285714285715,0.6757142857142858,2.5214285714285714,0.2333333333333333,192.16666666666666,0.75
2015-07-06,42.951666666666675,143.86,11.225714285714286,17.678571428571427,31.03,38.57666666666667,6.5562499999999995,8.434285714285714,22.924285714285713,0.6785714285714286,4.885714285714286,0.4000000000000001,203.5,0.75
2015-07-07,39.656666666666666,78.64,9.06857142857143,16.92142857142857,28.8425,35.11666666666667,3.2375000000000003,9.061428571428571,21.872857142857146,0.7171428571428572,2.1742857142857144,0.4033333333333333,172.16666666666666,0.75
2015-07-08,39.781666666666666,127.38,8.950000000000001,16.12,30.53,45.30666666666667,4.00125,8.972857142857142,20.715714285714284,1.03,3.06,0.39999999999999997,161.16666666666666,0.75
2015-07-09,40.085,128.93,13.112857142857141,14.321428571428571,33.13875,38.050000000000004,2.8525,8.064285714285715,21.30857142857143,0.8616666666666667,2.938333333333333,0.3433333333333333,163.33333333333334,0.75
2015-07-10,36.99166666666667,95.1,12.442857142857141,13.114285714285714,34.955,42.60666666666666,4.58875,11.097142857142858,19.40142857142857,3.1271428571428577,2.6871428571428573,0.3333333333333333,152.33333333333334,0.75
2015-07-11,52.34,41.31,11.804285714285713,14.867142857142856,44.355000000000004,41.95333333333333,4.70875,8.66,21.34142857142857,4.470000000000001,3.1666666666666665,0.2833333333333334,173.16666666666666,0.75
2015-07-12,47.31,34.16,10.653333333333334,12.841666666666667,30.678571428571427,36.72,3.825,8.215714285714286,19.448333333333334,3.7014285714285715,2.988571428571429,0.21999999999999997,157.33333333333334,0.75
2015-07-13,51.221666666666664,54.36,10.392857142857142,14.822857142857144,27.2425,33.24333333333333,5.83625,9.911428571428571,22.688571428571432,3.7571428571428567,2.904285714285714,0.25,177.8,0.75
2015-07-14,58.365,112.83,12.004285714285714,16.12,27.7925,36.806666666666665,4.36125,7.9157142857142855,22.057142857142857,4.595,3.016666666666666,0.2833333333333333,202.66666666666666,0.75
2015-07-15,44.01166666666666,243.97,10.437142857142858,15.922857142857143,24.535,32.306666666666665,3.77125,7.25,21.52285714285714,3.7857142857142856,2.1271428571428572,0.35333333333333333,178.33333333333334,0.75
2015-07-16,46.52,244.69,13.362857142857141,17.12,31.049999999999997,30.156666666666666,2.4850000000000003,9.675714285714283,24.92285714285714,3.6757142857142857,2.0942857142857143,0.4566666666666667,176.33333333333334,0.75
2015-07-17,43.76666666666667,148.95,8.494285714285715,15.34,29.67875,32.76,2.02875,9.702857142857143,22.96857142857143,0.77,2.4483333333333333,0.3666666666666667,122.16666666666667,0.75
2015-07-18,39.07,148.87,8.101428571428572,16.115714285714287,30.552500000000002,32.92,4.359999999999999,7.868571428571428,22.658571428571427,1.0719999999999998,4.198,0.25,134.0,0.75
2015-07-19,34.288333333333334,144.11,8.059999999999999,16.262857142857143,30.99125,37.76666666666667,3.35875,6.724285714285714,22.77,0.708,2.4814285714285718,0.23666666666666666,124.33333333333333,0.75
2015-07-20,30.418333333333333,83.22,8.211428571428572,18.27285714285714,37.68,32.803333333333335,3.2525,6.704285714285715,23.054285714285715,0.542,2.1983333333333333,0.29000000000000004,136.33333333333334,0.75
2015-07-21,33.51833333333333,78.76,6.908571428571428,16.027142857142856,31.812499999999996,31.899999999999995,2.71875,6.248571428571429,19.57,1.482,5.262857142857143,0.77,144.0,0.75
2015-07-22,36.61333333333334,85.89,10.217142857142857,15.247142857142856,32.27125,31.21666666666667,3.35375,8.83,17.981428571428573,1.51,5.698333333333333,0.9,116.66666666666667,0.75
2015-07-23,46.913333333333334,81.25,12.924285714285714,17.61,31.68,28.880000000000006,2.34625,8.647142857142857,20.042857142857144,4.152857142857143,2.511428571428571,0.48666666666666664,133.5,0.75
2015-07-24,41.71333333333333,94.49,7.97,15.922857142857143,31.891250000000003,29.55666666666667,2.96875,11.278571428571428,21.032857142857143,3.598333333333334,2.445,0.43333333333333335,147.5,0.75
2015-07-25,37.30833333333333,97.0,6.872857142857143,16.2,30.2725,32.02,1.18625,10.417142857142858,19.915714285714284,3.155,1.8133333333333332,0.26,93.66666666666667,0.75
2015-07-26,37.06,86.01,7.5528571428571425,14.069999999999999,27.28875,30.69333333333333,1.2125,9.185714285714285,17.374285714285712,3.0683333333333334,1.3985714285714284,0.2866666666666667,91.33333333333333,0.75
2015-07-27,30.013333333333332,53.28,8.061428571428571,13.482857142857144,27.3825,27.823333333333334,3.4612499999999997,8.998571428571429,16.655714285714286,2.9566666666666666,1.8357142857142856,0.25666666666666665,113.66666666666667,0.75
2015-07-28,31.323333333333334,51.98,8.727142857142857,15.958571428571428,29.29125,27.873333333333335,3.13125,7.575714285714286,18.167142857142856,2.86,1.5357142857142854,4.48,127.5,0.75
2015-07-29,34.24333333333333,56.7,7.678571428571429,15.221428571428572,29.765,31.27333333333333,1.93125,8.495714285714286,17.88285714285714,3.1757142857142857,1.6685714285714286,0.29500000000000004,116.0,0.75
2015-07-30,32.37,47.91,8.05,14.54857142857143,28.1875,26.99,2.04875,9.044285714285715,15.930000000000001,3.3342857142857136,1.68,0.2525,128.33333333333334,0.75
2015-07-31,37.07,122.18,11.221428571428572,15.001428571428573,30.479999999999997,26.23,2.01875,10.927142857142858,18.09857142857143,3.662857142857143,2.207142857142857,0.2825,122.16666666666667,0.75
2015-08-01,42.53666666666667,126.33,15.101428571428572,17.524285714285714,35.707499999999996,25.426666666666666,3.93875,8.93142857142857,19.574285714285715,2.9514285714285715,2.1875,0.3175,154.83333333333334,0.75
2015-08-02,42.10333333333333,123.24,13.065714285714288,14.820000000000002,35.505,25.819999999999997,6.4087499999999995,10.008571428571429,19.38,2.617142857142857,3.682857142857143,0.32,173.5,0.75
2015-08-03,37.81333333333333,154.28,12.022857142857143,17.732857142857142,33.56,26.84,4.75875,8.935714285714287,19.13714285714286,2.29,2.44625,0.30500000000000005,130.0,0.75
2015-08-04,40.285000000000004,136.88,9.838571428571429,17.087142857142858,33.2575,25.226666666666663,2.875,8.981428571428571,20.012857142857143,3.04125,2.18875,0.20249999999999999,126.83333333333333,0.75
2015-08-05,39.431666666666665,117.08,9.051428571428572,18.67142857142857,35.48375,31.683333333333334,7.7125,9.132857142857144,18.87857142857143,6.31125,6.28875,0.15,137.33333333333334,0.75
2015-08-06,42.57333333333333,126.56,12.762857142857143,21.0,46.018750000000004,37.54333333333333,2.31875,8.188571428571429,19.437142857142856,3.9475000000000002,4.41625,0.27,143.66666666666666,0.75
2015-08-07,43.13333333333333,154.92,9.974285714285713,18.02857142857143,41.49125,35.47666666666667,1.8525,8.862857142857143,19.990000000000002,3.1875,3.75125,0.2875,129.0,0.75
2015-08-08,47.98166666666666,149.92,10.232857142857142,17.607142857142858,40.60125,35.25,4.86375,7.658571428571428,17.58142857142857,3.06125,3.635,0.3075,152.0,0.75
2015-08-09,48.71666666666667,105.17,9.51142857142857,15.044285714285715,33.7675,32.72,2.6925,7.324285714285714,14.969999999999999,4.0600000000000005,32.18125,0.205,154.33333333333334,0.75
2015-08-10,47.39666666666667,140.54,16.951428571428572,18.98857142857143,46.94375,31.616666666666664,1.9024999999999999,7.728571428571429,17.70714285714286,5.2525,22.89875,0.2925,134.66666666666666,0.75
2015-08-11,45.446666666666665,137.74,11.89,18.527142857142856,43.48375,34.18333333333334,5.4625,7.025714285714286,20.737142857142857,4.735714285714287,61.622857142857136,0.2575,158.16666666666666,0.75
2015-08-12,36.05833333333333,87.66,10.684285714285712,17.825714285714287,33.84125,35.669999999999995,5.2924999999999995,8.295714285714286,19.17285714285714,2.5775,32.17714285714286,0.2625,133.5,0.75
2015-08-13,43.919999999999995,116.55,13.877142857142857,18.28142857142857,41.0275,32.5,5.9625,7.797142857142857,23.215714285714284,2.10125,18.63714285714286,0.3025,151.16666666666666,0.75
2015-08-14,44.70333333333334,159.75,10.457142857142857,19.73,45.237500000000004,33.74,6.09125,9.115714285714287,23.27857142857143,1.4742857142857144,13.010000000000002,0.4375,167.66666666666666,0.75
2015-08-15,36.065,91.81,8.790000000000001,18.53857142857143,42.06875,28.98,3.64625,10.607142857142858,20.857142857142858,0.6900000000000001,7.801428571428572,0.1875,138.83333333333334,0.75
2015-08-16,39.56166666666667,93.33,13.674285714285714,20.212857142857143,48.136250000000004,29.75333333333333,2.9499999999999997,9.321428571428571,19.965714285714284,1.28875,5.7457142857142856,0.1875,147.66666666666666,0.75
2015-08-17,39.515,134.2,10.647142857142857,19.201428571428572,45.79875,37.48,3.56375,8.501428571428571,18.865714285714287,0.9828571428571429,5.247142857142857,0.1775,154.33333333333334,0.75
2015-08-18,42.92166666666666,126.2,9.391428571428571,21.141428571428573,38.37125,36.166666666666664,4.5,9.444285714285714,17.952857142857145,1.0985714285714285,5.937142857142857,0.2425,158.5,0.75
2015-08-19,47.221666666666664,124.17,10.995714285714286,17.957142857142856,35.176249999999996,33.56,2.92,13.262857142857143,17.934285714285714,0.6649999999999999,5.787142857142858,0.2125,150.66666666666666,0.75
2015-08-20,51.63333333333333,210.86,13.524285714285712,19.91,29.095,30.97,2.4675000000000002,10.134285714285713,18.445714285714285,1.2025000000000001,2.454285714285714,0.225,178.0,0.75
2015-08-21,78.655,214.05,18.142857142857142,17.388571428571428,31.1375,31.76,4.3774999999999995,10.051428571428572,18.41142857142857,0.625,8.332857142857142,0.2875,193.83333333333334,0.75
2015-08-22,51.51166666666666,149.06,14.134285714285713,18.13714285714286,29.115000000000002,32.18666666666667,3.43375,10.375714285714285,17.354285714285716,0.725,2.432857142857143,0.2775,206.66666666666666,0.75
2015-08-23,38.15833333333333,138.12,13.314285714285715,16.47,27.51375,36.18333333333334,6.12,8.33,18.627142857142854,0.7999999999999999,6.4799999999999995,0.225,149.0,0.75
2015-08-24,42.60333333333333,108.4,15.211428571428572,19.03,30.4275,35.39333333333333,3.0525,8.954285714285714,26.87142857142857,0.7116666666666668,2.48,0.24,135.0,0.75
2015-08-25,45.074999999999996,222.39,12.792857142857143,18.202857142857145,30.775,29.143333333333334,3.3587499999999997,7.9399999999999995,24.037142857142857,0.64,2.1785714285714284,0.235,171.5,0.75
2015-08-26,38.20166666666666,236.94,13.742857142857144,17.502857142857142,27.627499999999998,24.156666666666666,2.995,8.209999999999999,27.277142857142856,0.49333333333333335,2.1983333333333333,0.25,152.16666666666666,0.75
2015-08-27,47.61166666666666,237.68,16.572857142857142,19.407142857142855,29.9825,29.006666666666664,3.3625000000000003,8.05,27.907142857142855,6.138571428571429,2.5214285714285714,0.2525,161.33333333333334,0.75
2015-08-28,54.526666666666664,206.22,12.718571428571428,21.41714285714286,37.13,29.083333333333332,3.2025,8.614285714285716,31.064285714285717,28.368571428571432,3.5042857142857144,0.2525,178.33333333333334,0.75
2015-08-29,41.06666666666667,260.48,14.969999999999999,19.47,36.292500000000004,30.566666666666666,4.1925,8.624285714285714,36.38142857142857,0.6416666666666667,7.802857142857143,0.215,196.83333333333334,0.75
2015-08-30,43.63333333333333,230.76,12.174285714285714,16.982857142857142,30.2225,26.383333333333336,3.1937499999999996,7.684285714285714,36.81142857142857,41.534285714285716,1.7750000000000001,0.1325,165.16666666666666,0.75
2015-08-31,40.56,220.14,11.321428571428571,14.551428571428572,27.40125,26.866666666666664,3.5525,8.971428571428572,32.181428571428576,0.4716666666666667,1.7750000000000001,0.1325,161.66666666666666,0.75
2015-09-01,49.10999999999999,230.34,9.745714285714286,13.928571428571429,23.05875,26.209999999999997,3.46625,7.162857142857143,25.705714285714286,0.5383333333333333,1.8614285714285714,0.752,147.5,0.75
2015-09-02,58.01666666666667,205.62,11.957142857142857,14.19,25.9925,23.10666666666667,3.3662500000000004,8.077142857142858,28.645714285714284,0.6549999999999999,2.0628571428571427,0.8939999999999999,171.33333333333334,0.75
2015-09-03,60.78666666666667,278.36,12.379999999999999,16.704285714285714,28.717499999999998,24.409999999999997,3.1075,7.97,28.93142857142857,0.8716666666666667,2.811428571428572,0.9079999999999998,189.5,0.75
2015-09-04,72.85166666666667,284.54,14.320000000000002,18.03142857142857,31.71125,28.0,3.16375,8.959999999999999,28.082857142857144,1.0366666666666666,4.038571428571428,0.9,199.66666666666666,0.75
2015-09-05,57.968333333333334,201.89,11.301428571428572,17.20714285714286,27.54375,36.31666666666666,3.15625,9.157142857142857,29.48428571428571,0.71,2.3842857142857143,0.8160000000000001,189.33333333333334,0.75
2015-09-06,43.625,116.59,8.918571428571429,16.81142857142857,23.125,24.516666666666666,5.745,8.222857142857142,26.235,0.6833333333333332,5.447142857142857,0.8939999999999999,186.66666666666666,0.75
2015-09-07,39.17333333333333,105.10499999999999,11.792857142857143,18.251428571428573,25.905,26.296666666666667,4.12125,8.57857142857143,26.97,0.91,8.987142857142857,1.48,169.0,0.75
2015-09-08,48.07666666666666,126.225,11.425714285714287,18.602857142857143,27.8475,28.9925,3.0475,9.307142857142859,25.122857142857146,12.219999999999999,2.6028571428571428,0.9540000000000001,169.83333333333334,0.75
2015-09-09,45.81999999999999,117.93,9.687142857142858,23.157142857142855,29.82,27.5825,4.41875,9.142857142857142,22.631428571428568,0.7916666666666666,4.107142857142857,1.8760000000000001,139.8,0.75
2015-09-10,43.815,114.83500000000001,10.942857142857141,20.017142857142858,30.19875,27.6075,2.21875,8.620000000000001,23.445714285714285,0.83,3.31,0.968,146.16666666666666,0.75
2015-09-11,50.870000000000005,116.63000000000001,12.564285714285715,22.222857142857144,33.15375,30.995,2.3575,8.311428571428571,23.18285714285714,0.8133333333333334,3.29,0.86,153.5,0.75
2015-09-12,53.501666666666665,109.94,14.965714285714284,22.231428571428573,33.9275,31.2725,4.55875,7.461428571428572,25.06,0.8766666666666666,5.784285714285715,0.774,160.16666666666666,0.75
2015-09-13,49.54999999999999,104.215,7.215000000000001,18.67833333333333,23.71,29.862499999999997,4.507142857142857,7.905,28.281666666666666,0.758,6.278333333333333,0.725,166.16666666666666,0.75
2015-09-14,56.48833333333334,135.81,16.09,22.17142857142857,33.2275,30.1525,4.32375,8.355714285714287,28.46857142857143,2.1857142857142855,5.7275,0.8240000000000001,182.83333333333334,0.75
2015-09-15,58.44833333333333,123.82,13.09142857142857,21.198571428571427,28.48125,29.357499999999998,1.75875,7.115714285714286,31.337142857142855,2.3057142857142856,4.56,0.8320000000000001,166.0,0.75
2015-09-16,47.12166666666667,114.025,10.847142857142858,19.885714285714283,25.8475,29.28,3.7937499999999997,7.275714285714286,31.965714285714284,0.6133333333333333,5.64625,0.722,142.33333333333334,0.75
2015-09-17,46.245000000000005,139.925,12.315714285714288,22.854285714285716,24.85625,27.9675,1.69375,7.252857142857143,33.05428571428571,0.895,3.3771428571428572,0.82,138.0,0.75
2015-09-18,39.84166666666667,129.11,11.59,19.137142857142855,23.06375,29.326666666666664,1.95125,7.089999999999999,31.868571428571425,0.9966666666666666,3.9975,0.72,128.5,0.75
2015-09-19,51.13666666666666,125.24,13.544285714285715,18.954285714285714,25.94625,32.223333333333336,2.74375,7.291428571428571,31.381428571428568,0.7433333333333333,4.025714285714286,0.618,140.16666666666666,0.75
2015-09-20,55.763999999999996,141.89,12.562000000000001,22.017999999999997,27.395,28.616666666666664,1.2983333333333333,6.3839999999999995,29.124000000000002,0.995,3.428,0.84,181.4,0.75
2015-09-21,38.684999999999995,109.7,14.787142857142856,20.13,27.85625,29.386666666666667,2.55875,7.118571428571428,20.91142857142857,0.8083333333333332,3.1385714285714283,0.892,149.6,0.75
2015-09-22,46.574999999999996,70.38,13.354285714285714,17.93,26.775,27.7,2.25875,6.0042857142857144,19.587142857142858,0.9733333333333333,2.8714285714285714,0.82,129.0,0.75
2015-09-23,51.67166666666666,101.42,10.241428571428571,17.512857142857143,25.53875,27.19,2.25375,5.47,18.55857142857143,0.7366666666666667,2.8099999999999996,0.8400000000000001,146.5,0.75
2015-09-24,45.475,187.9,12.811428571428573,17.557142857142857,27.75375,25.570000000000004,2.18625,6.848571428571428,21.805714285714284,0.9328571428571429,4.6987499999999995,0.812,142.83333333333334,0.75
2015-09-25,49.88833333333333,222.71,14.345714285714283,19.34857142857143,33.011250000000004,25.706666666666667,2.28375,6.215714285714286,28.122857142857146,1.072857142857143,3.4675,0.8860000000000001,166.33333333333334,0.75
2015-09-26,57.85666666666666,254.8,21.807142857142857,17.582857142857144,38.568749999999994,25.016666666666666,2.27375,6.0371428571428565,26.554285714285715,1.7442857142857144,4.1125,0.9380000000000001,186.33333333333334,0.75
2015-09-27,53.64666666666667,252.06,17.427142857142858,17.720000000000002,34.7525,33.623333333333335,2.3575,6.8757142857142854,31.39428571428572,1.4242857142857144,4.11625,0.916,195.33333333333334,0.75
2015-09-28,49.41,190.18,17.204285714285714,21.325714285714287,36.3325,41.87666666666667,3.1199999999999997,7.878571428571428,30.388571428571428,1.3533333333333333,9.4475,0.962,179.33333333333334,0.75
2015-09-29,47.4,172.35,15.664285714285715,23.81714285714286,38.17125,30.353333333333335,2.6475,6.82,28.178571428571427,1.0033333333333334,4.3757142857142854,0.9940000000000001,192.83333333333334,0.75
2015-09-30,68.96166666666666,155.26,11.27,23.634285714285713,37.8975,25.673333333333332,2.71375,7.288571428571429,28.15,0.84,3.7514285714285713,0.9279999999999999,192.0,0.75
2015-10-01,72.11714285714285,148.735,17.035714285714285,27.397142857142857,44.4025,25.7575,5.56875,7.181428571428571,27.345714285714283,1.09,4.3185714285714285,1.284,255.66666666666666,0.75
2015-10-02,59.93857142857143,148.28,17.464285714285715,26.454285714285714,38.85125,24.215,6.71,9.162857142857144,29.683333333333337,4.463333333333333,10.414285714285715,4.066000000000001,252.66666666666666,0.75
2015-10-03,66.3157142857143,178.145,14.545714285714284,24.538571428571426,31.645,21.755,2.5575,9.642857142857142,23.657142857142862,2.6914285714285713,7.7457142857142856,1.492,195.14285714285714,0.75
2015-10-04,74.14428571428572,197.555,21.565714285714286,24.995714285714286,38.4775,24.169999999999998,2.12125,7.255714285714285,24.75142857142857,2.36,14.80875,1.6,175.57142857142858,0.75
2015-10-05,84.16285714285716,214.97,26.025714285714287,27.68,45.89125,28.12,3.60125,11.794285714285715,27.405714285714286,3.0785714285714287,10.425,1.986,188.28571428571428,0.75
2015-10-06,83.25571428571428,232.19,23.935714285714287,24.10571428571429,44.54625,24.3275,4.5725,9.74,28.582857142857144,3.1333333333333333,9.387142857142857,2.2359999999999998,257.14285714285717,0.75
2015-10-07,85.79142857142857,207.84,17.851428571428574,23.447142857142858,43.7275,22.935,3.875,11.950000000000001,30.338571428571424,3.8716666666666666,7.901428571428572,2.048,224.0,0.75
2015-10-08,83.32714285714285,200.875,22.32,25.990000000000002,46.15875,22.8275,5.5025,10.907142857142857,31.12714285714286,6.261428571428572,11.1,2.1759999999999997,252.14285714285714,0.75
2015-10-09,92.56857142857143,188.87,22.41857142857143,26.931428571428572,39.82,21.36,5.26875,11.655714285714286,32.287142857142854,3.9333333333333336,11.272857142857143,1.864,274.57142857142856,0.75
2015-10-10,71.69333333333333,184.705,23.395,24.31833333333333,31.99142857142857,22.19,2.7014285714285715,20.25,31.156666666666666,3.9233333333333333,8.405714285714286,1.4025,212.16666666666666,0.75
2015-10-11,53.821666666666665,154.64000000000001,21.11,20.018333333333334,32.51857142857143,23.8925,4.274285714285715,10.138333333333334,29.258333333333336,1.734,5.542857142857144,0.8924999999999998,184.33333333333334,0.75
2015-10-12,71.23666666666666,163.325,18.075,23.206666666666667,36.62428571428571,24.2325,2.8528571428571428,11.816666666666665,31.944999999999997,2.53,7.2371428571428575,1.785,195.0,0.75
2015-10-13,85.63833333333334,149.17000000000002,16.978333333333335,25.588333333333335,35.667142857142856,26.835,4.1899999999999995,10.285,34.175000000000004,3.735,13.959999999999999,4.0525,224.5,0.75
2015-10-14,81.115,130.435,14.403333333333334,26.76,36.28857142857142,25.315,3.847142857142857,8.833333333333334,35.56666666666667,2.694,10.961428571428572,2.335,222.33333333333334,0.75
2015-10-15,93.95,152.335,23.30857142857143,32.41285714285714,55.00125,27.2325,4.135,9.79857142857143,33.21857142857143,3.4616666666666664,12.924285714285714,2.586,261.1666666666667,0.75
2015-10-16,92.43571428571428,208.85500000000002,27.548571428571428,30.67285714285714,53.86625,27.4075,3.4074999999999998,10.247142857142858,33.964285714285715,2.9466666666666668,9.81125,1.7650000000000001,231.71428571428572,0.75
2015-10-17,96.61,125.05499999999999,21.717142857142854,19.892857142857142,41.7475,16.4175,4.255,8.172857142857143,40.145714285714284,5.072,17.485,2.19,290.2857142857143,0.75
2015-10-18,109.75428571428571,185.15499999999997,37.93571428571429,23.03142857142857,56.17875,23.575,7.8125,10.674285714285714,46.75428571428571,7.656000000000001,22.251666666666665,3.932,321.7142857142857,0.75
2015-10-19,104.28571428571429,207.575,24.802857142857142,25.05,46.677499999999995,22.475,3.2525,11.01142857142857,40.11857142857143,3.8800000000000003,10.328571428571427,1.9400000000000002,234.83333333333334,0.75
2015-10-20,124.48571428571428,226.305,24.81714285714286,26.464285714285715,53.786249999999995,20.695,4.28875,19.554285714285715,35.651428571428575,2.306,9.955,0.768,284.3333333333333,0.75
2015-10-21,100.47714285714287,189.195,14.905714285714286,21.47,43.261250000000004,23.179999999999996,3.6325,12.081428571428571,41.49142857142857,4.0200000000000005,7.3500000000000005,2.034,245.5,0.75
2015-10-22,95.2942857142857,164.745,14.472857142857142,19.615714285714287,36.9125,35.63,1.82625,10.799999999999999,34.29571428571428,2.3600000000000003,5.191666666666666,1.056,210.71428571428572,0.75
2015-10-23,95.56857142857143,198.475,21.398571428571426,28.247142857142855,44.0125,35.394999999999996,2.52375,13.122857142857143,38.18857142857143,2.694,5.993333333333333,1.3800000000000001,249.14285714285714,0.75
2015-10-24,109.66285714285713,223.34,29.76,32.48571428571428,51.722500000000004,36.415,5.7175,10.057142857142859,38.17142857142857,3.872,8.726666666666667,1.668,291.7142857142857,0.75
2015-10-25,121.00285714285714,192.35000000000002,30.305714285714284,28.344285714285714,54.397499999999994,35.6175,6.541428571428571,11.971428571428573,43.48571428571428,2.7079999999999997,8.216,2.7199999999999998,310.3333333333333,0.75
2015-10-26,116.27571428571427,157.77,38.18714285714286,30.085714285714285,60.74625,36.105000000000004,19.29,9.904285714285715,46.99857142857143,1.528,4.263333333333334,8.122,326.0,0.75
2015-10-27,110.81857142857143,187.57999999999998,25.445714285714285,28.607142857142858,46.335,40.5475,6.74375,10.478571428571428,41.0,6.734,18.035,3.178,253.83333333333334,0.75
2015-10-28,104.34285714285714,176.1,28.28142857142857,23.458571428571428,49.30375,34.3275,1.74375,12.671428571428573,39.24142857142857,2.586,7.075,1.188,244.57142857142858,0.75
2015-10-29,96.36428571428571,123.73,13.595714285714285,22.64428571428571,43.12625,37.055,2.205,12.125714285714285,38.55571428571428,1.886,4.993333333333333,0.782,192.42857142857142,0.75
2015-10-30,136.12428571428572,119.775,14.129999999999999,18.292857142857144,35.44625,32.3675,2.58,9.594285714285714,35.002857142857145,1.496,4.265,0.808,216.57142857142858,0.75
2015-10-31,126.78142857142858,189.22,18.835714285714285,20.127142857142854,35.9275,41.112500000000004,1.66,9.404285714285715,35.54571428571428,1.05,4.533333333333333,0.9119999999999999,267.42857142857144,0.75
2015-11-01,121.51166666666666,236.855,35.81666666666667,23.09,53.56571428571429,36.5575,1.5857142857142856,9.951666666666666,38.306666666666665,6.788333333333334,9.74,1.5675,243.5,0.75
2015-11-02,108.11142857142856,227.36,36.51428571428571,29.560000000000002,59.1625,33.5225,10.665000000000001,11.332857142857142,51.365714285714276,16.58,25.45,8.506,217.16666666666666,0.75
2015-11-03,114.67,241.70000000000002,27.37,30.48142857142857,56.47875,39.3725,5.251250000000001,12.442857142857141,52.778571428571425,7.322,18.19,3.4475,272.0,0.75
2015-11-04,137.68571428571428,246.025,33.808571428571426,31.21142857142857,60.04625,39.12,9.081249999999999,13.325714285714286,44.52166666666667,10.674,26.635,4.1,235.0,0.75
2015-11-05,115.47571428571428,162.735,22.357142857142858,27.624285714285715,50.02,46.91,4.98875,14.528571428571428,35.031666666666666,5.5200000000000005,13.469999999999999,2.5140000000000002,274.14285714285717,0.75
2015-11-06,116.27428571428572,183.93,27.810000000000002,30.852857142857143,60.738749999999996,36.1525,7.35,13.382857142857144,31.35571428571429,3.815714285714286,14.120000000000001,3.0840000000000005,247.28571428571428,0.75
2015-11-07,161.19285714285712,224.29333333333332,26.90857142857143,32.72428571428571,59.04875,62.49,2.57875,12.04857142857143,40.60285714285714,5.763333333333333,16.718333333333334,2.864,278.57142857142856,0.75
2015-11-08,123.61,228.995,19.102857142857147,30.220000000000002,52.004999999999995,53.254999999999995,2.414285714285714,12.287142857142857,46.02428571428572,2.908333333333333,7.544999999999999,1.452,271.2857142857143,0.75
2015-11-09,106.755,241.265,34.038333333333334,30.65166666666667,63.949999999999996,74.035,1.5533333333333335,11.476666666666667,48.71666666666667,2.0,6.659999999999999,0.8574999999999999,214.66666666666666,0.75
2015-11-10,145.25666666666666,203.68999999999997,30.765,30.745,63.16857142857142,35.03,1.4285714285714286,12.018333333333333,55.73166666666666,2.3280000000000003,6.776000000000001,1.3074999999999999,230.83333333333334,0.75
2015-11-11,159.705,262.01,14.431666666666667,23.871666666666666,44.78857142857144,67.27,1.1214285714285714,10.635,46.36666666666667,1.636,3.5660000000000003,0.18,265.3333333333333,0.75
2015-11-12,168.97166666666666,252.245,17.283333333333335,24.441666666666666,45.54,69.585,1.2085714285714286,11.745,41.205000000000005,1.2760000000000002,3.518,0.3325,299.8333333333333,0.75
2015-11-13,163.09333333333333,244.87333333333333,16.881666666666668,27.14333333333333,47.269999999999996,66.54249999999999,1.31,9.729999999999999,50.928333333333335,1.754,5.258,0.4975,272.3333333333333,0.75
2015-11-14,167.70000000000002,211.19000000000003,17.236666666666668,28.096666666666664,48.424285714285716,72.515,1.6914285714285715,9.361666666666666,49.49166666666667,1.594,6.106,0.7649999999999999,284.0,0.75
2015-11-15,155.38833333333335,167.56333333333333,22.971666666666664,30.036666666666665,52.76142857142857,58.63999999999999,1.2128571428571429,8.721666666666666,49.94166666666667,1.8820000000000001,7.1659999999999995,0.48250000000000004,267.0,0.75
2015-11-16,139.76333333333332,146.21,28.191666666666666,28.611666666666668,56.41285714285714,63.98666666666667,1.5971428571428572,9.708333333333334,48.35833333333333,1.7100000000000002,6.0280000000000005,0.41,253.33333333333334,0.75
2015-11-17,132.10399999999998,131.9466666666667,21.875,23.031666666666666,48.08857142857143,65.59666666666666,1.6614285714285713,7.788333333333334,45.348,1.04,4.0575,0.505,255.5,0.75
2015-11-18,124.40166666666666,158.86666666666667,25.09166666666667,25.796666666666667,57.645714285714284,55.472500000000004,1.4428571428571428,9.358333333333333,48.43599999999999,1.6275000000000002,4.668,0.7075,241.33333333333334,0.75
2015-11-19,131.52666666666667,179.77333333333334,36.76,29.146666666666672,67.99142857142856,41.865,1.8914285714285715,9.520000000000001,39.776666666666664,2.026,6.069999999999999,1.13,243.33333333333334,0.75
2015-11-20,154.29333333333332,191.9333333333333,45.785,29.169999999999998,66.32428571428571,25.072499999999998,2.287142857142857,10.221666666666666,40.865,2.32,8.745999999999999,1.63,258.0,0.75
2015-11-21,160.99666666666667,199.53333333333333,49.468333333333334,30.045,76.33571428571429,25.8975,1.7757142857142856,9.363333333333333,52.54600000000001,4.247999999999999,16.523333333333333,1.4925,259.6666666666667,0.75
2015-11-22,181.67999999999998,190.51,60.115,28.543333333333333,90.34857142857143,55.64249999999999,1.9614285714285715,8.071666666666667,51.774,3.95,11.645000000000001,1.3424999999999998,279.3333333333333,0.75
2015-11-23,152.5,185.01333333333335,51.21666666666666,31.543333333333333,74.31428571428572,62.8025,1.912857142857143,8.610000000000001,46.955000000000005,2.408,7.596000000000001,1.5150000000000001,254.5,0.75
2015-11-24,153.54833333333332,184.33333333333334,46.028333333333336,30.191666666666663,71.68142857142857,46.43,2.3685714285714283,7.631666666666667,40.276666666666664,2.372,7.434,2.05,260.3333333333333,0.75
2015-11-25,135.615,153.83333333333334,24.376666666666665,26.78833333333333,56.31285714285714,51.97,1.9114285714285715,8.508333333333333,36.711666666666666,1.318,4.216,0.6925,264.1666666666667,0.75
2015-11-26,140.39,156.64333333333332,37.961666666666666,30.005,75.23857142857142,43.345,3.6914285714285713,8.993333333333334,39.934999999999995,1.6540000000000004,5.196,0.755,264.8333333333333,0.75
2015-11-27,153.1783333333333,190.56999999999996,31.837142857142858,27.731428571428573,57.8375,57.5425,1.7725,9.005714285714285,35.68285714285714,1.5579999999999998,4.834,0.5225,262.6666666666667,0.6666666666666666
2015-11-28,145.02666666666667,173.1766666666667,21.07,29.344285714285714,44.44,60.8225,1.675,6.927142857142856,37.16428571428572,1.1540000000000001,3.316,0.3625,273.3333333333333,0.6666666666666666
2015-11-29,110.36166666666668,175.96333333333334,24.40857142857143,21.944285714285716,48.7175,57.355,3.02,7.174285714285714,38.48571428571428,1.158,3.4899999999999998,0.32499999999999996,242.5,0.6666666666666666
2015-11-30,140.54333333333332,193.10666666666665,34.75857142857143,25.608571428571427,53.35625,69.10249999999999,2.0012499999999998,8.802857142857142,40.81142857142857,1.794,5.896,0.97,241.83333333333334,0.6666666666666666
2015-12-01,121.015,176.6833333333333,31.774285714285718,33.92857142857143,50.26875,51.79,1.7737500000000002,7.062857142857142,34.38142857142857,1.378,4.224,0.9349999999999998,250.5,0.6666666666666666
2015-12-02,82.66666666666667,171.4333333333333,21.75142857142857,34.839999999999996,45.78125,49.39,1.5125,8.361428571428572,28.997142857142858,1.348,4.130000000000001,0.48333333333333334,223.83333333333334,0.6666666666666666
2015-12-03,110.92,194.5666666666667,19.521428571428572,32.21714285714285,43.9825,33.336666666666666,1.21,7.115714285714285,32.39,1.4460000000000002,4.056,0.37333333333333335,201.83333333333334,0.6666666666666666
2015-12-04,149.592,186.00333333333333,30.316666666666666,35.483333333333334,56.68857142857143,35.17,2.2414285714285715,10.276666666666666,37.86166666666667,1.416,5.2700000000000005,0.87,239.5,0.6666666666666666
2015-12-05,193.86,210.60666666666665,49.37166666666667,42.78333333333333,75.74857142857142,43.64666666666667,1.9942857142857142,11.221666666666666,42.26,2.1919999999999997,7.426,0.8333333333333334,305.2,0.6666666666666666
2015-12-06,170.958,439.01,45.974000000000004,47.004000000000005,75.55499999999999,58.67999999999999,1.952,11.48,49.824,1.7419999999999998,5.976000000000001,0.31666666666666665,289.4,0.6666666666666666
2015-12-07,179.3166666666667,204.13333333333333,30.548571428571428,37.075714285714284,52.805,55.345,2.11625,9.294285714285715,35.175714285714285,1.3639999999999999,4.4479999999999995,0.7600000000000001,303.2,0.6666666666666666
2015-12-08,186.08166666666668,221.99666666666667,35.67285714285714,38.37,59.77875,71.46249999999999,1.64,8.417142857142858,42.95428571428572,7.709999999999998,16.773333333333333,0.5299999999999999,289.3333333333333,0.6666666666666666
2015-12-09,159.08666666666667,198.05666666666664,35.105714285714285,30.945714285714285,53.31,74.64,1.7575,9.12,39.57285714285714,4.476666666666667,13.003333333333336,0.5766666666666667,276.5,0.6666666666666666
2015-12-10,145.375,187.41,29.747142857142858,30.117142857142856,52.072500000000005,103.62499999999999,1.55125,7.404285714285714,37.08142857142857,1.1483333333333332,3.3550000000000004,0.5066666666666667,254.66666666666666,0.6666666666666666
2015-12-11,123.02,184.71333333333334,25.388571428571428,30.569999999999997,52.693749999999994,60.629999999999995,1.5525,8.23,35.50714285714285,1.0983333333333334,2.9416666666666664,0.37000000000000005,239.5,0.6666666666666666
2015-12-12,162.77,182.11333333333334,24.392857142857142,30.87142857142857,50.072500000000005,41.9025,1.3775,6.627142857142857,33.972857142857144,4.298333333333334,10.950000000000001,0.65,253.66666666666666,0.6666666666666666
2015-12-13,143.60833333333332,165.20666666666668,27.766666666666666,30.575,57.29571428571428,48.887499999999996,1.2899999999999998,7.433333333333334,39.07,2.405,6.723333333333333,0.52,254.66666666666666,0.6666666666666666
2015-12-14,122.26166666666666,177.47333333333333,23.371428571428574,24.812857142857144,47.7375,45.980000000000004,1.3062500000000001,7.135714285714285,33.52285714285714,2.0166666666666666,5.718333333333333,0.43,237.0,0.6666666666666666
2015-12-15,102.62166666666667,99.45,19.472857142857144,21.397142857142857,38.68375,40.7925,1.19875,6.581428571428572,26.812857142857144,1.7133333333333332,6.205000000000001,0.47666666666666674,198.0,0.6666666666666666
2015-12-16,120.27499999999999,71.0,28.39428571428571,22.56857142857143,46.18875,41.035,1.57375,7.007142857142858,25.677142857142858,3.426666666666667,10.116666666666665,0.6,220.16666666666666,0.6666666666666666
2015-12-17,128.53,71.83,30.87166666666667,23.28333333333333,54.15571428571428,40.3475,1.7357142857142858,8.313333333333333,28.781666666666666,3.6616666666666666,10.084999999999999,0.6433333333333333,230.5,0.6666666666666666
2015-12-18,121.52666666666666,80.86,27.834999999999997,26.276666666666667,51.28857142857142,51.8825,1.4814285714285715,8.086666666666668,24.94333333333333,2.186666666666667,6.878333333333334,0.7666666666666666,242.16666666666666,0.6666666666666666
2015-12-19,114.425,91.14,30.086666666666662,24.961666666666662,48.902857142857144,57.415000000000006,1.7385714285714287,6.696666666666666,27.11,1.0399999999999998,3.9216666666666664,0.9133333333333334,212.0,0.6666666666666666
2015-12-20,198.79166666666666,82.00999999999999,59.18333333333334,39.26333333333333,80.92714285714285,93.13,5.222857142857143,7.353333333333333,27.028333333333332,1.5266666666666666,5.548333333333333,1.0566666666666666,250.66666666666666,0.6666666666666666
2015-12-21,131.36333333333334,77.515,30.74142857142857,33.36142857142857,51.1275,91.2625,5.24625,8.327142857142857,27.148571428571426,1.0033333333333332,3.5433333333333334,0.5566666666666666,232.66666666666666,0.6666666666666666
2015-12-22,154.88,186.85666666666665,43.14714285714285,43.23857142857143,63.705,140.1525,3.08875,9.01142857142857,31.658571428571427,1.8033333333333335,5.906666666666666,0.63,251.16666666666666,0.6666666666666666
2015-12-23,169.8033333333333,249.33666666666667,40.174285714285716,37.55285714285714,66.03375,89.3225,1.6724999999999999,9.812857142857142,43.80285714285714,2.0783333333333336,6.010000000000001,0.69,274.0,0.6666666666666666
2015-12-24,129.23833333333332,225.42,23.442857142857143,30.454285714285714,47.80625,89.315,4.987500000000001,6.4871428571428575,28.282857142857143,1.145,2.8983333333333334,0.4466666666666666,240.5,0.6666666666666666
2015-12-25,118.29833333333333,156.70000000000002,18.054285714285715,31.054285714285715,42.7525,88.52,3.44375,7.781428571428571,40.94714285714286,1.1233333333333333,2.888333333333333,0.48666666666666664,232.33333333333334,0.6666666666666666
2015-12-26,121.58833333333332,165.21666666666667,21.01571428571429,31.368571428571425,42.69625,93.695,2.7662500000000003,9.040000000000001,46.57714285714286,1.215,3.1999999999999997,1.0566666666666666,229.0,0.6666666666666666
2015-12-27,149.03833333333333,183.11,23.407142857142855,31.9,48.245,80.72749999999999,2.60625,8.389999999999999,47.457142857142856,1.2733333333333332,3.063333333333333,0.8300000000000001,258.0,0.6666666666666666
2015-12-28,147.55666666666664,172.15666666666667,19.06142857142857,34.18714285714286,46.0325,107.64750000000001,3.1774999999999998,8.275714285714285,45.205714285714286,1.1616666666666666,3.06,0.86,271.1666666666667,0.6666666666666666
2015-12-29,147.76666666666668,165.53666666666666,20.801428571428573,35.15,49.66,73.16,2.07375,8.5,38.348571428571425,1.3999999999999997,4.371666666666667,1.0733333333333333,280.8333333333333,0.6666666666666666
2015-12-30,180.71,189.29333333333332,50.730000000000004,39.26285714285715,79.56,57.122499999999995,2.0700000000000003,9.978571428571428,40.98857142857143,1.7966666666666666,5.6499999999999995,1.74,269.8333333333333,0.6666666666666666
2015-12-31,207.98833333333334,187.19333333333336,52.99857142857143,36.27571428571429,71.36,79.045,2.27,10.052857142857144,41.43571428571429,1.76,5.696666666666666,1.1425,303.6666666666667,0.6666666666666666
2016-01-01,234.66166666666666,226.45666666666668,43.29,37.68142857142857,61.6275,97.2,2.02,11.292857142857143,46.970000000000006,1.6033333333333333,5.048333333333334,1.1875,345.0,0.6666666666666666
2016-01-02,174.64000000000001,200.31000000000003,35.72714285714286,34.94428571428572,56.3975,56.14,1.48625,16.39,38.641666666666666,1.6849999999999998,4.943333333333333,0.8733333333333334,309.1666666666667,0.6666666666666666
2016-01-03,163.08166666666668,229.77,32.61,37.99,53.455714285714286,47.505,1.7328571428571427,7.989999999999999,48.848,1.765,4.101666666666667,1.11,270.3333333333333,0.6666666666666666
2016-01-04,180.6833333333333,266.7033333333333,44.41285714285714,43.69714285714286,60.95625,49.1625,1.7112500000000002,9.612857142857141,45.707142857142856,1.9866666666666666,5.433333333333334,1.24,275.0,0.6666666666666666
2016-01-05,173.86666666666667,251.21666666666667,53.19,48.153333333333336,64.98857142857143,66.455,2.06,11.135,51.403333333333336,1.8183333333333334,5.803333333333334,0.9166666666666666,299.1666666666667,0.6666666666666666
2016-01-06,195.96166666666667,240.47333333333333,60.24,44.455000000000005,71.75142857142858,73.2,2.2671428571428573,10.915000000000001,57.843333333333334,1.84,5.8183333333333325,1.2133333333333334,311.5,0.6666666666666666
2016-01-07,169.85666666666668,254.71333333333334,50.55714285714286,33.98714285714286,60.92,106.9525,1.85625,12.43142857142857,52.87428571428571,6.441666666666666,9.745000000000001,0.75,309.0,0.6666666666666666
2016-01-08,160.5,234.70000000000002,32.53857142857143,31.868571428571425,47.3825,106.9625,1.2062499999999998,8.73,42.36571428571428,1.9733333333333334,5.071666666666666,0.7733333333333334,286.1666666666667,0.6666666666666666
2016-01-09,119.66000000000001,169.17333333333332,26.437142857142856,31.968571428571433,43.177499999999995,66.33749999999999,1.332857142857143,9.037142857142857,33.62571428571429,9.118333333333334,10.486666666666666,0.5933333333333334,274.3333333333333,0.6666666666666666
2016-01-10,111.71,170.04333333333332,33.895,34.48,47.955714285714286,67.97,1.3071428571428572,10.475,49.39000000000001,8.863333333333335,10.723333333333334,0.61,238.33333333333334,0.6666666666666666
2016-01-11,139.725,190.63,42.449999999999996,30.75857142857143,58.2975,52.61,1.7,9.795714285714284,44.15,1.68,4.971666666666667,0.7000000000000001,250.16666666666666,0.6666666666666666
2016-01-12,165.98333333333335,242.34,38.910000000000004,30.541428571428572,50.776250000000005,95.71,1.79875,8.964285714285714,40.699999999999996,1.4633333333333332,4.920000000000001,1.2533333333333332,282.8333333333333,0.6666666666666666
2016-01-13,182.01166666666666,219.82333333333335,32.215,35.39666666666667,51.47285714285714,79.72749999999999,1.8957142857142857,14.204999999999998,42.23500000000001,1.392,4.11,1.08,291.1666666666667,0.6666666666666666
2016-01-14,179.40166666666664,203.20666666666668,29.184285714285718,31.642857142857142,45.29375,66.845,1.51375,9.804285714285713,40.20857142857143,3.278333333333333,4.696666666666666,0.8333333333333334,316.5,0.6666666666666666
2016-01-15,133.23166666666665,175.04333333333332,20.442857142857147,25.874285714285715,34.8475,38.156666666666666,1.26,9.437142857142858,37.651428571428575,0.924,1.9200000000000004,0.49333333333333335,274.6666666666667,0.6666666666666666
2016-01-16,115.67666666666666,183.01666666666665,16.56714285714286,29.692857142857143,35.378750000000004,53.565000000000005,1.9187500000000002,7.228571428571429,37.82571428571429,0.8760000000000001,1.706,0.25,243.5,0.6666666666666666
2016-01-17,119.56833333333333,172.67,23.922857142857143,36.28857142857142,44.95625,60.690000000000005,1.22625,7.971428571428571,38.357142857142854,0.808,1.8780000000000001,0.35000000000000003,255.83333333333334,0.6666666666666666
2016-01-18,145.28166666666667,222.25333333333333,35.07857142857143,33.931428571428576,49.065,55.36,1.38625,10.401428571428571,42.11714285714286,1.405,2.73,0.24666666666666667,276.8333333333333,0.6666666666666666
2016-01-19,157.57833333333335,208.20000000000002,19.341666666666665,33.43833333333333,40.18571428571429,50.77,1.4628571428571429,9.761666666666667,37.13,1.014,2.516,0.4266666666666667,268.1666666666667,0.6666666666666666
2016-01-20,134.87166666666667,213.36333333333334,19.586666666666666,27.923333333333332,37.39857142857142,31.07,1.6085714285714285,10.421666666666667,34.87833333333334,8.036666666666667,9.15857142857143,0.33666666666666667,279.1666666666667,0.6666666666666666
2016-01-21,117.06,165.09,18.669999999999998,22.358571428571427,32.56875,70.13,1.5375,8.901428571428571,32.44428571428572,6.124285714285714,6.51,0.20333333333333337,252.16666666666666,0.6666666666666666
2016-01-22,143.77857142857144,224.26333333333332,23.215714285714284,26.66857142857143,39.53125,65.03,1.8375,10.142857142857142,41.278571428571425,3.275,4.535,0.18000000000000002,250.16666666666666,0.6666666666666666
2016-01-23,154.62857142857143,237.01666666666665,22.505714285714284,25.77857142857143,39.96125,65.7525,1.06125,9.078571428571427,41.27285714285715,6.2057142857142855,8.528571428571428,0.21999999999999997,259.0,0.6666666666666666
2016-01-24,160.11285714285714,214.62333333333333,19.095714285714287,25.391428571428573,36.76625,29.1225,1.56125,7.362857142857143,41.972857142857144,7.571428571428571,7.53,0.4566666666666667,286.2857142857143,0.6666666666666666
2016-01-25,148.77714285714288,195.77666666666667,24.699999999999996,28.17285714285714,41.65875,44.402499999999996,1.5587499999999999,9.631428571428572,37.98857142857143,5.4957142857142856,7.757142857142857,0.48666666666666664,271.3333333333333,0.6666666666666666
2016-01-26,180.12833333333333,224.22333333333336,26.23428571428571,29.24857142857143,43.69625,33.5375,1.20125,8.94,44.66142857142857,3.3339999999999996,4.7379999999999995,0.615,277.2857142857143,0.6666666666666666
2016-01-27,145.42,198.32000000000002,26.180000000000003,33.545,43.371428571428574,65.7275,1.2557142857142856,8.945,47.076666666666675,3.6633333333333336,11.236666666666666,0.475,270.0,0.6666666666666666
2016-01-28,168.37333333333333,205.67999999999998,32.401666666666664,32.25,48.72571428571428,65.7425,1.3142857142857143,10.018333333333333,42.51833333333333,3.4350000000000005,7.370000000000001,0.265,269.8333333333333,0.6666666666666666
2016-01-29,179.66666666666666,227.64333333333335,40.18,36.873333333333335,45.49714285714286,45.3325,1.5457142857142858,10.976666666666667,50.47666666666666,4.145,9.688333333333334,0.6,297.8333333333333,0.6666666666666666
2016-01-30,181.19333333333336,225.63333333333335,34.5,36.4,53.435714285714276,30.1075,2.2657142857142856,10.281666666666668,45.72833333333333,3.3966666666666665,9.764,0.645,305.1666666666667,0.6666666666666666
2016-01-31,178.76500000000001,203.0,18.011666666666667,27.21666666666667,34.06285714285714,24.935,1.4100000000000001,8.178333333333333,29.929999999999996,2.602,4.262,0.495,304.5,0.6666666666666666
2016-02-01,128.61666666666667,152.04333333333332,18.813333333333333,30.429999999999996,36.86142857142857,20.5975,1.3528571428571428,8.661666666666667,29.41333333333333,2.882,3.9240000000000004,0.495,273.3333333333333,0.6666666666666666
2016-02-02,106.07571428571428,166.23333333333332,19.518571428571427,29.145714285714288,36.06875,17.880000000000003,3.0174999999999996,9.602857142857143,32.32714285714285,3.972,4.91,0.45,247.33333333333334,0.6666666666666666
2016-02-03,96.38428571428571,189.21,13.582857142857142,29.638571428571428,31.5875,16.2975,1.32,8.934285714285714,37.74,15.038333333333334,17.55,0.28,221.14285714285714,0.6666666666666666
2016-02-04,101.0657142857143,172.35666666666665,19.23428571428571,28.115714285714287,35.40375,16.41,1.30625,9.56857142857143,35.20285714285714,3.6183333333333336,6.12,0.2733333333333334,195.28571428571428,0.6666666666666666
2016-02-05,160.10142857142858,204.26,27.867142857142856,33.12428571428571,47.74625,18.057499999999997,1.3050000000000002,9.524285714285714,43.35285714285714,4.026666666666666,7.488333333333333,0.42333333333333334,242.71428571428572,0.6666666666666666
2016-02-06,134.76399999999998,206.70333333333335,29.51,29.47666666666667,32.73857142857143,18.177500000000002,1.337142857142857,10.116666666666665,52.19666666666666,29.533333333333335,35.208333333333336,0.08,253.2,0.6666666666666666
2016-02-07,130.06599999999997,234.18999999999997,10.102,38.471999999999994,29.623333333333335,25.669999999999998,1.2416666666666667,7.76,50.696000000000005,3.5479999999999996,5.654,0.075,243.8,0.6666666666666666
2016-02-08,126.42,149.79333333333332,14.01,26.606666666666666,26.77285714285714,24.953333333333333,0.9871428571428572,9.531666666666668,36.446666666666665,2.326,5.192,0.075,238.2,0.6666666666666666
2016-02-09,138.70666666666668,197.33,19.273333333333337,31.86,34.78857142857142,32.21,1.2225,7.532857142857144,39.315714285714286,26.37857142857143,29.55,0.4466666666666666,244.2,0.6666666666666666
2016-02-10,143.80166666666665,232.40333333333334,26.59,29.645714285714288,38.26375,19.925,1.21,10.365714285714287,50.519999999999996,29.167142857142856,36.64714285714286,0.2733333333333334,274.0,0.6666666666666666
2016-02-11,141.52333333333334,190.09,25.112857142857145,28.554285714285715,36.59625,17.23,1.7762499999999999,11.015714285714285,44.458571428571425,2.9033333333333338,8.51,0.48666666666666664,272.5,0.6666666666666666
2016-02-12,121.085,185.76999999999998,17.90285714285714,30.767142857142858,33.17,17.61,2.07625,9.904285714285715,49.7,2.6,5.515,0.3233333333333333,252.83333333333334,0.6666666666666666
2016-02-13,117.89,159.40333333333334,21.48857142857143,28.474285714285713,36.136250000000004,16.759999999999998,1.43125,7.314285714285715,43.01285714285715,1.835,3.9583333333333335,0.7666666666666666,244.33333333333334,0.6666666666666666
2016-02-14,105.56833333333333,130.56333333333333,24.371666666666666,28.421666666666667,39.96142857142858,17.05,1.3499999999999999,9.423333333333334,45.324999999999996,1.6466666666666667,3.8683333333333336,0.8733333333333334,223.83333333333334,0.6666666666666666
2016-02-15,110.31166666666667,139.47,22.80666666666666,28.343333333333334,43.31428571428571,28.72,1.24,8.375,41.12166666666666,2.1385714285714283,4.304285714285714,0.7266666666666667,214.33333333333334,0.6666666666666666
2016-02-16,105.55285714285715,132.30666666666667,31.094285714285718,23.714285714285715,45.724999999999994,19.025,1.2975,8.993333333333334,42.684285714285714,1.8750000000000002,4.0249999999999995,0.5533333333333333,227.0,0.6666666666666666
2016-02-17,101.97000000000001,167.78333333333333,14.166666666666666,27.47666666666667,32.042857142857144,23.44333333333333,1.3214285714285714,11.674999999999999,42.13,1.8916666666666666,4.031666666666667,0.31666666666666665,198.4,0.6666666666666666
2016-02-18,105.60285714285715,154.13,16.494285714285716,25.71,31.095000000000002,48.67333333333334,1.11375,9.274285714285714,43.330000000000005,1.7028571428571428,4.718333333333334,0.16,213.33333333333334,0.6666666666666666
2016-02-19,110.63428571428571,181.63666666666666,17.22714285714286,25.21,30.997500000000002,34.64333333333334,1.05625,8.934285714285714,41.67,2.6950000000000003,5.263333333333333,0.7050000000000001,226.28571428571428,0.6666666666666666
2016-02-20,115.38166666666666,152.07333333333332,23.848333333333333,26.724999999999998,34.38857142857143,39.916666666666664,1.1828571428571428,8.496666666666666,45.15833333333333,2.5416666666666665,6.983333333333333,1.315,214.66666666666666,0.6666666666666666
2016-02-21,156.27666666666667,112.99333333333334,10.528333333333334,26.586666666666662,25.25714285714286,29.450000000000003,1.0914285714285714,5.22,45.49,3.421666666666667,3.5283333333333338,1.55,246.66666666666666,0.6666666666666666
2016-02-22,118.35666666666667,120.21666666666668,9.005,27.375,25.681428571428572,23.576666666666668,1.082857142857143,8.096666666666666,49.72,1.6585714285714286,2.892857142857143,0.8999999999999999,219.66666666666666,0.6666666666666666
2016-02-23,90.56857142857143,148.01000000000002,13.352857142857143,28.742857142857144,25.80875,23.27,1.06125,8.224285714285715,47.61857142857143,1.6057142857142856,2.7671428571428573,0.5399999999999999,178.83333333333334,0.6666666666666666
2016-02-24,119.61857142857141,168.19000000000003,28.047142857142855,39.151428571428575,39.06125,25.02,1.075,12.751428571428571,63.104285714285716,1.7671428571428571,3.891428571428571,0.49333333333333335,238.28571428571428,0.6666666666666666
2016-02-25,107.05571428571429,144.99333333333334,19.885714285714283,31.134285714285713,35.32,24.540000000000003,1.1075,8.621428571428572,52.392857142857146,1.8900000000000001,4.137142857142857,0.5666666666666668,236.85714285714286,0.6666666666666666
2016-02-26,97.66285714285713,145.16,16.10142857142857,26.625714285714285,28.900000000000002,20.563333333333336,1.06125,8.194285714285714,43.854285714285716,1.0699999999999998,3.5671428571428576,0.5299999999999999,221.57142857142858,0.6666666666666666
2016-02-27,101.34714285714286,141.62333333333333,21.922857142857143,29.585714285714285,31.588749999999997,17.57,1.2275,9.267142857142858,37.597142857142856,0.9957142857142857,2.847142857142857,0.5866666666666667,223.57142857142858,0.6666666666666666
2016-02-28,107.52571428571427,156.93666666666667,24.03714285714286,27.948571428571427,31.1475,18.8,1.3775,7.735714285714286,43.93857142857143,1.26,3.0785714285714283,0.7633333333333333,230.42857142857142,0.6666666666666666
2016-02-29,118.56142857142856,164.45666666666668,24.325714285714287,26.055714285714288,35.832499999999996,21.330000000000002,1.28375,6.272857142857142,48.721428571428575,1.4714285714285713,3.932857142857143,0.4666666666666666,239.0,0.6666666666666666
2016-03-01,116.72,180.42,27.87285714285714,28.15857142857143,37.37375,24.97666666666667,1.215,8.295714285714286,51.112857142857145,2.9828571428571427,7.078571428571428,0.71,250.42857142857142,0.6666666666666666
2016-03-02,127.67999999999999,159.36,28.70285714285714,29.66857142857143,40.4525,25.622500000000002,1.21375,9.91,57.567142857142855,1.9914285714285713,5.265714285714286,0.5933333333333334,256.42857142857144,0.6666666666666666
2016-03-03,146.75428571428571,167.21333333333334,30.785714285714285,30.142857142857142,43.269999999999996,29.5625,1.31125,10.281428571428572,50.02142857142858,2.5285714285714285,7.165714285714286,0.6533333333333333,265.85714285714283,0.6666666666666666
2016-03-04,106.75166666666667,146.17,17.27285714285714,26.175714285714285,30.7425,46.745000000000005,1.23,7.101428571428571,48.31285714285714,1.262857142857143,3.5471428571428567,1.0166666666666668,255.14285714285714,0.6666666666666666
2016-03-05,111.24000000000001,122.60333333333334,17.32,23.985,29.93857142857143,50.505,1.1442857142857144,7.191666666666666,49.49666666666667,0.9671428571428572,2.507142857142857,1.0666666666666667,227.66666666666666,0.6666666666666666
2016-03-06,87.78666666666668,92.66333333333334,14.718333333333334,22.436666666666667,25.892857142857142,57.227500000000006,0.9542857142857143,5.425,47.01,1.1285714285714286,2.3114285714285714,0.5733333333333334,206.83333333333334,0.6666666666666666
2016-03-07,78.83142857142856,124.40333333333332,20.784285714285716,32.40857142857143,31.18,57.080000000000005,0.83625,7.814285714285715,45.49857142857143,1.7742857142857142,3.3042857142857143,0.37666666666666665,184.83333333333334,0.6666666666666666
2016-03-08,65.77142857142857,110.89333333333333,12.191428571428572,25.795714285714286,25.72625,21.7575,0.9400000000000001,8.185714285714285,42.66428571428571,1.387142857142857,2.8757142857142854,0.8466666666666667,173.0,0.6666666666666666
2016-03-09,145.81285714285713,133.85,14.08,27.724285714285713,28.95625,20.5525,1.0325,9.751428571428573,43.60285714285715,1.3342857142857143,3.1157142857142857,0.6333333333333333,210.42857142857142,0.6666666666666666
2016-03-10,200.83,166.66,23.07857142857143,34.34571428571429,36.65625,20.697499999999998,1.0425,6.471428571428572,40.72714285714286,1.6814285714285713,4.0685714285714285,1.0533333333333335,257.0,0.6666666666666666
2016-03-11,75.52833333333334,158.29666666666665,12.913333333333334,27.816666666666666,24.15142857142857,19.1125,1.3185714285714287,7.071666666666666,36.593333333333334,1.5971428571428572,3.9185714285714286,0.69,176.6,0.6666666666666666
2016-03-12,67.885,136.75,6.706666666666667,22.618333333333336,16.925714285714285,13.203333333333333,1.0585714285714285,5.89,35.47,1.0814285714285714,2.822857142857143,0.58,164.5,0.6666666666666666
2016-03-13,55.13,121.70499999999998,6.998333333333334,23.863333333333333,21.02,11.459999999999999,0.7642857142857142,4.12,46.42333333333334,0.7442857142857143,1.875714285714286,0.33,129.66666666666666,0.6666666666666666
2016-03-14,62.916666666666664,108.22000000000001,14.018333333333333,29.13166666666667,24.16142857142857,15.0575,1.0014285714285713,7.005,43.821666666666665,0.9942857142857143,2.7142857142857144,0.6533333333333333,133.33333333333334,0.6666666666666666
2016-03-15,76.24166666666666,131.39000000000001,23.011666666666667,21.215,22.29,16.1775,1.2099999999999997,7.71,38.46333333333333,1.2642857142857142,3.59,0.7866666666666667,180.5,0.6666666666666666
2016-03-16,73.47285714285714,126.64666666666666,9.347142857142858,25.709999999999997,20.0375,20.990000000000002,0.905,7.081428571428572,47.597142857142856,1.612857142857143,3.084285714285714,0.33666666666666667,155.16666666666666,0.6666666666666666
2016-03-17,188.20714285714286,122.18333333333334,13.622857142857143,32.65857142857143,27.396250000000002,22.88,1.5425,8.694285714285714,41.12,1.467142857142857,3.4385714285714286,0.35333333333333333,164.66666666666666,0.6666666666666666
2016-03-18,153.7642857142857,142.06,18.493333333333332,33.365,28.435714285714283,38.586666666666666,1.14,10.477142857142857,41.81285714285714,1.0842857142857143,2.7542857142857144,0.6366666666666667,180.5,0.6666666666666666
2016-03-19,85.11833333333334,164.36333333333332,18.02,29.03333333333333,31.578571428571426,63.485,1.4957142857142858,8.331666666666667,38.873333333333335,1.5314285714285714,3.8300000000000005,0.7433333333333333,201.0,0.6666666666666666
2016-03-20,117.066,151.99666666666667,14.290000000000001,22.78,23.073333333333334,66.12,1.1283333333333332,7.473999999999999,53.66,2.0300000000000002,5.805,1.685,206.0,0.6666666666666666
2016-03-21,89.25,133.05,8.245,27.733333333333334,20.131428571428568,62.785000000000004,1.1428571428571428,7.1816666666666675,43.68333333333334,1.6057142857142856,4.687142857142858,2.0166666666666666,203.5,0.6666666666666666
2016-03-22,60.09833333333333,144.29333333333332,8.700000000000001,27.541666666666668,17.65142857142857,61.449999999999996,0.9085714285714286,6.923333333333333,50.35833333333333,1.4485714285714286,5.164285714285714,1.92,150.66666666666666,0.6666666666666666
2016-03-23,80.48833333333333,145.23666666666665,17.76833333333333,29.311666666666667,26.505714285714284,63.667500000000004,1.1085714285714285,9.986666666666666,53.910000000000004,1.3699999999999999,3.7014285714285715,1.5033333333333336,161.5,0.6666666666666666
2016-03-24,98.55333333333333,171.5233333333333,23.87166666666667,35.64,36.13142857142857,72.1925,1.2028571428571428,9.491666666666667,68.92333333333333,1.487142857142857,3.4271428571428575,0.63,196.8,0.6666666666666666
2016-03-25,80.25142857142858,168.02333333333334,13.584285714285715,37.40857142857143,28.525,62.9525,1.0825,9.821666666666667,60.25571428571429,1.6199999999999999,3.8114285714285714,0.64,191.0,0.6666666666666666
2016-03-26,74.65285714285713,131.48333333333332,8.895000000000001,26.415714285714284,19.71375,61.5275,1.36125,8.855714285714287,45.30857142857143,1.25,2.697142857142857,0.59,197.16666666666666,0.6666666666666666
2016-03-27,79.07285714285715,112.66666666666667,6.222857142857143,23.29714285714286,17.36125,62.042500000000004,0.87875,7.607142857142857,51.597142857142856,1.1014285714285714,2.6542857142857144,0.54,184.42857142857142,0.6666666666666666
2016-03-28,85.17857142857143,126.46,9.167142857142858,27.39428571428571,22.05375,59.205,1.0587499999999999,9.637142857142857,48.41285714285714,1.3657142857142859,3.1042857142857145,0.41,182.57142857142858,0.6666666666666666
2016-03-29,74.37285714285714,140.04333333333332,8.182857142857143,26.735714285714288,20.28875,54.0275,1.0350000000000001,12.06142857142857,46.33714285714286,1.432857142857143,3.2357142857142853,0.47333333333333333,151.0,0.6666666666666666
2016-03-30,104.22857142857143,133.77333333333334,10.597142857142858,29.24857142857143,22.21125,52.55250000000001,1.1712500000000001,14.875714285714285,42.339999999999996,1.247142857142857,2.8528571428571428,0.44333333333333336,203.14285714285714,0.6666666666666666
2016-03-31,96.07000000000001,154.79333333333332,24.005714285714284,41.174285714285716,30.51875,49.0625,1.22125,10.612857142857143,42.23285714285714,1.2242857142857144,3.2714285714285714,0.4033333333333333,214.57142857142858,0.6666666666666666
2016-04-01,72.17571428571428,124.97,5.445714285714286,22.97142857142857,15.61,64.64333333333333,0.995,11.03,37.99571428571429,1.33,3.122857142857143,1.55,192.28571428571428,0.6666666666666666
2016-04-02,73.46833333333333,130.05,9.323333333333332,20.721666666666668,18.868571428571432,109.32499999999999,1.2175,9.492857142857144,38.104285714285716,1.6300000000000001,3.424285714285714,0.9,163.33333333333334,0.6666666666666666
2016-04-03,88.065,158.90666666666667,20.58857142857143,30.38571428571429,28.740000000000002,90.60000000000001,1.195,11.474285714285715,43.557142857142864,2.0085714285714285,4.318571428571429,0.5866666666666668,185.5,0.6666666666666666
2016-04-04,82.26,215.66666666666666,17.525714285714287,29.68,26.305,77.3,1.1525,9.604285714285714,34.89714285714286,2.697142857142857,4.542857142857143,0.45,188.0,0.6666666666666666
2016-04-05,78.76,168.63666666666668,9.475714285714286,30.425714285714285,20.12875,54.065,1.0162499999999999,8.035714285714286,33.16428571428572,1.727142857142857,3.2199999999999998,0.5433333333333333,182.83333333333334,0.6666666666666666
2016-04-06,71.81666666666666,190.66666666666666,10.358571428571429,35.93714285714286,24.1325,50.1175,1.1375,10.235714285714286,37.88285714285714,1.5585714285714285,4.375714285714286,0.5933333333333333,181.5,0.6666666666666666
2016-04-07,71.60166666666667,211.73000000000002,14.828571428571427,33.46714285714286,28.2475,45.1975,1.0275,11.338571428571429,39.144285714285715,2.2085714285714286,4.915714285714286,0.4266666666666667,176.33333333333334,0.6666666666666666
2016-04-08,69.83571428571429,198.57666666666668,9.732857142857142,32.32857142857143,24.097499999999997,20.0825,1.055,12.98857142857143,38.57142857142857,1.9728571428571429,4.227142857142858,1.2633333333333334,144.83333333333334,0.6666666666666666
2016-04-09,79.08285714285715,165.15,22.28,41.528571428571425,34.49,20.509999999999998,1.0925,14.444285714285714,42.362857142857145,2.5885714285714285,4.385714285714285,0.59,186.42857142857142,0.6666666666666666
2016-04-10,70.07285714285715,124.85000000000001,10.274285714285714,30.545714285714286,23.84375,32.582499999999996,0.9924999999999999,12.421428571428573,46.03285714285715,1.7214285714285713,3.3728571428571428,0.5033333333333333,171.57142857142858,0.6666666666666666
2016-04-11,70.39428571428572,168.84333333333333,7.558571428571429,27.865714285714287,20.33625,57.5,1.02375,9.392857142857142,50.17285714285714,1.57,2.9228571428571426,0.57,174.57142857142858,0.6666666666666666
2016-04-12,65.06714285714285,155.85666666666665,8.444285714285714,25.791428571428572,19.92125,50.575,1.55,8.6,52.978571428571435,1.4857142857142858,3.5100000000000002,0.37333333333333335,173.14285714285714,0.6666666666666666
2016-04-13,67.13571428571429,168.66,12.711428571428572,29.79,23.012500000000003,60.535000000000004,1.0175,10.254285714285714,52.36571428571428,1.3357142857142856,3.0814285714285714,0.43,169.0,0.6666666666666666
2016-04-14,76.60571428571428,184.71333333333334,12.254285714285714,35.08714285714286,24.4775,62.227500000000006,1.04875,9.914285714285715,61.41142857142857,1.3857142857142857,3.414285714285714,0.71,186.42857142857142,0.6666666666666666
2016-04-15,81.66285714285713,194.64666666666665,29.361428571428572,36.56142857142857,37.4875,67.8475,1.135,10.612857142857143,54.64857142857142,1.9628571428571429,4.914285714285714,0.6866666666666666,197.5,0.6666666666666666
2016-04-16,93.36,134.05,15.697142857142856,27.041428571428572,23.08125,44.6425,1.14625,8.09142857142857,42.42285714285714,1.0685714285714285,2.758571428571429,0.30333333333333334,220.14285714285714,0.6666666666666666
2016-04-17,78.88571428571429,174.86333333333334,12.368571428571428,25.65142857142857,21.708750000000002,33.072500000000005,0.89375,5.9799999999999995,43.55285714285714,1.1442857142857144,2.314285714285714,0.43999999999999995,196.28571428571428,0.6666666666666666
2016-04-18,75.83428571428571,162.0533333333333,14.182857142857143,30.80857142857143,27.19625,49.26,1.0625,9.475714285714286,37.95428571428572,1.6842857142857142,3.192857142857143,0.5633333333333334,180.28571428571428,0.6666666666666666
2016-04-19,77.73857142857142,175.02666666666667,16.752857142857145,36.294285714285714,29.841250000000002,64.8275,1.35375,12.138571428571428,43.15428571428571,2.0585714285714287,4.64,0.5466666666666667,196.28571428571428,0.6666666666666666
2016-04-20,86.60285714285715,179.00333333333333,19.51142857142857,32.83571428571429,32.72375,48.644999999999996,1.11375,9.337142857142856,47.65714285714286,2.3042857142857143,3.7185714285714284,0.5166666666666666,204.0,0.6666666666666666
2016-04-21,71.70142857142856,173.85333333333335,9.482857142857142,26.134285714285713,22.52375,32.6375,0.925,8.672857142857143,55.35428571428571,2.295714285714286,3.4185714285714286,0.5800000000000001,189.0,0.6666666666666666
2016-04-22,75.83857142857143,147.40333333333334,10.661428571428571,24.74285714285714,22.41875,24.075,0.9075,8.718571428571428,55.49,2.2600000000000002,3.3728571428571428,0.7366666666666667,183.28571428571428,0.6666666666666666
2016-04-23,75.36142857142856,124.17333333333333,14.08,25.43,25.43625,42.105000000000004,1.195,9.374285714285715,54.58857142857143,2.845714285714286,3.1714285714285713,0.26333333333333336,184.14285714285714,0.6666666666666666
2016-04-24,82.33833333333332,156.01500000000001,21.308333333333334,31.223333333333333,32.83857142857143,47.126666666666665,1.1957142857142855,12.44,58.785,3.7416666666666667,3.7999999999999994,0.1,204.85714285714286,0.6666666666666666
2016-04-25,70.96428571428571,135.4,15.792857142857143,39.21714285714285,31.84875,26.7175,0.9225,14.131428571428572,55.74142857142857,1.7985714285714285,4.421428571428572,1.3699999999999999,173.0,0.6666666666666666
2016-04-26,74.56428571428572,161.17999999999998,18.995714285714286,36.03285714285715,33.11625,30.6675,1.2200000000000002,10.565714285714288,61.512857142857136,2.907142857142857,4.567142857142857,0.7000000000000001,179.0,0.6666666666666666
2016-04-27,100.17571428571429,181.36333333333334,34.614285714285714,50.58,41.89,45.0125,1.63625,14.85142857142857,45.07714285714285,2.5485714285714285,6.398571428571429,0.5299999999999999,204.0,0.6666666666666666
2016-04-28,91.78571428571429,165.82666666666668,19.349999999999998,35.34142857142857,33.96,51.9925,1.295,10.620000000000001,49.794285714285714,2.6685714285714286,6.29,0.5033333333333333,205.66666666666666,0.6666666666666666
2016-04-29,100.08571428571429,175.48,14.825714285714286,36.40428571428571,29.33375,44.105000000000004,1.21625,12.02142857142857,42.24857142857143,2.8114285714285714,4.584285714285714,0.30333333333333334,221.28571428571428,0.6666666666666666
2016-04-30,99.0442857142857,67.895,13.878333333333332,38.24166666666667,24.71,50.519999999999996,1.54375,10.081428571428571,46.08428571428571,2.1014285714285714,3.7642857142857147,0.3833333333333333,215.85714285714286,0.6666666666666666
2016-05-01,93.7,85.585,13.985000000000001,33.574999999999996,26.22714285714286,36.105000000000004,1.2625,11.115714285714287,58.61714285714286,1.9185714285714286,4.074285714285715,0.47666666666666674,224.85714285714286,0.6666666666666666
2016-05-02,87.86,73.815,7.701428571428571,29.20428571428571,18.755,40.955,0.9299999999999999,7.615714285714286,54.67142857142857,1.6785714285714286,3.2728571428571427,0.25333333333333335,211.57142857142858,0.6666666666666666
2016-05-03,89.31857142857143,145.16333333333333,5.987142857142857,31.57428571428571,21.98625,50.5725,0.9625,8.771428571428572,44.347142857142856,1.57,4.135714285714286,0.3,204.28571428571428,0.6666666666666666
2016-05-04,76.02857142857142,136.84333333333333,6.698571428571428,27.455714285714286,22.075,50.370000000000005,0.90625,8.604285714285714,47.14714285714286,1.59,4.37,0.27666666666666667,183.14285714285714,0.6666666666666666
2016-05-05,63.51714285714286,97.51333333333334,7.977142857142858,28.28714285714286,22.33125,28.31,0.87375,8.875714285714286,43.050000000000004,1.7485714285714287,3.8757142857142854,0.29333333333333333,161.71428571428572,0.6666666666666666
2016-05-06,69.06571428571428,79.49666666666667,7.925714285714285,31.33857142857143,23.59375,32.435,1.0525,6.841428571428572,47.721428571428575,1.22,3.128571428571429,0.2733333333333334,150.85714285714286,0.6666666666666666
2016-05-07,75.97428571428573,110.42333333333333,10.9,32.48857142857143,27.92375,40.085,0.94,6.908571428571428,50.68428571428571,1.4966666666666668,3.551666666666667,0.18666666666666668,163.28571428571428,0.6666666666666666
2016-05-08,70.01,100.57000000000001,16.61285714285714,33.832857142857144,30.6,46.06,1.00125,8.56,55.82142857142857,1.69,3.5,0.17,192.57142857142858,0.6666666666666666
2016-05-09,61.79,95.17666666666666,6.135714285714286,27.45,22.13,39.2475,0.89375,8.981428571428571,47.40857142857143,1.7457142857142858,3.2471428571428573,0.3,157.57142857142858,0.6666666666666666
2016-05-10,62.94,153.71333333333334,18.328333333333333,27.046666666666667,35.924285714285716,47.2525,1.2414285714285713,9.706666666666667,41.50833333333333,1.445,5.073333333333333,0.6366666666666666,150.5,0.6666666666666666
2016-05-11,60.07333333333333,81.69,9.635,27.805000000000003,28.131428571428575,43.3225,0.9814285714285714,6.905,40.67,1.4166666666666667,5.501666666666666,0.75,137.0,0.6666666666666666
2016-05-12,58.285714285714285,119.62333333333333,10.179999999999998,29.669999999999998,25.341250000000002,54.0025,1.10375,9.875714285714285,64.39,1.5366666666666668,5.1033333333333335,0.32,141.16666666666666,0.6666666666666666
2016-05-13,68.55,126.34666666666665,11.498333333333335,25.751666666666665,27.28,43.01,0.9271428571428572,7.191666666666666,53.055,1.8516666666666666,5.406666666666667,0.2733333333333334,166.83333333333334,0.6666666666666666
2016-05-14,68.255,145.49666666666667,15.903333333333334,29.084999999999997,28.854285714285716,71.57333333333334,1.012857142857143,7.286666666666666,50.97,1.93,5.415,0.23666666666666666,175.66666666666666,0.6666666666666666
2016-05-15,65.56666666666666,163.75333333333333,13.156666666666666,21.53,22.162857142857142,68.68666666666667,1.1257142857142857,8.213333333333333,40.846666666666664,1.7400000000000002,4.458333333333333,0.21333333333333335,173.5,0.6666666666666666
2016-05-16,60.913333333333334,120.21333333333332,13.586666666666668,25.51,29.584285714285716,52.5275,1.0457142857142858,8.96,38.59666666666667,1.5583333333333333,3.016666666666666,0.27,152.83333333333334,0.6666666666666666
2016-05-17,61.97,119.37333333333333,10.776666666666666,28.84,31.947142857142858,51.12,0.8899999999999999,9.781666666666666,41.50333333333333,1.5233333333333332,3.9783333333333335,0.37999999999999995,150.83333333333334,0.6666666666666666
2016-05-18,64.90833333333333,126.75333333333333,15.486666666666666,30.458333333333332,34.212857142857146,59.55,1.1128571428571428,13.235,41.555,1.6433333333333335,5.473333333333333,0.24,158.66666666666666,0.6666666666666666
2016-05-19,55.050000000000004,105.83,6.601666666666667,23.756666666666664,24.215714285714284,48.065,1.0342857142857143,9.951666666666666,42.16833333333334,1.2016666666666667,3.703333333333333,0.20666666666666667,142.16666666666666,0.6666666666666666
2016-05-20,47.14333333333334,91.38333333333333,6.158333333333334,21.298333333333336,21.634285714285713,59.332499999999996,0.8514285714285714,5.5249999999999995,42.69,1.0633333333333335,3.8066666666666666,0.16333333333333333,122.0,0.6666666666666666
2016-05-21,52.663333333333334,115.82666666666667,8.218333333333332,19.641666666666666,23.40285714285714,54.3625,0.8857142857142858,6.183333333333334,43.55666666666667,0.8933333333333334,3.013333333333333,0.31,116.0,0.6666666666666666
2016-05-22,79.27499999999999,93.15666666666668,6.323333333333334,21.163333333333334,21.885714285714283,58.4325,0.8442857142857143,6.080000000000001,43.958333333333336,0.9266666666666666,4.285,0.27666666666666667,139.0,0.6666666666666666
2016-05-23,59.91,94.24666666666667,6.098333333333334,20.97,21.954285714285714,58.7875,0.7885714285714285,6.510000000000001,38.288333333333334,0.7816666666666666,2.893333333333333,0.21333333333333335,158.5,0.6666666666666666
2016-05-24,44.18333333333334,72.25,7.41,20.683333333333334,23.612857142857145,55.09,0.7971428571428572,6.0,37.696666666666665,0.7433333333333333,2.615,0.19666666666666668,117.16666666666667,0.6666666666666666
2016-05-25,69.3,113.62,8.461666666666668,21.90833333333333,25.04,64.86500000000001,0.8200000000000001,6.5566666666666675,47.88,0.942,2.845,0.23666666666666666,126.0,0.6666666666666666
2016-05-26,81.67833333333333,124.34000000000002,9.802857142857144,23.888571428571428,21.072499999999998,67.9525,0.98,6.721428571428571,53.12166666666667,1.405,2.415714285714286,0.21333333333333335,170.83333333333334,0.6666666666666666
2016-05-27,126.64833333333335,159.00333333333333,9.002857142857144,24.009999999999998,18.84125,62.83500000000001,0.89125,5.904285714285714,56.846666666666664,1.3366666666666667,2.814285714285714,0.18000000000000002,209.28571428571428,0.6666666666666666
2016-05-28,146.05666666666667,138.02666666666667,6.018571428571429,20.657142857142855,15.122499999999999,58.7775,0.995,7.662857142857143,50.49333333333333,0.96,2.732857142857143,0.17,240.85714285714286,0.6666666666666666
2016-05-29,38.348333333333336,88.42666666666668,5.582857142857143,21.397142857142857,13.7575,57.262499999999996,0.90875,4.567142857142857,50.64333333333334,0.8283333333333333,1.9528571428571428,0.14666666666666667,172.14285714285714,0.6666666666666666
2016-05-30,44.47571428571428,65.41499999999999,10.26142857142857,21.26571428571429,21.903750000000002,61.843333333333334,1.28875,5.194285714285714,36.711666666666666,1.1833333333333333,3.255714285714286,0.25333333333333335,121.0,0.6666666666666666
2016-05-31,57.76428571428572,123.115,12.505714285714287,27.108571428571427,24.939999999999998,78.57666666666667,1.08625,5.292857142857143,39.01166666666666,1.8333333333333333,4.9471428571428575,0.25,132.71428571428572,0.6666666666666666
2016-06-01,63.212857142857146,138.97,9.792857142857143,23.277142857142856,22.0,84.58,0.97375,6.258571428571429,40.93333333333334,2.183333333333333,4.222857142857143,0.22666666666666668,142.57142857142858,0.6666666666666666
2016-06-02,67.78571428571429,160.04,10.085714285714285,20.490000000000002,22.2375,57.64666666666667,1.4575,6.641428571428571,38.725,2.651666666666667,4.89,0.20666666666666667,169.57142857142858,0.6666666666666666
2016-06-03,100.054,165.165,16.078333333333333,24.406666666666666,29.175714285714285,44.94,0.9071428571428571,7.861666666666667,53.07000000000001,2.252,5.529999999999999,0.21333333333333335,216.28571428571428,0.6666666666666666
2016-06-04,82.494,151.65,9.733333333333333,22.290000000000003,23.802857142857142,47.59,0.7585714285714287,7.266666666666667,45.148,1.802,4.526,0.17666666666666667,203.8,0.6666666666666666
2016-06-05,57.836,99.33,6.003333333333333,15.375,14.95142857142857,51.64,0.6771428571428572,5.646666666666666,43.525999999999996,0.8700000000000001,2.55,0.12666666666666668,141.66666666666666,0.6666666666666666
2016-06-06,69.386,115.01499999999999,5.5566666666666675,16.605,15.787142857142857,35.52,0.7185714285714286,5.695,51.908,0.998,2.9539999999999997,0.10666666666666667,114.2,0.6666666666666666
2016-06-07,58.234,86.245,15.716666666666669,18.888333333333332,27.041428571428572,33.33,1.7342857142857144,14.188333333333333,46.510000000000005,1.184,3.9840000000000004,0.26,131.0,0.6666666666666666
2016-06-08,63.42,81.63,7.19,19.861666666666668,20.43,32.67,0.8283333333333333,8.231666666666667,44.238,1.414,3.8939999999999997,0.20333333333333334,153.6,0.6666666666666666
2016-06-09,75.876,104.095,8.056666666666667,22.60666666666667,20.34714285714286,35.28,1.1714285714285713,5.718333333333334,47.696,1.042,3.5780000000000003,0.12333333333333334,149.5,0.6666666666666666
2016-06-10,66.838,129.85500000000002,7.398333333333333,21.36,19.572857142857142,30.18,1.0542857142857143,6.971666666666667,48.128,1.098,3.8519999999999994,0.09000000000000001,160.4,0.6666666666666666
2016-06-11,63.746,123.63000000000001,6.390000000000001,19.815,17.107142857142858,37.83,1.2057142857142857,4.081666666666666,36.314,1.1360000000000001,3.428,0.14333333333333334,155.0,0.6666666666666666
2016-06-12,65.78,148.23,8.6,22.881999999999998,16.775000000000002,33.33,0.955,5.529999999999999,38.995,1.1225,3.0675000000000003,0.04,138.0,0.6666666666666666
2016-06-13,84.692,178.35000000000002,8.14,19.901666666666667,18.16142857142857,34.24,1.0157142857142858,4.908333333333334,39.228,1.186,2.214,0.16,181.2,0.6666666666666666
2016-06-14,51.083333333333336,110.55499999999999,10.432857142857143,20.391428571428573,22.582500000000003,70.045,1.2775,5.518571428571428,32.388333333333335,1.8133333333333335,4.178333333333334,0.24,157.6,0.6666666666666666
2016-06-15,130.83666666666667,184.39000000000001,8.852857142857143,20.05857142857143,19.39875,73.57,1.06875,5.274285714285715,30.031666666666666,1.465,4.75,0.08333333333333333,154.16666666666666,0.6666666666666666
2016-06-16,141.39000000000001,68.245,5.952857142857143,17.795714285714286,15.69875,45.68,1.13375,4.494285714285715,30.531666666666666,1.0316666666666667,3.485,0.18333333333333335,240.16666666666666,0.6666666666666666
2016-06-17,50.48142857142857,84.285,9.762857142857143,20.665714285714284,20.79875,31.35666666666667,1.7525,7.295714285714285,31.694285714285716,1.3357142857142856,5.204285714285715,0.18333333333333335,143.33333333333334,0.6666666666666666
2016-06-18,56.11857142857143,111.63499999999999,7.957142857142857,20.975714285714282,19.245,44.056666666666665,1.47125,5.185714285714286,29.62571428571428,1.1685714285714286,3.4257142857142857,0.2866666666666667,130.66666666666666,0.6666666666666666
2016-06-19,81.74428571428572,103.48500000000001,6.851428571428571,16.952857142857145,16.221249999999998,37.79,1.48125,5.297142857142857,29.437142857142856,1.02,2.665714285714286,0.12333333333333334,165.0,0.6666666666666666
2016-06-20,55.651428571428575,78.405,8.165714285714285,19.29,18.73625,39.89333333333334,1.28125,5.307142857142857,27.048571428571428,0.9771428571428571,2.642857142857143,0.17,157.71428571428572,0.6666666666666666
2016-06-21,66.91285714285713,124.735,6.741428571428571,19.98428571428571,18.68625,41.81666666666666,1.0025,6.512857142857143,23.75333333333333,0.93,2.7342857142857144,0.15666666666666665,141.14285714285714,0.6666666666666666
2016-06-22,39.565,61.875,6.922857142857143,19.84714285714286,17.27857142857143,42.86333333333334,1.45,4.135714285714285,25.184285714285714,1.4966666666666668,5.1883333333333335,0.18,127.0,0.6666666666666666
2016-06-23,45.905,57.17,7.011428571428572,18.62142857142857,18.374285714285715,42.25666666666667,1.1557142857142857,4.252857142857144,30.985714285714288,1.5566666666666666,4.14,0.23,113.66666666666667,0.6666666666666666
2016-06-24,43.14000000000001,177.305,7.768571428571428,19.21142857142857,27.355,44.553333333333335,1.4857142857142858,5.022857142857142,38.220000000000006,1.4166666666666667,4.4783333333333335,0.12333333333333334,134.83333333333334,0.6666666666666666
2016-06-25,48.75333333333333,175.26,8.906666666666666,27.956666666666667,35.50666666666667,43.4,0.9733333333333333,6.633333333333333,37.81333333333333,1.0466666666666666,4.03,0.375,111.5,0.6666666666666666
2016-06-26,60.575,86.63,9.935,21.415,26.46,69.16,0.745,5.5675,28.62,1.0933333333333335,3.76,0.245,162.0,0.6666666666666666
2016-06-27,51.07714285714286,80.69,8.70875,21.97,23.2775,47.449999999999996,3.02,3.975,30.8225,1.1342857142857143,4.432857142857143,0.21666666666666667,109.25,0.6666666666666666
2016-06-28,75.14714285714285,65.09,8.53,21.771250000000002,23.99875,50.70333333333334,2.555,4.0025,31.17,1.4214285714285715,5.963333333333334,0.19666666666666666,154.14285714285714,0.6666666666666666
2016-06-29,52.85,42.765,10.72,23.9025,25.801250000000003,68.86666666666666,2.4812499999999997,4.51,25.925,0.9042857142857142,6.763333333333333,0.18333333333333335,145.57142857142858,0.6666666666666666
2016-06-30,53.924285714285716,76.08500000000001,9.845,19.52125,31.206666666666667,24.076666666666664,2.63,4.72375,26.6725,1.2485714285714287,2.5612500000000002,0.09333333333333334,131.42857142857142,0.6666666666666666
2016-07-01,39.9225,76.98666666666666,11.365555555555554,22.45888888888889,33.315,36.8675,2.5277777777777777,8.002222222222223,21.90888888888889,1.79125,4.257142857142857,1.0525,176.5,0.7
2016-07-02,39.74142857142857,53.275000000000006,12.587499999999999,19.536250000000003,35.093333333333334,24.083333333333332,2.558888888888889,4.63,26.31,0.8275,3.551428571428571,0.14500000000000002,138.0,0.7
2016-07-03,40.82857142857143,62.89,12.39875,16.7775,31.22666666666667,54.52333333333333,2.5233333333333334,4.63375,26.87875,0.645,3.04125,0.0575,149.57142857142858,0.7
2016-07-04,62.28000000000001,94.05,7.0225,14.08375,22.232222222222223,64.45666666666666,2.217777777777778,5.03,24.0875,0.8275,2.801428571428571,0.2825,155.0,0.7
2016-07-05,57.91875,95.81666666666666,11.812222222222223,20.017777777777777,29.302999999999997,51.0875,1.827,6.8999999999999995,26.905555555555555,2.748888888888889,5.82625,0.718,184.16666666666666,0.7
2016-07-06,61.01875,87.67,16.56222222222222,21.323333333333334,31.958000000000006,44.83,1.561,5.62,24.9,1.315,3.37875,1.588,133.0,0.7
2016-07-07,38.175,66.23,11.554444444444446,19.817777777777778,22.949,48.9225,1.716,5.481111111111111,20.8425,1.135,3.23875,1.02,144.57142857142858,0.7
2016-07-08,49.464285714285715,80.41666666666667,19.97222222222222,23.162222222222223,33.018,50.315,1.8199999999999998,6.616666666666666,23.1175,1.4412500000000001,3.72625,1.488,108.57142857142857,0.7
2016-07-09,37.90571428571429,72.22666666666667,10.146666666666667,19.38888888888889,20.556,37.935,1.464,4.703333333333333,24.0775,1.23,3.11625,1.3199999999999998,108.5,0.7
2016-07-10,42.915,61.25333333333334,7.753333333333334,16.79111111111111,17.441,45.375,1.528,4.724444444444444,27.23875,1.11875,2.8575,0.78,100.71428571428571,0.7
2016-07-11,87.92714285714285,65.45,8.742222222222223,16.686666666666667,18.362000000000002,45.91,1.67,4.992222222222222,23.02,1.1,2.45375,0.8320000000000001,145.71428571428572,0.7
2016-07-12,69.645,61.17666666666667,9.567499999999999,17.974999999999998,19.855555555555554,50.985,1.1,5.785,24.665714285714284,1.4028571428571428,5.938571428571429,1.1124999999999998,154.85714285714286,0.7
2016-07-13,42.375,65.02666666666666,14.26,18.715555555555554,23.996000000000002,23.165,3.344,7.232222222222223,32.3775,1.54875,4.34375,1.3199999999999998,123.83333333333333,0.7
2016-07-14,46.375,68.88333333333334,15.585555555555556,23.494444444444444,29.916000000000004,35.215,5.794,7.514444444444444,25.00857142857143,1.4837500000000001,4.090000000000001,1.49,308.0,0.7
2016-07-15,40.05625,76.91333333333334,9.437777777777777,22.50111111111111,33.931,39.515,1.249,6.104444444444445,26.66714285714286,1.5,7.12,1.334,100.0,0.7
2016-07-16,41.48,63.166666666666664,11.515555555555556,23.37777777777778,22.775,38.68333333333333,1.4449999999999998,11.784444444444444,28.565714285714286,1.47125,2.495,1.076,98.75,0.7
2016-07-17,40.25625,58.42333333333334,10.91,21.549999999999997,28.26,42.9325,1.6149999999999998,7.691111111111111,23.55,1.40125,1.9844444444444445,0.9339999999999999,113.75,0.7
2016-07-18,58.114444444444445,67.89,9.905555555555555,22.743333333333332,30.799,64.2225,1.474,7.193333333333334,26.09857142857143,1.40625,4.48,0.746,96.66666666666667,0.7
2016-07-19,37.18555555555556,90.80000000000001,22.741111111111113,27.267777777777777,26.669999999999998,56.55749999999999,11.68,6.391111111111112,22.50714285714286,1.4428571428571428,5.31125,1.6125,170.88888888888889,0.7
2016-07-20,35.38444444444444,111.96,10.188888888888888,19.566666666666666,21.395,47.45,0.9199999999999999,7.907777777777778,30.525,1.92,4.46375,1.7375,182.625,0.7
2016-07-21,43.556666666666665,106.74666666666667,11.444444444444445,23.51111111111111,28.547000000000004,30.2725,0.8699999999999999,5.662222222222223,30.55,1.1700000000000002,3.755714285714286,0.6,121.28571428571429,0.7
2016-07-22,43.70777777777778,107.01333333333332,10.524444444444445,26.049999999999997,26.199,41.472500000000004,1.028,8.098888888888888,26.868571428571425,1.7385714285714287,4.252857142857143,1.9375,162.25,0.7
2016-07-23,31.3625,73.25666666666666,6.593333333333334,19.832222222222224,22.819,51.01333333333334,1.193,7.454444444444444,26.881428571428575,1.1485714285714284,3.4571428571428577,0.6875,102.0,0.7
2016-07-24,37.4,114.185,9.972222222222221,25.14777777777778,37.225,46.11,2.111111111111111,9.751111111111111,34.464285714285715,1.6428571428571428,3.74625,1.425,125.0,0.7
2016-07-25,37.58888888888889,111.49333333333334,10.337777777777777,25.655555555555555,30.266000000000002,48.682500000000005,1.8050000000000002,8.797777777777776,29.88,1.51,4.2700000000000005,0.74,147.14285714285714,0.7
2016-07-26,35.84111111111111,87.83,9.855555555555556,21.082222222222224,24.058,46.43,1.454,8.717777777777776,23.541428571428572,1.7683333333333333,4.378571428571428,2.4575,127.0,0.7
2016-07-27,34.04222222222222,62.445,12.043333333333333,18.68,40.131,41.795,3.0033333333333334,8.743333333333332,27.032857142857146,2.69,5.902857142857143,4.765000000000001,111.75,0.7
2016-07-28,32.91555555555556,78.21333333333332,18.455555555555556,20.83111111111111,73.17999999999999,48.847500000000004,4.6,7.97111111111111,26.52857142857143,2.474285714285714,6.5842857142857145,3.41,138.77777777777777,0.7
2016-07-29,35.114444444444445,68.52333333333333,20.294444444444444,19.538888888888888,67.207,47.504999999999995,10.218,8.733333333333333,22.268571428571427,2.697142857142857,8.881428571428572,1.6724999999999999,176.33333333333334,0.7
2016-07-30,30.712222222222223,63.336666666666666,17.721111111111114,18.831111111111113,38.347,50.28249999999999,9.834,8.91777777777778,21.97714285714286,1.72,4.78,0.89,179.55555555555554,0.7
2016-07-31,33.11333333333333,92.49666666666667,19.02111111111111,21.537777777777777,38.618,48.875,9.428888888888888,7.923333333333334,23.477142857142855,1.6185714285714285,5.066666666666666,1.8075,163.66666666666666,0.7
2016-08-01,30.175555555555555,61.57,21.484444444444446,21.385555555555555,45.814,36.8025,9.222,9.234444444444444,21.752857142857145,1.6500000000000001,4.055714285714286,2.045,189.0,0.7
2016-08-02,55.21125,64.96,23.705,20.43875,61.117777777777775,38.065,11.731111111111112,11.34,23.968571428571433,1.3399999999999999,4.571428571428571,1.2874999999999999,194.55555555555554,0.7
2016-08-03,28.79555555555556,62.96,23.981111111111108,19.28666666666667,52.714,36.13,10.816999999999998,10.105555555555556,24.935714285714287,1.47,6.917142857142857,1.9725000000000001,235.125,0.7
2016-08-04,28.582222222222224,63.663333333333334,10.133333333333333,16.66444444444444,39.07000000000001,29.400000000000002,1.761,7.404444444444445,24.53142857142857,6.134285714285714,8.031428571428572,1.6124999999999998,135.44444444444446,0.7
2016-08-05,34.245,65.21333333333332,8.567777777777778,17.83888888888889,33.324,49.026666666666664,1.533,9.53111111111111,21.21,1.9585714285714286,4.017142857142857,1.935,121.25,0.7
2016-08-06,35.90428571428571,83.34,10.292857142857143,17.90142857142857,34.864444444444445,39.913333333333334,0.6955555555555555,8.925714285714287,27.455000000000002,1.6583333333333334,5.8999999999999995,2.25,86.0,0.7
2016-08-07,30.45,80.69999999999999,8.505,19.985000000000003,43.028,48.24333333333333,0.906,12.06,21.45,1.1971428571428573,3.3249999999999997,1.0725,98.8,0.7
2016-08-08,41.905,70.94,11.045714285714284,20.32714285714286,45.982,60.25333333333334,1.625,9.180000000000001,22.798333333333336,1.3485714285714285,3.13625,1.4675,138.33333333333334,0.7
2016-08-09,35.46666666666667,62.1425,12.165714285714285,20.737142857142857,37.952999999999996,42.21,1.64,12.51142857142857,21.325,1.567142857142857,3.86,1.6025,146.5,0.7
2016-08-10,34.699999999999996,63.35,12.985,20.28,32.983999999999995,48.035,1.777,12.466666666666667,19.645,2.1,5.01,2.26,162.5,0.7
2016-08-11,22.436666666666667,51.34,11.464444444444446,18.526666666666667,33.533,44.568,2.2800000000000002,9.436666666666667,22.50125,1.5325,4.95625,1.685,143.66666666666666,0.7
2016-08-12,46.29333333333333,96.13999999999999,14.752222222222223,20.206666666666667,23.92888888888889,26.676666666666666,6.631,10.473333333333333,24.68,2.41625,5.69875,3.145,121.66666666666667,0.7
2016-08-13,38.17125,99.785,10.8425,20.08125,21.63888888888889,28.583333333333332,6.992222222222222,8.53125,29.34,2.251428571428572,5.588571428571429,3.1466666666666665,153.0,0.7
2016-08-14,46.69625,90.25999999999999,11.491249999999999,19.63625,21.313333333333333,28.833333333333332,1.823,10.03875,29.944285714285716,3.414285714285714,6.017142857142858,2.06,125.25,0.7
2016-08-15,34.9925,108.72000000000001,11.51625,18.67625,19.39888888888889,27.276666666666667,2.3449999999999998,10.095,28.372857142857146,1.9666666666666668,4.338571428571429,2.3266666666666667,136.375,0.7
2016-08-16,71.405,127.12333333333333,12.185,18.310000000000002,23.18625,26.75,2.623,8.48,29.775714285714287,2.0349999999999997,4.445,2.846666666666667,176.625,0.7
2016-08-17,35.44625,144.37,14.936250000000001,21.51125,24.90875,25.973333333333333,1.6219999999999999,9.7625,29.112857142857145,1.8814285714285715,4.878571428571428,1.8825,174.0,0.7
2016-08-18,37.42,99.32333333333334,10.13375,19.7175,20.8875,27.506666666666664,1.267,10.75375,30.345714285714283,1.6214285714285714,5.510000000000001,1.6575,123.0,0.7
2016-08-19,38.7175,91.01333333333334,9.1425,19.310000000000002,19.90375,27.156666666666666,1.167,9.4925,33.112857142857145,1.8871428571428572,6.744285714285715,1.885,108.375,0.7
2016-08-20,48.0625,68.90666666666668,7.7837499999999995,18.846249999999998,16.223333333333333,26.733333333333334,1.862,9.59,31.26571428571429,2.355714285714286,5.595714285714286,1.79,114.5,0.7
2016-08-21,37.26,61.71333333333333,6.457142857142857,18.827142857142857,16.648571428571426,26.043333333333333,3.058888888888889,10.521428571428572,32.80714285714286,2.082857142857143,3.7085714285714286,1.4725000000000001,145.85714285714286,0.7
2016-08-22,35.735,73.30333333333333,7.868571428571429,17.62125,18.265714285714285,25.86,1.704,10.9775,28.037142857142857,1.8228571428571427,4.8500000000000005,1.6575,111.0,0.7
2016-08-23,36.49875,86.92,7.365714285714286,17.86375,19.672857142857143,26.44666666666667,1.3522222222222222,9.23875,29.687142857142856,1.837142857142857,4.78,1.35,100.875,0.7
2016-08-24,37.8175,78.75333333333333,9.399999999999999,19.255,16.30777777777778,25.323333333333334,1.5699999999999998,10.60625,29.54,1.9557142857142857,5.147142857142858,1.52,112.25,0.7
2016-08-25,40.495,86.44333333333333,10.43625,21.68,19.492222222222225,27.52333333333333,1.544,8.9025,25.875714285714285,2.567142857142857,6.674285714285714,1.9375,106.625,0.7
2016-08-26,41.32125,83.22333333333334,13.11625,19.46125,23.11625,31.05,1.588,8.89125,26.131428571428575,2.4614285714285713,9.297142857142857,2.04,115.0,0.7
2016-08-27,35.87375,65.1,8.6375,15.805,15.77625,25.51,1.6759999999999997,9.91375,25.565714285714286,2.4785714285714286,6.3275,1.99,113.25,0.7
2016-08-28,33.86,87.29333333333334,15.59142857142857,19.807142857142857,18.122857142857146,27.400000000000002,1.7744444444444445,6.435,26.34857142857143,1.7983333333333331,5.508,1.21,113.0,0.7
2016-08-29,56.042500000000004,94.41000000000001,10.68142857142857,21.235714285714288,19.867142857142856,26.830000000000002,1.964,7.126250000000001,26.74285714285714,1.98,8.874285714285714,1.1825,129.875,0.7
2016-08-30,35.03875,52.82333333333333,13.052857142857144,22.071428571428573,22.147142857142857,26.42,1.78,7.1475,24.029999999999998,1.6042857142857143,5.908333333333334,1.13,155.125,0.7
2016-08-31,35.18714285714286,55.29333333333333,11.277142857142858,21.095714285714283,22.101428571428567,26.19333333333333,1.9400000000000002,10.015714285714285,24.42142857142857,2.8549999999999995,14.897142857142857,1.4175,119.28571428571429,0.7
2016-09-01,27.423333333333332,51.6775,13.2325,30.6175,27.212857142857143,31.335,1.7469999999999999,10.292222222222222,28.25875,1.7771428571428574,5.102857142857142,1.9625,120.71428571428571,0.7
2016-09-02,32.71888888888889,71.605,11.20375,24.6125,25.68142857142857,26.56,1.7100000000000002,9.45,28.053333333333335,1.8942857142857146,5.3,1.6300000000000001,116.44444444444444,0.7
2016-09-03,33.2675,92.535,12.8625,26.622500000000002,27.352857142857143,21.6025,1.7833333333333334,9.85375,26.4525,1.7871428571428571,5.946666666666666,2.1574999999999998,115.88888888888889,0.7
2016-09-04,38.78875,112.0275,10.84875,24.3125,22.762857142857143,28.735,1.7433333333333332,7.77625,25.52,1.4785714285714284,5.45,1.05,132.0,0.7
2016-09-05,36.62444444444444,116.37,13.9725,26.372500000000002,27.27857142857143,30.357499999999998,1.761,8.661111111111111,24.821111111111108,1.3714285714285714,3.3716666666666666,1.6975,159.16666666666666,0.7
2016-09-06,38.24333333333333,131.37,15.9875,30.59375,30.627142857142854,26.14,2.102,10.215555555555556,28.337777777777777,1.3985714285714284,3.5228571428571427,2.305,154.66666666666666,0.7
2016-09-07,46.85875,120.27000000000001,16.13375,33.71625,32.46142857142858,25.66,2.2366666666666664,9.365,30.2775,1.7514285714285713,5.588333333333334,2.9675000000000002,149.22222222222223,0.7
2016-09-08,51.08625,127.71000000000001,17.26875,37.762499999999996,31.42142857142857,24.9925,2.26,13.209999999999999,32.08375,1.7814285714285714,5.516666666666667,3.21,155.625,0.7
2016-09-09,49.9525,132.205,12.82875,35.36,26.984285714285715,20.44666666666667,1.9140000000000001,10.52111111111111,28.693333333333335,1.67625,4.692857142857143,2.5825,173.14285714285714,0.7
2016-09-10,50.13444444444444,109.89750000000001,14.848749999999999,34.5025,30.744285714285716,40.53,1.553,9.78111111111111,25.763333333333335,1.91875,5.380000000000001,3.8625,142.0,0.7
2016-09-11,41.88333333333333,92.5825,13.2875,31.009999999999998,24.965,25.22,1.423,8.678888888888888,29.877777777777776,1.3875000000000002,3.2914285714285714,3.1125,125.77777777777777,0.7
2016-09-12,38.6425,97.69,14.12125,27.4625,25.4925,19.026666666666667,1.637,9.416666666666666,30.561111111111114,1.67375,4.32125,3.7975,118.55555555555556,0.7
2016-09-13,36.25,82.775,14.7825,23.7275,25.78875,26.5175,1.7920000000000003,8.953333333333333,27.41,1.4412500000000001,5.002857142857143,3.3675,116.44444444444444,0.7
2016-09-14,32.79777777777778,64.235,12.91,25.92375,24.353749999999998,22.485,1.9629999999999999,8.921111111111111,26.5,1.38625,4.5125,4.1825,109.66666666666667,0.7
2016-09-15,43.31666666666666,76.1375,13.71625,27.09125,24.7975,23.4375,3.103,8.137777777777778,30.536666666666665,1.7125,5.734999999999999,3.24,157.22222222222223,0.7
2016-09-16,44.54875,78.5425,14.72125,28.32625,32.795,22.055,2.0811111111111114,8.9725,26.77375,1.4762499999999998,4.0874999999999995,1.8175,151.33333333333334,0.7
2016-09-17,42.71111111111111,95.265,13.445,28.21375,23.77125,23.815,2.488,9.399999999999999,30.496666666666663,1.6875,4.2375,1.845,153.71428571428572,0.7
2016-09-18,53.08,114.94333333333333,11.18,31.893333333333334,22.89333333333333,19.15,1.5255555555555553,9.96142857142857,28.59714285714286,1.5085714285714285,4.046666666666667,1.6300000000000001,145.5,0.7
2016-09-19,43.433749999999996,77.77749999999999,11.688571428571427,32.355714285714285,27.05,18.919999999999998,1.5388888888888888,7.45875,37.27125,1.4485714285714286,2.942857142857143,2.216666666666667,158.28571428571428,0.7
2016-09-20,71.52125000000001,63.447500000000005,16.61,35.39142857142857,34.16833333333333,19.245,1.99,6.6775,37.06625,1.087142857142857,3.0271428571428567,1.8,216.16666666666666,0.7
2016-09-21,46.81777777777778,56.5575,12.4975,29.79,26.791428571428572,28.5325,2.821,7.072222222222222,33.59111111111111,1.15,3.4025,2.1849999999999996,193.125,0.7
2016-09-22,26.98,45.34,10.9875,23.033749999999998,24.361428571428572,22.03,2.69,7.713333333333334,28.385555555555555,1.295,4.2375,1.8624999999999998,142.77777777777777,0.7
2016-09-23,31.58888888888889,68.2875,10.41625,27.3,24.252857142857145,47.495,2.5170000000000003,9.514444444444443,27.22888888888889,1.8624999999999998,3.5925,1.63,112.33333333333333,0.7
2016-09-24,31.831111111111113,72.8775,13.40375,26.595,27.292857142857144,32.77,1.802,9.206666666666667,27.827777777777776,1.325,3.7249999999999996,2.475,111.5,0.7
2016-09-25,40.333333333333336,89.2975,11.92625,26.3225,22.48125,22.69666666666667,4.59,8.354444444444445,27.57111111111111,1.07875,2.7,1.8575,121.11111111111111,0.7
2016-09-26,39.77333333333333,111.97749999999999,20.71875,31.03,34.2975,30.8075,1.707,9.398888888888889,28.691111111111113,1.475,4.72375,3.9749999999999996,119.5,0.7
2016-09-27,39.507777777777775,98.5875,19.11875,29.62875,28.985000000000003,19.330000000000002,1.698,8.63,25.487777777777776,1.8925,4.751250000000001,6.425,117.22222222222223,0.7
2016-09-28,60.14777777777778,141.16,17.646250000000002,36.09375,30.2975,22.575,1.7580000000000002,7.995555555555555,33.19444444444444,1.75375,4.9275,5.4325,121.33333333333333,0.7
2016-09-29,53.378888888888895,114.2925,14.91,30.8075,29.41,25.7,1.732,8.229999999999999,29.57,1.5650000000000002,3.69125,3.8925,139.44444444444446,0.7
2016-09-30,59.28222222222222,124.7875,15.8475,29.82,27.75125,28.43,1.642,9.216666666666667,32.23888888888889,1.63375,4.045,4.75,141.55555555555554,0.7
2016-10-01,53.46666666666667,109.22,17.07875,29.99375,30.683750000000003,33.2625,1.8189999999999997,8.976666666666667,37.0275,1.587142857142857,4.994285714285715,2.83,144.33333333333334,0.7
2016-10-02,87.36714285714287,106.60000000000001,17.794285714285714,33.73571428571428,32.31166666666667,21.819999999999997,1.6800000000000002,8.27,35.13857142857143,1.9183333333333332,4.586666666666667,3.1075,140.22222222222223,0.7
2016-10-03,65.205,119.925,16.42625,30.56625,29.365714285714287,24.866666666666664,1.741,9.792222222222222,35.69875,1.6014285714285716,3.77,1.7400000000000002,184.625,0.7
2016-10-04,72.43375,128.48250000000002,17.964285714285715,37.785714285714285,32.48285714285714,32.1425,0.7155555555555555,8.35375,37.00285714285714,1.6216666666666668,4.068333333333333,2.6366666666666667,161.33333333333334,0.7
2016-10-05,56.58875,94.58000000000001,21.48875,33.8675,33.2625,32.675,2.652222222222222,11.6775,29.094285714285714,2.2857142857142856,7.23625,2.315,136.0,0.7
2016-10-06,67.39333333333333,114.4475,22.35875,36.511250000000004,34.67,35.1525,2.242,12.877777777777776,34.4225,2.357142857142857,5.542857142857143,2.8600000000000003,158.875,0.7
2016-10-07,63.03555555555555,137.895,21.630000000000003,35.1125,33.17,32.325,2.123,7.051111111111111,31.42625,1.8085714285714285,4.764285714285714,2.505,163.77777777777777,0.7
2016-10-08,68.23666666666666,137.2125,24.475,35.66,39.26142857142857,26.955,1.9579999999999997,7.220000000000001,31.94111111111111,1.72375,4.43125,2.74,172.55555555555554,0.7
2016-10-09,59.39875,133.8375,20.768571428571427,38.121428571428574,34.971666666666664,21.005,1.8922222222222222,7.885,39.665,1.4957142857142856,4.45,2.23,154.33333333333334,0.7
2016-10-10,64.14777777777778,137.5275,21.587500000000002,34.87125,36.73142857142857,20.7975,1.86,8.646666666666667,35.25555555555556,1.415,3.5625,1.865,174.71428571428572,0.7
2016-10-11,67.81375,160.61333333333332,16.912857142857142,33.24714285714286,30.37142857142857,22.42,1.716,7.0875,36.0875,1.4562499999999998,3.1224999999999996,2.9074999999999998,184.85714285714286,0.7
2016-10-12,92.6775,164.33333333333334,16.68285714285714,35.38142857142857,32.06666666666667,20.68,1.8644444444444446,8.842500000000001,39.856249999999996,0.6799999999999999,2.105714285714286,1.57,207.125,0.7
2016-10-13,71.36222222222221,142.2775,20.91125,40.7575,31.505714285714284,18.74,1.8559999999999999,10.262222222222222,36.30555555555556,1.2287499999999998,3.9712500000000004,2.7075,237.25,0.7
2016-10-14,82.08333333333333,163.87666666666667,25.29,51.05625,40.902857142857144,22.165,1.791,18.471111111111114,36.47555555555555,1.9485714285714284,4.1537500000000005,4.657500000000001,196.11111111111111,0.7
2016-10-15,95.97,207.97000000000003,28.234285714285715,53.69428571428572,36.04833333333333,25.656666666666666,2.5444444444444443,15.508750000000001,48.06,0.8983333333333334,2.6242857142857146,0.22,222.75,0.7
2016-10-16,90.27571428571427,191.94999999999996,37.906666666666666,58.48500000000001,37.194,33.145,2.9955555555555557,14.7175,44.03,0.8366666666666666,3.25,0.8533333333333332,239.125,0.7
2016-10-17,95.9111111111111,184.64,29.048750000000002,49.39125,40.9225,24.11,2.694,12.114444444444445,44.25,1.3257142857142858,4.2225,2.3975,240.14285714285714,0.7
2016-10-18,97.61,184.9675,26.185,50.53625,38.69875,24.4,1.829,12.187777777777777,48.625,2.0442857142857145,4.6850000000000005,3.7875,222.5,0.7
2016-10-19,86.21333333333334,184.615,45.55444444444444,57.61666666666666,46.51555555555556,28.73,1.599,15.30777777777778,41.33777777777778,1.94,5.51875,3.7699999999999996,208.66666666666666,0.7
2016-10-20,89.68222222222222,190.4975,62.873333333333335,67.72222222222223,59.266666666666666,26.02,2.039,14.672222222222224,36.71666666666667,2.33875,5.4399999999999995,5.32,213.33333333333334,0.7
2016-10-21,91.74777777777778,217.73,53.11666666666666,58.74666666666667,57.443333333333335,30.0175,1.8510000000000002,16.37222222222222,34.324444444444445,2.5475,5.4375,4.62,241.55555555555554,0.7
2016-10-22,87.53,211.82,28.207777777777775,42.93666666666667,31.644444444444446,38.975,1.6689999999999998,14.945555555555554,32.85444444444445,3.2125,5.71375,5.03,228.55555555555554,0.7
2016-10-23,100.76375,191.7225,17.58,46.44555555555556,26.24888888888889,33.152499999999996,1.4609999999999999,16.543333333333333,47.01555555555555,2.29875,5.015,3.6174999999999997,214.55555555555554,0.7
2016-10-24,91.92555555555555,189.7225,18.141111111111112,44.580000000000005,29.15888888888889,27.49,1.54,19.30111111111111,42.47666666666667,2.3175,4.96125,4.555,212.0,0.7
2016-10-25,96.82000000000001,181.54250000000002,26.98,48.682500000000005,34.35375,30.192500000000003,1.758888888888889,18.15625,39.66875,2.19375,6.56875,4.095000000000001,229.625,0.7
2016-10-26,115.00999999999999,183.20250000000001,30.60875,50.935,36.79875,39.1125,2.1366666666666667,24.01875,41.6825,2.83625,7.08625,4.255,242.5,0.7
2016-10-27,123.6125,218.9375,33.05,46.894999999999996,35.52625,39.737500000000004,3.05,17.81875,46.3625,2.68875,7.952500000000001,4.012499999999999,269.75,0.7
2016-10-28,172.63,200.715,33.974444444444444,42.343333333333334,37.33222222222222,39.38,3.073,19.691111111111113,47.63777777777778,2.8477777777777775,8.597777777777777,4.97,306.875,0.7
2016-10-29,179.73222222222222,208.61,42.285555555555554,50.30888888888889,41.56,42.8725,4.082,20.6,48.827777777777776,4.163333333333333,15.073333333333332,5.24,304.0,0.7
2016-10-30,174.22666666666666,207.46749999999997,32.34444444444445,38.03111111111111,36.54222222222222,42.51,3.6769999999999996,14.545555555555556,58.642222222222216,3.2622222222222224,11.523333333333333,3.585,296.1111111111111,0.7
2016-10-31,227.5977777777778,199.45250000000001,34.26777777777778,37.156666666666666,37.73222222222223,42.885,2.572,20.943333333333335,44.714444444444446,2.6100000000000003,8.273333333333333,2.5725,349.8888888888889,0.7
2016-11-01,172.9622222222222,245.76999999999998,26.705555555555556,39.49333333333333,35.34222222222222,41.21,2.173,16.757777777777775,50.56666666666667,2.8255555555555554,9.892222222222223,3.5875000000000004,294.22222222222223,0.7
2016-11-02,199.2711111111111,250.44750000000002,28.15111111111111,39.72,33.65777777777778,45.0425,2.354,14.071111111111112,43.97222222222222,2.5711111111111107,8.7,2.575,282.8888888888889,0.7
2016-11-03,178.64777777777778,186.57000000000002,35.28,41.691111111111105,31.623333333333335,43.4375,2.2350000000000003,13.794444444444444,38.913333333333334,2.4855555555555555,9.05111111111111,2.7275,295.55555555555554,0.7
2016-11-04,136.61222222222221,181.29000000000002,38.47333333333333,37.614444444444445,28.535555555555554,35.4325,1.718,18.378888888888888,43.958888888888886,2.292222222222222,8.902222222222223,2.17,244.0,0.7
2016-11-05,244.59625000000003,254.56,31.38,39.4325,32.52,34.519999999999996,0.945,11.2475,34.465,2.2255555555555557,6.9944444444444445,1.6975,281.875,0.7
2016-11-06,259.68625000000003,243.8075,26.6375,42.29125,28.23,36.545,0.99625,12.2325,38.9825,2.623333333333333,9.116666666666667,1.81,325.57142857142856,0.7
2016-11-07,227.78125,213.3475,29.6675,43.35875,29.416666666666668,33.6925,0.9924999999999999,13.63375,35.14875,2.5944444444444446,8.864444444444445,2.0175,327.875,0.7
2016-11-08,188.77625,198.2975,24.872500000000002,45.595,29.376666666666665,30.23,0.9,13.635,39.0125,2.6622222222222223,8.768888888888888,3.0675,292.0,0.7
2016-11-09,192.42499999999998,186.1175,30.009999999999998,44.655,30.155,31.169999999999998,1.11125,16.2975,40.70625,2.537777777777778,8.042222222222223,2.4775,289.875,0.7
2016-11-10,152.48375,200.63,30.96875,50.6275,29.38,38.2875,1.00625,18.28625,44.53625,2.22,8.176666666666668,2.4175,267.2857142857143,0.7
2016-11-11,163.92624999999998,208.515,38.925000000000004,56.878750000000004,28.34142857142857,42.0175,1.5375,16.2475,49.53125,2.5955555555555554,8.682222222222222,3.445,279.125,0.7
2016-11-12,132.9525,190.7575,41.1675,57.9675,27.849999999999998,42.1275,1.13625,14.59375,51.214999999999996,2.247777777777778,7.521111111111111,3.005,267.75,0.7
2016-11-13,104.35375,182.35750000000002,37.785,44.11125,21.93857142857143,38.3175,1.1099999999999999,13.7525,52.065,1.9044444444444446,7.303333333333334,1.1975,229.0,0.7
2016-11-14,94.37,141.35750000000002,35.637499999999996,45.97125,26.214285714285715,31.752499999999998,1.03125,9.23875,38.88125,1.6022222222222222,5.784444444444444,1.08,202.0,0.7
2016-11-15,104.34875,166.345,38.699999999999996,43.95125,26.832857142857144,28.475,1.06,10.02625,34.77,2.08,7.614444444444445,1.21,190.75,0.7
2016-11-16,126.20625,183.09,28.46625,43.613749999999996,27.982857142857142,30.1525,1.19375,14.0825,45.60875,1.9166666666666667,6.228888888888889,0.8775,232.75,0.7
2016-11-17,146.66,192.5675,18.04875,43.46125,27.294285714285714,30.1325,0.6975,12.40875,58.431250000000006,1.6744444444444444,5.624444444444445,1.2175,260.25,0.7
2016-11-18,132.60375,190.98250000000002,20.146250000000002,46.026250000000005,26.437142857142856,26.8675,0.69,12.16625,55.74,1.7177777777777778,5.221111111111111,1.1575,248.75,0.7
2016-11-19,149.8975,208.38,33.11125,54.121249999999996,32.46857142857143,31.849999999999998,1.1087500000000001,15.681249999999999,49.41125,2.328888888888889,8.008888888888889,2.9375,261.75,0.7
2016-11-20,159.25375,184.69333333333336,38.6375,58.455,26.75142857142857,41.32,1.1412499999999999,12.7475,46.34125,3.1877777777777774,10.077777777777778,3.215,256.625,0.7
2016-11-21,163.95375,204.5725,38.295,58.683749999999996,30.554285714285715,41.065,1.05875,13.725,42.9275,3.2544444444444443,9.516666666666667,3.0324999999999998,258.625,0.7
2016-11-22,146.70125,182.51999999999998,27.61,53.8575,29.654285714285713,38.519999999999996,1.31125,13.35625,38.23875,2.8111111111111113,8.755555555555555,3.1925,257.5,0.7
2016-11-23,116.115,204.38250000000002,33.4375,51.76375,40.74857142857143,35.81,1.2974999999999999,15.2575,44.09875,2.6500000000000004,8.434444444444445,3.2125,268.375,0.7
2016-11-24,147.56625,207.3675,31.18375,54.61625,38.394285714285715,31.21,1.08125,13.6175,43.01,3.0488888888888885,7.75,3.1050000000000004,265.875,0.7
2016-11-25,126.3725,190.435,23.64,46.286249999999995,32.33857142857143,22.8275,0.95375,13.577499999999999,51.04875,3.2077777777777774,8.165555555555555,6.0825,258.25,0.7
2016-11-26,113.3975,169.04250000000002,31.6425,47.17375,38.72857142857142,17.79,1.175,15.126249999999999,41.42125,3.208888888888889,7.486666666666666,4.165,231.0,0.7
2016-11-27,140.4375,177.315,26.577499999999997,44.0875,38.887142857142855,17.177500000000002,1.075,13.6625,43.0275,3.006666666666667,5.9655555555555555,2.735,244.5,0.7
2016-11-28,129.77125,174.6775,35.5475,44.9675,30.759999999999998,19.9225,1.15625,15.945,40.4125,3.3066666666666666,7.493333333333333,2.2425,225.625,0.7
2016-11-29,185.78875,220.785,51.417500000000004,54.316250000000004,41.48714285714285,31.5925,1.3912499999999999,17.14125,33.17,4.4366666666666665,7.792222222222222,2.8400000000000003,271.75,0.7
2016-11-30,161.95375,200.82750000000001,38.46875,52.87875,38.72428571428571,42.3825,1.9175,13.99375,34.415,3.6855555555555557,7.118888888888888,3.235,296.625,0.7
2016-12-01,145.32875,204.60000000000002,30.96875,41.71125,32.67857142857143,38.5,0.99125,10.28375,38.8425,2.983333333333333,7.949999999999999,0.975,262.875,0.7
2016-12-02,134.5725,170.6825,36.67125,41.86,43.41166666666667,38.9775,0.97875,12.3675,26.5225,2.8177777777777777,9.934444444444445,1.205,250.75,0.7
2016-12-03,111.03571428571429,173.0425,26.21,39.62,27.098333333333333,30.985,0.8875,8.942857142857143,25.229999999999997,2.3575,4.7924999999999995,0.9275,213.42857142857142,0.7
2016-12-04,153.03875,187.65,26.46875,38.75,25.366666666666664,32.97,1.08,13.3475,26.521250000000002,2.5933333333333333,8.994444444444445,0.7225,213.42857142857142,0.7
2016-12-05,139.6275,189.8975,27.89,39.4875,28.911666666666672,24.445,1.635,13.555,31.60875,2.288888888888889,6.572222222222222,0.9875,256.0,0.7
2016-12-06,158.51000000000002,207.73499999999999,24.79,40.2275,31.44666666666667,30.805,1.04875,13.2725,37.4025,2.7455555555555557,8.363333333333333,1.0250000000000001,265.5,0.7
2016-12-07,146.22875,175.5925,20.985,40.95375,28.753333333333334,29.025,0.9337500000000001,15.598749999999999,32.7,2.921111111111111,8.124444444444444,1.1825,257.5,0.7
2016-12-08,117.575,171.42,25.17625,43.84125,31.798333333333336,26.7975,0.9974999999999999,15.85875,27.1175,3.1300000000000003,8.054444444444444,2.8850000000000002,236.5,0.7
2016-12-09,146.42875,211.895,29.974999999999998,44.9075,31.38,24.2925,1.13,16.1825,33.57125,3.148888888888889,9.103333333333332,2.1950000000000003,254.0,0.7
2016-12-10,141.625,148.4975,17.8125,40.042500000000004,21.995,23.925,0.8125,16.42875,36.9125,2.852222222222222,7.2700000000000005,1.18,257.5,0.7
2016-12-11,117.12125,156.45499999999998,14.18,35.205,17.631666666666664,27.0925,0.96625,17.835,37.644999999999996,2.69,8.125555555555557,0.7749999999999999,244.875,0.7
2016-12-12,129.65125,168.26999999999998,25.907500000000002,34.1625,23.39333333333333,29.015,1.1375,17.88875,34.30875,2.5066666666666664,8.054444444444444,0.5900000000000001,241.0,0.7
2016-12-13,162.6042857142857,209.14333333333332,31.63714285714286,38.27285714285715,24.96,29.8675,1.0871428571428572,18.755714285714284,34.339999999999996,2.86375,10.09375,0.6225,271.875,0.7
2016-12-14,137.56571428571428,170.66500000000002,32.06428571428572,34.29,28.162,24.015,0.9971428571428572,12.347142857142858,34.73142857142857,2.904285714285714,8.168571428571429,1.1333333333333333,236.83333333333334,0.7
2016-12-15,125.13714285714286,174.6775,31.095714285714283,38.94714285714286,27.292,24.657500000000002,1.3699999999999999,13.044285714285715,32.932857142857145,2.56625,7.342499999999999,1.06,242.0,0.7
2016-12-16,152.16428571428574,197.725,40.93571428571429,45.06285714285714,42.482,29.052500000000002,1.467142857142857,19.535714285714285,30.16857142857143,2.82125,8.3025,1.5625,273.7142857142857,0.7
2016-12-17,168.46142857142857,198.44,37.55142857142857,49.07857142857143,39.239999999999995,29.5825,1.457142857142857,16.24285714285714,28.222857142857144,3.12875,8.9725,3.205,262.3333333333333,0.7
2016-12-18,178.05428571428573,191.6825,33.43,47.12428571428571,36.462,34.7525,1.1085714285714285,13.95,31.687142857142856,3.0787500000000003,9.908750000000001,3.2325,283.14285714285717,0.7
2016-12-19,147.99714285714285,197.93,25.124285714285715,51.08428571428571,37.5,31.575000000000003,1.06,16.05,35.06142857142857,3.0374999999999996,8.79125,3.1575,269.7142857142857,0.7
2016-12-20,135.90571428571428,160.2625,25.53,49.41142857142857,44.483999999999995,28.2325,1.0622222222222222,16.86857142857143,40.46999999999999,2.513333333333333,7.475555555555555,3.3475,253.42857142857142,0.7
2016-12-21,140.74571428571429,146.605,33.441428571428574,48.92,51.327999999999996,25.697499999999998,1.9249999999999998,16.414285714285715,35.291428571428575,3.2175000000000002,9.24,3.38,250.42857142857142,0.7
2016-12-22,188.52285714285716,193.69,45.55142857142857,54.65571428571429,53.306,32.01,3.32125,18.224285714285713,34.99857142857143,3.7487500000000002,10.65875,3.6525,277.2857142857143,0.7
2016-12-23,211.84714285714287,239.97,40.44571428571429,61.401428571428575,37.11,37.675000000000004,3.2422222222222223,16.887142857142855,33.29571428571428,4.17,12.244444444444445,3.6375,317.7142857142857,0.7
2016-12-24,232.48285714285717,243.54749999999999,55.128571428571426,61.855714285714285,57.162,40.905,3.0511111111111107,14.995714285714286,39.228571428571435,3.4766666666666666,8.484444444444444,2.175,325.7142857142857,0.7
2016-12-25,194.45428571428573,174.1275,50.30285714285714,48.48857142857143,54.730000000000004,28.7825,1.54375,9.76142857142857,37.21,3.6622222222222223,9.795555555555556,3.5225,309.0,0.7
2016-12-26,152.31285714285715,164.065,23.888571428571428,41.19857142857143,30.306,30.24,2.511111111111111,14.271428571428572,37.131428571428565,2.76125,7.94875,1.775,289.0,0.7
2016-12-27,146.10714285714286,176.895,33.37571428571429,50.5,32.46,28.6725,2.4688888888888894,15.75,33.74857142857143,2.8800000000000003,6.832222222222223,2.79,254.71428571428572,0.7
2016-12-28,183.92285714285714,197.8825,40.06,50.55571428571428,31.546,32.8025,3.876666666666667,15.01142857142857,39.18285714285714,2.873333333333333,6.601111111111111,1.5,295.57142857142856,0.7
2016-12-29,186.30714285714288,210.32,29.117142857142856,46.949999999999996,29.758,36.82,3.9655555555555555,8.442857142857143,38.92166666666667,2.97375,8.24,2.6275,298.2857142857143,0.7
2016-12-30,142.92375,175.54,19.8075,38.2875,28.673333333333332,28.235,3.8055555555555554,8.66,38.494285714285716,3.12625,9.1525,2.1575,278.57142857142856,0.7
2016-12-31,125.39,176.255,21.74625,38.04375,28.433333333333337,25.587500000000002,3.442222222222222,8.83875,36.92125,2.7977777777777773,7.934444444444444,2.1700000000000004,247.5,0.7
2017-01-01,120.35125,176.485,20.715,33.015,21.564999999999998,27.596666666666668,3.1166666666666663,7.97875,32.13375,2.611111111111111,7.325555555555557,1.6875,232.75,0.7
2017-01-02,154.35500000000002,175.87,47.21375,39.0775,42.25,30.085,5.427777777777777,10.20375,28.29875,2.3855555555555554,7.446666666666668,1.4725000000000001,217.0,0.7
2017-01-03,139.69125,182.6225,34.8475,39.636250000000004,30.84,27.409999999999997,4.196666666666667,11.145,28.53,2.714444444444444,7.2522222222222235,2.2725,246.25,0.7
2017-01-04,148.4375,189.535,38.00375,39.16625,28.08,33.865,3.352222222222222,12.8175,31.98,2.831111111111111,7.222222222222222,1.82,257.625,0.7
2017-01-05,142.64249999999998,183.8625,35.332499999999996,37.335,27.236666666666665,34.46,3.427777777777778,11.95875,35.519999999999996,2.79,9.137777777777778,1.085,251.125,0.7
2017-01-06,140.0825,170.315,21.3325,37.823750000000004,25.44666666666667,29.9525,3.0999999999999996,11.975,34.8825,2.4366666666666665,6.77,1.2425000000000002,266.25,0.7
2017-01-07,117.32,125.99,17.06125,33.85875,27.86,22.6225,3.405555555555556,8.22125,37.83875,2.5277777777777777,6.351111111111111,2.4975,238.375,0.7
2017-01-08,120.41624999999999,134.1475,22.68125,33.9475,32.02333333333333,20.3575,2.6133333333333333,8.57875,39.65625,2.1522222222222225,4.917777777777778,2.5775,222.625,0.7
2017-01-09,119.2775,144.8625,33.29625,38.38,45.38999999999999,21.735,3.1411111111111105,9.6675,36.1875,2.9322222222222223,7.861111111111111,2.8724999999999996,226.75,0.7
2017-01-10,135.21125,143.3475,19.91875,36.0975,32.60666666666666,19.685,2.5,8.65,36.44625,2.437777777777778,7.257777777777777,3.185,258.875,0.7
2017-01-11,106.49249999999999,180.695,17.76375,38.70625,28.073333333333334,22.505,2.5544444444444445,13.69125,38.6575,2.402222222222222,8.06,2.8025,237.75,0.7
2017-01-12,145.43,220.965,26.05625,41.61,32.97166666666667,28.849999999999998,3.0955555555555554,14.3425,39.807500000000005,2.376666666666667,8.327777777777776,2.4675,270.75,0.7
2017-01-13,169.91625,203.0,29.205000000000002,40.57125,31.19666666666667,28.4275,3.5411111111111113,9.61875,39.8125,2.1822222222222223,7.3999999999999995,0.77,307.375,0.7
2017-01-14,182.6175,181.95333333333335,24.2925,35.25625,23.185,23.885,3.8255555555555554,7.965,44.019999999999996,1.5499999999999998,5.842222222222222,0.4475,284.625,0.7
2017-01-15,155.34125,175.3133333333333,18.43625,32.87375,21.705,19.595,2.9988888888888887,7.60875,43.832499999999996,1.6422222222222222,6.612222222222222,0.59,263.375,0.7
2017-01-16,154.55,165.6175,26.87875,44.00625,27.441666666666666,24.02,2.3600000000000003,10.80375,37.0,2.024,7.381,1.7879999999999998,268.75,0.7
2017-01-17,135.82875,141.1675,19.465,42.74,32.921666666666674,22.2175,0.9033333333333332,9.03875,34.504285714285714,1.5266666666666666,5.315555555555556,1.6039999999999999,249.625,0.7
2017-01-18,165.875,141.05,24.560000000000002,43.76875,39.38,20.8975,0.9133333333333334,8.835,33.50857142857143,1.33,5.913333333333333,0.12200000000000003,267.5,0.7
2017-01-19,134.945,136.535,18.322499999999998,38.14625,29.169999999999998,19.1725,0.8722222222222222,7.2212499999999995,45.184285714285714,1.391111111111111,7.475555555555555,0.096,251.75,0.7
2017-01-20,110.61875,145.35750000000002,15.46375,38.7425,27.326666666666668,21.32,0.6411111111111111,7.9662500000000005,46.558571428571426,1.14,5.704444444444444,0.05800000000000001,230.125,0.7
2017-01-21,135.76625,147.115,20.27875,44.8,26.34166666666667,19.5325,0.6811111111111111,9.728750000000002,53.09571428571428,0.7577777777777778,5.258888888888889,0.048,220.85714285714286,0.7
2017-01-22,158.44714285714286,174.31,23.91375,44.07375,32.67333333333334,17.576666666666668,0.6733333333333333,9.34,43.31428571428571,0.7899999999999999,5.8500000000000005,0.088,225.57142857142858,0.7
2017-01-23,114.23875,167.18,21.83875,44.177499999999995,31.89833333333333,22.235,0.8255555555555555,10.745,40.61142857142857,1.161111111111111,6.078,0.3,225.14285714285714,0.7
2017-01-24,134.53625,189.9725,32.625,45.323750000000004,42.85833333333333,28.63,1.51,9.58,42.47625,2.6550000000000002,8.394,2.212,235.25,0.7
2017-01-25,154.51,187.0825,46.815000000000005,41.87625,41.848333333333336,31.299999999999997,1.7255555555555555,8.84125,46.50625,2.355,9.531,1.19,271.125,0.7
2017-01-26,117.92571428571429,128.1175,31.178571428571427,35.85857142857143,42.550000000000004,25.82,1.6775,6.595714285714286,52.794285714285714,1.788888888888889,3.2777777777777777,0.712,245.71428571428572,0.7
2017-01-27,77.84375,93.5825,23.7775,33.44625,36.26,22.585,1.561111111111111,6.79375,33.7575,2.007,6.817,1.222,195.85714285714286,0.7
2017-01-28,66.00125,126.715,21.598750000000003,35.76375,33.85166666666667,19.733333333333334,1.4455555555555555,8.83125,27.195,2.1759999999999997,5.561,1.768,174.875,0.7
2017-01-29,77.44125,124.5775,17.596249999999998,32.09,29.465,23.016666666666666,1.2355555555555557,10.1775,30.5175,1.642,5.88,0.9860000000000001,176.75,0.7
2017-01-30,106.6625,157.155,33.11875,36.90875,37.339999999999996,26.2275,1.5633333333333335,9.20375,33.09125,2.0789999999999997,5.927,0.9479999999999998,217.25,0.7
2017-01-31,131.2325,166.9725,38.05875,39.3425,39.36833333333333,27.7625,0.9611111111111111,9.629999999999999,37.0425,2.564,8.770999999999999,1.274,233.5,0.7
2017-02-01,105.67375,142.57999999999998,26.39125,35.91875,30.765,25.0525,0.9788888888888889,7.76625,37.323750000000004,2.396,6.372,1.1260000000000001,243.625,0.7
2017-02-02,136.39,178.785,49.52875,46.255,41.53857142857142,27.722500000000004,1.608888888888889,9.09125,39.66875,2.409,8.253,0.8619999999999999,220.57142857142858,0.7
2017-02-03,155.36625,200.79,63.06125,85.55749999999999,40.495,28.4625,2.826666666666666,10.02625,41.4375,2.668,8.555,1.578,281.0,0.7
2017-02-04,134.19750000000002,212.10333333333332,36.82,39.41625,41.528333333333336,27.4,2.7,11.70125,46.32,2.412,7.8629999999999995,1.5699999999999998,292.125,0.7
2017-02-05,116.5175,198.26333333333332,36.3725,37.14125,53.04333333333333,23.2,2.187777777777778,8.7775,50.1025,2.317,7.220000000000001,1.528,269.875,0.7
2017-02-06,121.34625,207.2,40.364999999999995,42.21,55.57333333333333,24.75,2.56,9.1625,41.7725,2.872,5.656000000000001,0.7300000000000001,265.75,0.7
2017-02-07,87.77125,167.7575,15.198749999999999,39.214999999999996,29.661666666666665,22.4025,1.9288888888888889,10.0375,47.36625,1.936,3.03,0.38,233.375,0.7
2017-02-08,107.365,189.285,18.3075,40.03,31.316666666666666,22.16,1.6211111111111112,10.237499999999999,47.40125,0.866,1.8980000000000001,0.018,232.5,0.7
2017-02-09,112.64874999999999,183.1875,17.67125,39.4,32.28333333333333,23.532500000000002,0.6733333333333333,8.9825,42.865,0.875,1.9829999999999999,0.026000000000000002,237.71428571428572,0.7
2017-02-10,94.86285714285714,160.3125,16.701428571428572,35.74285714285714,22.869999999999997,24.255,0.57875,8.445714285714287,46.04571428571428,0.9288888888888889,2.0344444444444445,0.0025,222.71428571428572,0.7
2017-02-11,95.22714285714285,167.65666666666667,25.22714285714286,34.44428571428572,21.842,25.544999999999998,0.66875,7.4957142857142856,47.652857142857144,0.79,1.9177777777777776,0.0,217.71428571428572,0.7
2017-02-12,111.8457142857143,141.54,24.825714285714287,34.56,19.304000000000002,35.2725,0.61125,7.617142857142857,46.73285714285714,0.8844444444444445,1.9244444444444444,0.0,203.14285714285714,0.7
2017-02-13,94.94714285714285,137.0175,20.90142857142857,33.87285714285714,21.43,25.0625,0.5875,10.392857142857142,51.586666666666666,0.78125,2.3075,0.0925,213.83333333333334,0.7
2017-02-14,99.24714285714286,166.6575,19.387142857142855,36.19857142857143,22.416,25.975,0.75,8.537142857142857,52.955000000000005,1.28875,3.23125,0.6125,203.71428571428572,0.7
2017-02-15,104.90714285714286,194.0325,24.98,44.160000000000004,29.824,26.5,0.8075,10.075714285714286,47.395,1.73625,4.04375,0.9875,214.0,0.7
2017-02-16,115.32857142857142,200.325,23.345714285714287,48.15571428571428,30.85,29.182499999999997,0.865,14.632857142857144,50.54,1.98875,4.89125,1.25,229.85714285714286,0.7
2017-02-17,106.10142857142857,206.5475,19.71142857142857,44.06857142857143,25.898000000000003,28.505,0.885,12.667142857142858,44.57833333333334,1.7325,4.3725,0.77,232.0,0.7
2017-02-18,101.52428571428571,205.315,24.97,43.94714285714286,27.060000000000002,31.32,0.845,12.934285714285716,45.163333333333334,1.6057142857142854,4.102857142857142,0.7225,217.57142857142858,0.7
2017-02-19,95.57857142857142,195.2,24.109999999999996,43.43571428571429,23.154,35.472500000000004,0.74625,12.462857142857143,47.305,1.025,3.24125,0.395,207.85714285714286,0.7
2017-02-20,88.58285714285714,204.655,34.51571428571429,40.87285714285714,26.774,39.2025,0.8825000000000001,13.312857142857142,44.46,1.19,2.9325,0.39749999999999996,212.0,0.7
2017-02-21,79.23571428571428,171.9225,21.004285714285714,38.191428571428574,22.53,30.2325,0.965,11.819999999999999,42.50833333333333,1.35125,3.217777777777778,0.4325,196.28571428571428,0.7
2017-02-22,75.6557142857143,166.3475,19.662857142857142,34.715714285714284,22.872,30.267500000000002,0.7125,14.005714285714285,49.540000000000006,1.6133333333333333,3.7322222222222217,0.4325,187.14285714285714,0.7
2017-02-23,80.78,141.8175,15.20625,43.23375,37.29666666666666,25.125,0.5722222222222223,11.4625,44.77125,1.502,2.963,0.6699999999999999,163.28571428571428,0.7
2017-02-24,115.12142857142858,117.3075,17.592857142857145,44.129999999999995,37.22166666666667,25.9,0.44625,11.515714285714285,47.88285714285714,1.0611111111111111,2.5877777777777777,0.51,187.14285714285714,0.7
2017-02-25,116.26285714285714,122.10249999999999,14.402857142857142,31.198571428571427,13.686000000000002,28.845,0.40625,13.212857142857144,48.798571428571435,1.2066666666666666,2.842222222222222,0.55,193.0,0.7
2017-02-26,103.67428571428572,143.2625,13.671428571428573,30.295714285714286,16.369999999999997,26.1225,0.455,12.065714285714284,42.25142857142857,1.02,3.0211111111111113,0.8525,197.71428571428572,0.7
2017-02-27,79.5025,127.98600000000002,17.439999999999998,29.57875,21.432,21.506,0.6466666666666667,10.89,36.63125,1.4633333333333334,3.7722222222222226,0.43,190.85714285714286,0.6363636363636364
2017-02-28,81.86888888888888,156.98,24.89888888888889,42.312222222222225,38.595000000000006,30.35,0.771,12.76,37.53111111111111,1.4120000000000001,4.156000000000001,0.45199999999999996,190.375,0.6363636363636364
2017-03-01,88.48777777777778,163.52,36.40222222222222,49.49555555555556,52.395,43.682,0.959,14.34,36.87444444444444,1.6669999999999998,4.464,0.5820000000000001,205.75,0.6363636363636364
2017-03-02,91.09333333333332,148.026,32.87,42.66111111111111,59.576666666666675,23.572,0.6940000000000001,11.651111111111113,32.03333333333333,1.698,4.115,0.43200000000000005,203.77777777777777,0.6363636363636364
2017-03-03,61.72888888888888,113.082,23.90888888888889,39.15222222222222,53.86166666666667,19.448,0.729,9.55888888888889,37.93888888888889,1.3649999999999998,3.367,0.52,172.66666666666666,0.6363636363636364
2017-03-04,66.86888888888888,106.83800000000001,23.763333333333335,36.26888888888889,47.55833333333334,19.234,0.6689999999999999,9.675555555555555,35.13,1.108,2.7960000000000003,0.324,150.77777777777777,0.6363636363636364
2017-03-05,55.534444444444446,96.702,23.576666666666668,35.025555555555556,54.14833333333333,17.419999999999998,0.567,9.835555555555555,37.27444444444445,0.8779999999999999,2.1399999999999997,0.21200000000000002,138.66666666666666,0.6363636363636364
2017-03-06,57.287777777777784,107.80999999999999,16.394444444444442,36.32888888888888,41.845000000000006,18.514,0.603,11.997777777777777,33.95666666666667,1.5559999999999998,2.649,0.35,136.77777777777777,0.6363636363636364
2017-03-07,68.84777777777778,116.168,26.31222222222222,37.495555555555555,47.54,20.622,0.762,12.457777777777778,30.695555555555554,1.026,2.8720000000000003,0.31799999999999995,146.55555555555554,0.6363636363636364
2017-03-08,79.94111111111111,104.694,32.504444444444445,37.72666666666667,54.86000000000001,18.756,0.6990000000000001,10.77,30.421111111111113,0.9099999999999999,2.282,0.368,178.77777777777777,0.6363636363636364
2017-03-09,76.96444444444444,103.15799999999999,21.073333333333334,34.82111111111111,41.388333333333335,20.474,0.693,9.02888888888889,28.814444444444444,0.8959999999999999,2.582,0.528,168.22222222222223,0.6363636363636364
2017-03-10,74.49222222222221,74.532,23.02111111111111,28.436666666666667,44.43833333333333,18.241999999999997,0.529,7.165555555555557,31.195555555555554,0.8230000000000001,2.283,0.382,139.77777777777777,0.6363636363636364
2017-03-11,44.51888888888889,79.066,19.964444444444446,27.858888888888888,34.21333333333333,17.3,0.454,7.435555555555556,31.604444444444443,0.82,2.334,1.05,134.55555555555554,0.6363636363636364
2017-03-12,49.82555555555555,103.59,21.262222222222224,28.35888888888889,36.26166666666667,17.014,0.453,9.568888888888889,31.56888888888889,0.8240000000000001,2.205,0.614,104.66666666666667,0.6363636363636364
2017-03-13,55.935,127.074,11.14125,23.30875,7.32,20.946,0.38666666666666666,9.66875,36.78625,1.0844444444444443,2.48,0.71,107.0,0.6363636363636364
2017-03-14,61.00444444444444,130.664,12.426666666666668,29.21888888888889,25.84166666666667,20.686,0.5029999999999999,8.287777777777778,35.19,0.9030000000000001,2.623,0.9339999999999999,140.75,0.6363636363636364
2017-03-15,61.01444444444444,118.492,19.33888888888889,30.85777777777778,33.40333333333333,21.052,0.526,7.905555555555556,35.52777777777778,1.045,2.838,1.6099999999999999,158.33333333333334,0.6363636363636364
2017-03-16,94.55000000000001,123.73400000000001,19.36555555555556,27.274444444444445,20.87,20.872,0.55,8.663333333333334,36.00888888888889,1.0445454545454547,3.452727272727273,0.93,173.85714285714286,0.6363636363636364
2017-03-17,83.35222222222222,138.752,13.023333333333333,26.31,13.136666666666665,20.032,0.6540000000000001,9.6525,37.28888888888889,1.241,3.3899999999999997,1.2799999999999998,202.5,0.6363636363636364
2017-03-18,75.06444444444445,147.834,13.53888888888889,26.77111111111111,12.371666666666664,22.875999999999998,1.1039999999999999,11.0325,36.87222222222223,1.106,3.2299999999999995,1.496,189.55555555555554,0.6363636363636364
2017-03-19,90.03666666666668,170.796,16.025555555555556,27.90222222222222,13.996666666666668,26.176,0.563,11.0875,34.815555555555555,1.214,3.753,0.968,191.11111111111111,0.6363636363636364
2017-03-20,78.63777777777779,165.972,12.297777777777778,27.267777777777777,12.463333333333333,25.014,0.636,11.35875,35.31333333333333,1.433,3.4739999999999993,0.8560000000000001,212.88888888888889,0.6363636363636364
2017-03-21,75.86333333333333,165.84,12.378888888888888,27.895555555555557,13.603333333333333,23.046,0.602,12.348749999999999,35.913333333333334,1.2550000000000001,3.525,0.82,184.44444444444446,0.6363636363636364
2017-03-22,83.95333333333333,173.554,19.264444444444443,31.60888888888889,14.628333333333336,24.196,0.617,12.61,32.93,1.459,4.587,1.002,191.77777777777777,0.6363636363636364
2017-03-23,92.36222222222221,157.924,23.721111111111114,30.574444444444445,14.425000000000002,28.098000000000003,0.642,10.628888888888888,37.75666666666667,1.175,3.286,0.8620000000000001,207.44444444444446,0.6363636363636364
2017-03-24,106.1588888888889,143.372,14.075555555555557,31.63666666666667,15.536666666666667,27.4,0.635,10.41,36.00666666666667,1.3022222222222224,3.827777777777778,0.965,212.22222222222223,0.6363636363636364
2017-03-25,73.64999999999999,138.80599999999998,11.81111111111111,29.97666666666667,14.748333333333333,24.954,0.527,8.882222222222222,37.876666666666665,1.3266666666666667,2.752222222222222,0.9375,167.875,0.6363636363636364
2017-03-26,77.2125,147.4125,11.56,29.89125,13.988,26.9175,0.4555555555555555,10.355,46.025,0.7725000000000001,1.9925,0.21,167.16666666666666,0.6363636363636364
2017-03-27,76.4011111111111,132.33599999999998,11.807777777777778,31.38222222222222,17.551666666666666,22.074,0.553,9.354444444444445,44.17444444444445,1.0144444444444443,2.5133333333333336,0.59,155.42857142857142,0.6363636363636364
2017-03-28,94.91111111111111,144.66199999999998,15.485555555555557,30.571111111111108,20.16,24.914,0.711,9.425555555555555,34.20333333333333,1.5422222222222222,6.016666666666666,0.9974999999999999,203.625,0.6363636363636364
2017-03-29,79.38555555555556,133.52,15.551111111111112,26.341111111111115,17.266666666666666,24.704,0.507,8.181111111111111,33.70222222222222,1.4788888888888887,3.5999999999999996,0.8275000000000001,193.77777777777777,0.6363636363636364
2017-03-30,63.40111111111111,112.30799999999999,14.450000000000001,26.33888888888889,16.048333333333332,24.066,0.633,9.234444444444444,33.403333333333336,1.4511111111111112,3.3499999999999996,0.8525,168.33333333333334,0.6363636363636364
2017-03-31,71.24,136.344,17.024444444444445,29.605555555555554,17.875,25.698,0.586,9.566666666666666,35.846666666666664,1.4777777777777779,3.5288888888888885,0.9,163.0,0.6363636363636364
2017-04-01,72.06333333333333,127.776,17.983333333333334,30.064444444444444,19.523333333333333,25.586,0.653,9.457777777777778,34.574444444444445,1.6944444444444444,3.943333333333333,0.8,190.44444444444446,0.6363636363636364
2017-04-02,60.025555555555556,119.62,12.108888888888888,28.174444444444443,14.87,24.657999999999998,0.513,9.378888888888888,39.65222222222222,1.1733333333333333,2.9177777777777774,0.6725,158.77777777777777,0.6363636363636364
2017-04-03,66.30000000000001,117.694,13.805555555555555,29.071111111111108,16.141666666666666,23.767999999999997,0.736,10.223333333333334,39.77444444444445,1.1488888888888888,3.0233333333333334,0.7775,157.55555555555554,0.6363636363636364
2017-04-04,63.53111111111112,117.94000000000001,13.142222222222223,26.091111111111115,14.868333333333332,25.662,0.68,9.93888888888889,37.595555555555556,1.2333333333333334,2.928888888888889,0.7775000000000001,173.88888888888889,0.6363636363636364
2017-04-05,48.28888888888889,108.154,10.341111111111111,24.42,14.39,26.884000000000004,0.5660000000000001,7.371111111111111,36.36333333333333,0.9844444444444443,2.5833333333333335,0.6300000000000001,132.33333333333334,0.6363636363636364
2017-04-06,61.79125,141.835,10.67375,24.029999999999998,14.300000000000002,29.2525,0.6499999999999999,8.21125,38.2625,1.0433333333333334,2.5755555555555554,0.7725,118.88888888888889,0.6363636363636364
2017-04-07,113.805,210.5075,13.6275,26.1525,16.900000000000002,33.2975,0.7233333333333333,10.14625,42.77875,1.2077777777777778,2.9055555555555554,0.7324999999999999,218.0,0.6363636363636364
2017-04-08,76.89333333333333,169.516,19.39333333333333,29.116666666666667,19.055,27.978,0.6529999999999999,11.504444444444445,38.763333333333335,1.358888888888889,3.051111111111111,0.7425,212.625,0.6363636363636364
2017-04-09,68.47777777777777,115.826,11.422222222222222,27.94222222222222,14.068333333333333,23.964000000000002,0.47400000000000003,9.746666666666666,42.135555555555555,1.0166666666666666,2.441111111111111,0.6325000000000001,176.33333333333334,0.6363636363636364
2017-04-10,94.7011111111111,131.804,11.31777777777778,26.635555555555555,13.671666666666667,27.309999999999995,0.674,11.066666666666666,49.278888888888886,1.2333333333333334,2.763333333333333,0.895,170.42857142857142,0.6363636363636364
2017-04-11,101.0988888888889,145.058,12.068888888888889,29.877777777777776,14.665000000000001,29.092000000000002,0.549,13.178888888888888,46.778888888888886,1.0166666666666666,3.311111111111111,0.41,215.66666666666666,0.6363636363636364
2017-04-12,92.49625,234.595,15.69625,33.85,15.161666666666667,41.306666666666665,0.5519999999999999,18.8875,33.15875,1.1877777777777778,3.7255555555555557,0.2,194.25,0.6363636363636364
2017-04-13,103.87875,178.185,25.47,35.003750000000004,17.763333333333335,33.8125,0.601,15.61125,48.0475,1.2888888888888888,4.0744444444444445,0.0875,210.5,0.6363636363636364
2017-04-14,94.77857142857144,165.10250000000002,26.304285714285715,35.71857142857143,17.122,36.085,0.4588888888888889,15.578571428571431,54.47428571428572,1.5237500000000002,4.95375,0.08333333333333333,214.57142857142858,0.6363636363636364
2017-04-15,89.16714285714285,158.4425,28.81,34.082857142857144,15.5,33.2675,0.43,14.81,51.40857142857143,1.19625,5.7,0.075,185.14285714285714,0.6363636363636364
2017-04-16,85.94428571428571,182.8125,22.291428571428572,31.752857142857142,15.436000000000002,27.796666666666667,0.42444444444444446,20.7,56.354285714285716,1.5999999999999999,6.534285714285715,0.09666666666666666,195.85714285714286,0.6363636363636364
2017-04-17,95.8442857142857,197.8425,15.235714285714286,33.07285714285714,13.969999999999999,32.707499999999996,0.379,15.025714285714287,58.40714285714286,1.0566666666666666,4.598888888888889,0.15,197.28571428571428,0.6363636363636364
2017-04-18,119.41142857142857,200.9675,14.412857142857144,32.04285714285714,10.962,30.442500000000003,0.35000000000000003,14.981428571428571,57.75428571428571,1.2999999999999998,4.56625,0.18999999999999997,243.42857142857142,0.6363636363636364
2017-04-19,98.09142857142857,173.31,19.294285714285714,29.464285714285715,12.1,35.5625,0.3788888888888889,13.957142857142857,52.49571428571429,1.1087500000000001,3.9274999999999998,0.08,232.0,0.6363636363636364
2017-04-20,93.16,138.88799999999998,24.7275,28.396250000000002,16.772,41.0675,0.385,16.2425,41.11625,1.18125,3.61625,0.08,217.85714285714286,0.5833333333333334
2017-04-21,94.9542857142857,180.33800000000002,11.690000000000001,28.55125,10.617999999999999,36.230000000000004,0.335,13.18125,47.805,0.76375,3.165,0.08666666666666667,208.71428571428572,0.5833333333333334
2017-04-22,125.30333333333334,155.86,11.69,29.17142857142857,8.622,35.52,0.29900000000000004,12.488333333333335,44.46,0.4677777777777778,1.3344444444444445,0.1075,214.42857142857142,0.5833333333333334
2017-04-23,91.54666666666667,157.5675,16.121428571428574,28.184285714285714,12.052000000000001,37.86,0.39111111111111113,15.868571428571428,41.54571428571428,0.53375,1.915,0.14666666666666667,208.0,0.5833333333333334
2017-04-24,75.74000000000001,213.35333333333332,14.925,28.14375,12.2,30.689999999999998,0.406,15.1725,40.25375,0.7525000000000001,3.65125,0.15666666666666665,197.42857142857142,0.5833333333333334
2017-04-25,71.56714285714285,190.375,13.1825,29.365000000000002,13.916000000000002,28.4775,0.39545454545454545,14.475,44.151250000000005,0.6000000000000001,2.7766666666666664,0.1675,159.75,0.5833333333333334
2017-04-26,68.10571428571428,197.845,15.37125,32.785,15.469999999999999,30.2575,0.363,17.51625,42.698750000000004,0.69125,4.1137500000000005,0.21333333333333335,170.0,0.5833333333333334
2017-04-27,95.78,207.04250000000002,16.68875,30.8575,16.85,32.714999999999996,0.383,25.19875,40.11125,1.04625,3.47,0.22333333333333336,191.5,0.5833333333333334
2017-04-28,81.02,149.70749999999998,14.24,25.94625,14.11,30.5625,0.34500000000000003,15.36875,47.94875,0.63375,2.6425,0.04,179.5,0.5833333333333334
2017-04-29,74.87285714285714,166.44,18.41,33.775,17.032,34.5125,0.41200000000000003,21.71,43.68625,0.83875,3.28125,0.07666666666666667,174.5,0.5833333333333334
2017-04-30,47.784285714285716,129.2075,11.7825,29.315,9.99,29.55333333333333,0.5279999999999999,13.45,47.355,0.72875,2.8187499999999996,0.03666666666666667,151.875,0.5833333333333334
2017-05-01,50.73142857142857,112.5725,14.965,28.78,11.728,30.240000000000002,0.377,15.45625,43.26875,0.75,3.2575000000000003,0.04,112.625,0.5833333333333334
2017-05-02,79.24857142857142,138.46200000000002,25.30125,35.63875,16.374,31.275000000000002,0.501,17.87625,49.38375,0.765,3.1712500000000006,0.04,157.57142857142858,0.5833333333333334
2017-05-03,90.28857142857143,146.638,17.84875,37.07,15.475999999999999,34.4375,0.40099999999999997,17.3725,34.794285714285714,0.7471428571428571,3.085,0.05666666666666667,185.0,0.5833333333333334
2017-05-04,87.21428571428571,143.36599999999999,14.049999999999999,32.10125,12.969999999999999,27.4625,0.404,15.056249999999999,38.9125,0.6699999999999999,2.7649999999999997,0.07666666666666667,184.25,0.5833333333333334
2017-05-05,122.19714285714285,170.776,16.0125,32.00875,15.512,27.485,0.409,15.53857142857143,43.415,0.95625,2.91125,0.05666666666666667,208.625,0.5833333333333334
2017-05-06,144.8114285714286,170.51,23.1375,38.13375,18.274,30.729999999999997,0.472,18.875714285714285,44.14999999999999,1.01,3.41625,0.05666666666666667,208.75,0.5833333333333334
2017-05-07,129.98714285714286,153.144,26.845000000000002,32.21,21.298,31.650000000000002,0.49399999999999994,18.25,43.81625,1.1400000000000001,3.41375,0.023333333333333334,218.625,0.5833333333333334
2017-05-08,207.24857142857144,150.352,16.00125,27.96,15.11,31.02,0.42400000000000004,15.61625,51.900000000000006,1.7325,3.91125,0.02666666666666667,204.25,0.5833333333333334
2017-05-09,77.91000000000001,155.132,9.55125,27.662499999999998,10.358333333333334,33.99,0.279,16.06375,47.410000000000004,0.7212500000000001,3.53375,0.043333333333333335,182.75,0.5833333333333334
2017-05-10,179.85714285714286,137.998,7.2325,26.64875,9.303333333333335,37.4975,0.307,15.3875,54.07875,0.5549999999999999,2.66875,0.04,165.0,0.5833333333333334
2017-05-11,140.32857142857142,142.73,9.782499999999999,33.495,12.436666666666667,33.1775,0.392,11.28125,41.7675,0.79125,3.18375,0.05333333333333334,201.125,0.5833333333333334
2017-05-12,130.91857142857143,164.502,13.23,28.5,12.448333333333332,25.017500000000002,0.385,16.965,37.60125,0.91875,3.7737499999999997,0.06333333333333334,235.25,0.5833333333333334
2017-05-13,104.47285714285715,171.09,15.276250000000001,31.72,16.3,27.0925,0.40199999999999997,17.5875,38.12625,1.13,4.47,0.049999999999999996,210.125,0.5833333333333334
2017-05-14,113.27,164.952,13.92875,28.99125,14.231666666666667,25.7775,0.686,16.195,31.095,1.0075,3.96375,0.07666666666666667,202.375,0.5833333333333334
2017-05-15,90.45,154.9,17.901249999999997,28.8675,15.738333333333332,26.465,0.40199999999999997,16.02375,39.169999999999995,0.87625,3.30375,0.04666666666666667,212.625,0.5833333333333334
2017-05-16,99.39285714285714,145.648,11.2875,27.50625,9.996666666666668,21.1225,0.358,14.168750000000001,42.29,1.3055555555555556,2.835,0.06666666666666667,195.5,0.5833333333333334
2017-05-17,59.11571428571428,129.78400000000002,9.24625,22.92125,9.37,19.2425,0.2681818181818182,10.977500000000001,35.21625,0.909,2.17125,0.09666666666666666,146.42857142857142,0.5833333333333334
2017-05-18,83.04333333333334,142.274,7.201428571428572,26.82857142857143,8.418333333333335,22.42,0.34777777777777774,19.392857142857142,37.81428571428571,1.34,2.7985714285714285,0.18333333333333335,140.42857142857142,0.5833333333333334
2017-05-19,91.08857142857143,147.972,22.055,32.08,11.091666666666667,23.915,0.36363636363636365,12.3775,33.81,1.058,2.1744444444444446,0.1,181.42857142857142,0.5833333333333334
2017-05-20,99.71857142857142,209.272,17.62,31.90625,12.108333333333334,24.7925,0.34199999999999997,16.0075,34.1375,1.27,2.6075,0.16333333333333333,171.28571428571428,0.5833333333333334
2017-05-21,80.265,201.405,15.95142857142857,27.96,11.464999999999998,27.3575,0.304,18.42142857142857,35.39,1.3077777777777777,2.3112500000000002,0.105,190.85714285714286,0.5833333333333334
2017-05-22,93.10000000000001,181.89,25.54125,43.645,13.479999999999999,29.150000000000002,0.34299999999999997,12.985000000000001,28.75,1.401111111111111,3.165,0.12666666666666668,160.57142857142858,0.5833333333333334
2017-05-23,116.50142857142858,177.8675,29.641250000000003,41.25125,12.136666666666665,38.0775,0.3409090909090909,18.1125,36.17,1.316,3.092222222222222,0.1175,178.14285714285714,0.5833333333333334
2017-05-24,112.24857142857142,170.745,10.58,37.917500000000004,10.763333333333334,33.412499999999994,0.341,12.71125,29.84142857142857,1.5755555555555556,3.50125,0.12666666666666668,205.875,0.5833333333333334
2017-05-25,84.56142857142858,133.64249999999998,9.9625,30.6575,8.298333333333334,27.605,0.501,15.885,39.527142857142856,1.4377777777777778,2.4611111111111112,0.04,197.28571428571428,0.5833333333333334
2017-05-26,125.74,151.19,8.99625,30.17125,9.558333333333334,31.169999999999998,0.733,13.70625,38.36,1.2977777777777777,2.11875,0.11666666666666665,211.875,0.5833333333333334
2017-05-27,55.63285714285714,131.1175,7.62625,22.645,6.34,27.55,0.3172727272727273,14.104999999999999,46.25714285714286,0.841,1.3977777777777778,0.02,177.25,0.5833333333333334
2017-05-28,40.96857142857143,90.115,6.64625,20.78125,6.43,29.134999999999998,0.368,11.84125,40.129999999999995,0.9533333333333334,1.90625,0.03666666666666667,101.125,0.5833333333333334
2017-05-29,46.16571428571428,99.65,8.29875,24.08375,8.128333333333334,30.335,0.34299999999999997,11.4825,30.43,1.108888888888889,2.25625,0.02666666666666667,98.0,0.5833333333333334
2017-05-30,57.371428571428574,98.964,9.0125,24.5875,9.276666666666666,28.75,0.26545454545454544,12.24,32.49875,0.873,1.9355555555555557,0.015,93.5,0.5833333333333334
2017-05-31,70.08571428571429,90.634,9.594999999999999,22.872500000000002,8.93,29.1325,0.2945454545454545,11.605,29.60125,0.898,2.017777777777778,0.0025,132.875,0.5833333333333334
2017-06-01,57.12714285714286,104.326,14.377500000000001,30.12125,12.651666666666666,29.935000000000002,0.42300000000000004,9.2525,32.54,1.2566666666666668,2.70375,0.0033333333333333335,121.25,0.5833333333333334
2017-06-02,92.54714285714286,145.256,16.5125,32.24875,13.481666666666667,30.395,0.31,13.19875,33.77875,1.173,2.464444444444444,0.0075,181.71428571428572,0.5833333333333334
2017-06-03,66.35,153.91199999999998,18.6425,31.567500000000003,15.311666666666667,32.1475,0.391,11.17625,31.771250000000002,1.411111111111111,2.9375,0.013333333333333334,176.375,0.5833333333333334
2017-06-04,64.87333333333333,193.235,21.235714285714284,30.939999999999998,17.003999999999998,34.31666666666667,0.2866666666666667,13.05,31.885714285714283,1.3033333333333335,2.6133333333333333,0.24600000000000005,171.0,0.5833333333333334
2017-06-05,64.32571428571428,146.512,15.16,28.09125,11.435,32.33,0.368,11.111249999999998,25.46875,0.8275,3.04,0.05333333333333334,158.28571428571428,0.5833333333333334
2017-06-06,102.88,163.21800000000002,13.23125,21.5375,10.736666666666666,28.03,0.3145454545454545,8.78875,20.88375,0.5833333333333334,2.44,0.055,176.75,0.5833333333333334
2017-06-07,93.24000000000001,109.576,13.668750000000001,23.26875,7.156666666666666,31.405,0.296,11.70375,21.47,0.61,1.99,0.04,176.375,0.5833333333333334
2017-06-08,41.65571428571429,83.6175,10.0975,23.7775,5.66,27.2125,0.24818181818181817,9.53,17.527142857142856,0.5055555555555555,1.0677777777777777,0.0175,103.5,0.5833333333333334
2017-06-09,85.61285714285715,120.372,9.4475,24.1175,5.738333333333333,28.345,0.277,7.29,18.165714285714284,0.5974999999999999,1.2574999999999998,0.15,122.875,0.5833333333333334
2017-06-10,55.85857142857143,75.58500000000001,11.27125,24.345,5.853333333333333,29.685,0.592,11.36,20.8,0.59125,1.59125,0.22666666666666668,140.375,0.5833333333333334
2017-06-11,78.58000000000001,64.405,10.6425,23.7075,5.815,26.18,0.26399999999999996,9.442857142857141,23.615714285714287,0.525,1.2075,0.013333333333333334,126.5,0.5833333333333334
2017-06-12,55.97142857142857,80.136,12.14125,27.01,6.12,28.34,0.25272727272727274,5.1466666666666665,25.21857142857143,0.4811111111111111,1.1477777777777778,0.0325,126.375,0.5833333333333334
2017-06-13,58.32,117.292,16.923750000000002,29.82375,8.59,29.4675,0.329,4.76,25.57428571428571,0.5525,1.295,0.20666666666666667,131.57142857142858,0.5833333333333334
2017-06-14,59.14333333333334,142.618,13.004285714285714,26.437142857142856,5.036,27.945,0.181,13.558333333333332,28.813333333333333,0.20750000000000002,0.62,0.1275,126.0,0.6153846153846154
2017-06-15,112.24666666666667,102.498,14.234285714285715,35.58428571428571,4.368,28.2675,0.22333333333333336,7.371666666666666,26.2,0.43000000000000005,0.8785714285714287,0.07666666666666667,145.57142857142858,0.6153846153846154
2017-06-16,64.91499999999999,75.49166666666666,14.235555555555557,24.36555555555556,5.828333333333333,27.869999999999997,0.30916666666666665,5.70625,21.47125,0.46222222222222226,1.2633333333333334,0.0375,113.42857142857143,0.5714285714285714
2017-06-17,91.58000000000001,80.694,14.08375,24.997500000000002,5.781999999999999,26.4175,0.279,8.145714285714286,24.657142857142855,0.6612499999999999,1.435,0.07666666666666667,150.375,0.5714285714285714
2017-06-18,91.55857142857143,119.58200000000002,13.7125,21.853749999999998,5.215999999999999,26.12,0.30700000000000005,5.998571428571428,25.54,0.615,1.26125,0.17333333333333334,153.25,0.5714285714285714
2017-06-19,87.93333333333334,96.83857142857143,13.846,16.673000000000002,4.3533333333333335,22.534,0.33384615384615385,6.9944444444444445,22.23888888888889,0.348,0.968,0.065,165.125,0.5714285714285714
2017-06-20,47.0775,68.01166666666667,14.600000000000001,22.02,7.4079999999999995,24.972,1.6718181818181819,6.415,24.4125,0.355,1.077,0.1575,144.66666666666666,0.5714285714285714
2017-06-21,54.34,70.39857142857143,13.682999999999998,17.096,5.733333333333333,22.444,0.4707692307692308,6.67,25.265555555555554,0.34909090909090906,0.925,0.19,121.55555555555556,0.5714285714285714
2017-06-22,45.50666666666667,69.36857142857143,20.49777777777778,16.77777777777778,7.328333333333333,26.156,0.36000000000000004,6.342222222222222,20.991111111111113,0.472,1.149,0.2,108.55555555555556,0.5714285714285714
2017-06-23,52.99888888888889,80.35285714285715,12.568888888888889,24.703333333333333,5.97,22.652,0.3283333333333333,6.681111111111111,22.543333333333333,0.49000000000000005,0.95,0.368,109.77777777777777,0.5714285714285714
2017-06-24,50.39333333333333,113.43285714285715,17.86777777777778,23.044444444444444,6.326666666666667,28.0,0.35818181818181816,6.726666666666667,19.45111111111111,0.6,1.1179999999999999,0.445,111.2,0.5714285714285714
2017-06-25,52.416666666666664,109.75333333333333,11.02,20.468888888888888,5.553333333333334,21.958000000000002,0.3427272727272727,7.1755555555555555,18.454444444444444,0.37875000000000003,0.85,0.01,115.33333333333333,0.5714285714285714
2017-06-26,44.23444444444445,120.54,10.37375,17.633333333333336,4.925,20.772,0.37333333333333335,8.135555555555555,19.054444444444446,0.43333333333333335,0.6866666666666666,0.0,110.22222222222223,0.5714285714285714
2017-06-27,52.02333333333333,102.46499999999999,10.1525,20.36625,4.915,20.334,0.38090909090909086,10.022222222222222,15.786666666666669,0.35250000000000004,0.75125,0.0033333333333333335,100.33333333333333,0.5714285714285714
2017-06-28,32.51777777777778,64.32000000000001,10.633333333333333,18.815555555555555,4.511666666666667,20.990000000000002,0.32916666666666666,6.05875,15.0525,0.38727272727272727,0.7445454545454545,0.0025,83.77777777777777,0.5714285714285714
2017-06-29,30.775555555555556,76.31142857142856,9.833333333333334,15.07888888888889,3.7183333333333333,24.307499999999997,0.3283333333333333,4.664444444444445,16.686666666666667,0.4800000000000001,0.9109999999999999,0.1275,67.55555555555556,0.5714285714285714
2017-06-30,36.50333333333333,68.35857142857142,11.301,14.384,4.078333333333333,23.45,0.30538461538461537,9.424444444444443,17.038888888888888,0.44,0.8845454545454546,0.144,66.375,0.5714285714285714
2017-07-01,37.34888888888889,88.50166666666667,18.583333333333332,16.436666666666667,5.255,18.554,0.4641666666666666,5.07125,16.482499999999998,0.489,1.012,0.135,85.11111111111111,0.5714285714285714
2017-07-02,33.26888888888889,89.15499999999999,18.473333333333333,18.33888888888889,4.315,27.788,0.42333333333333334,5.1025,17.225,0.45899999999999996,1.316,0.075,96.0,0.5714285714285714
2017-07-03,35.15555555555556,88.48428571428572,16.372999999999998,18.86,4.508333333333334,36.064,0.3261538461538462,6.927777777777778,17.765555555555558,0.48363636363636364,0.9881818181818183,0.21800000000000003,72.55555555555556,0.5714285714285714
2017-07-04,52.825,61.053333333333335,13.522,14.906,4.515,15.057500000000001,0.34833333333333333,13.74111111111111,13.27888888888889,0.3111111111111111,0.8033333333333333,0.06,94.88888888888889,0.5714285714285714
2017-07-05,78.01125,69.42333333333333,12.078,15.446000000000002,6.058333333333333,11.732499999999998,0.31833333333333336,5.7155555555555555,15.77111111111111,0.30222222222222217,1.182,0.42,119.33333333333333,0.5714285714285714
2017-07-06,45.2575,70.36999999999999,13.287777777777778,14.865555555555554,4.568333333333333,11.5325,0.2776923076923077,4.8675,15.0775,0.19,0.842,1.435,113.22222222222223,0.5714285714285714
2017-07-07,90.3375,76.335,13.999,14.24,4.985,13.3,0.335,6.344444444444445,14.77111111111111,0.429,1.0790000000000002,0.7533333333333333,122.5,0.5714285714285714
2017-07-08,81.83555555555556,68.35600000000001,15.348888888888887,14.882222222222222,4.236666666666667,16.119999999999997,0.3566666666666667,4.90375,14.68125,0.23222222222222222,0.8777777777777778,0.35000000000000003,114.22222222222223,0.5714285714285714
2017-07-09,133.10625,56.4375,13.475555555555557,14.55888888888889,4.951666666666667,20.8825,0.30583333333333335,5.331428571428572,14.538749999999999,0.183,0.683,0.1675,139.5,0.5714285714285714
2017-07-10,46.76444444444444,62.896,10.834999999999999,14.99,4.743333333333333,16.99,0.3466666666666667,5.754444444444444,14.237777777777776,0.2525,0.9275,0.42333333333333334,73.28571428571429,0.5714285714285714
2017-07-11,75.8388888888889,76.36,11.129000000000001,15.541999999999998,4.573333333333333,15.564000000000002,0.4708333333333334,6.47111111111111,13.547777777777776,0.27249999999999996,1.045,0.8066666666666666,106.66666666666667,0.5714285714285714
2017-07-12,33.126666666666665,55.77333333333333,12.713333333333333,15.61111111111111,5.091666666666667,17.6475,0.42333333333333334,6.338888888888889,12.35888888888889,0.27,0.955,0.18000000000000002,128.22222222222223,0.5714285714285714
2017-07-13,35.54333333333333,63.644000000000005,12.381111111111112,14.948888888888888,4.858333333333333,14.578,0.6572727272727273,7.15125,16.84625,0.2511111111111111,0.9477777777777777,0.13999999999999999,81.55555555555556,0.5714285714285714
2017-07-14,110.03444444444443,63.378,10.481111111111112,18.476666666666667,5.165,14.55,0.3441666666666667,7.4025,23.5925,0.355,0.881,0.5599999999999999,113.77777777777777,0.5714285714285714
2017-07-15,38.4825,79.80799999999999,10.5,22.99,5.868333333333333,17.15,0.3845454545454546,7.46375,24.225,0.41100000000000003,0.9949999999999999,0.195,77.0,0.5714285714285714
2017-07-16,120.81222222222222,71.538,10.476666666666667,21.744444444444447,5.023333333333333,21.178,0.35454545454545455,7.302499999999999,22.39375,0.39555555555555555,0.9411111111111112,0.125,78.875,0.5714285714285714
2017-07-17,77.78777777777778,71.16833333333334,11.247,22.375999999999998,5.733333333333333,21.168,0.3576923076923077,8.43888888888889,25.36777777777778,0.175,0.8140000000000001,0.165,76.625,0.5714285714285714
2017-07-18,33.117777777777775,65.19333333333334,12.351,25.881,6.0683333333333325,19.644,0.33,7.963333333333334,19.54222222222222,0.782,1.082,0.07250000000000001,78.11111111111111,0.5714285714285714
2017-07-19,33.91555555555556,53.086666666666666,16.846,28.491000000000003,6.4750000000000005,21.267999999999997,0.33416666666666667,9.73,17.62777777777778,0.396,0.758,0.1175,80.0,0.5714285714285714
2017-07-20,30.167777777777776,66.275,21.394,19.926,5.016666666666667,18.7,0.31923076923076926,6.783333333333333,17.9525,0.3727272727272727,0.7127272727272728,0.13199999999999998,72.9,0.5714285714285714
2017-07-21,36.01888888888889,64.36333333333333,12.215,17.006999999999998,4.051666666666667,19.206,0.6141666666666666,6.044444444444444,19.6,0.612,0.9,0.16,76.0,0.5714285714285714
2017-07-22,76.54875,81.885,13.3875,20.22375,3.944,17.188,0.30454545454545456,3.761428571428571,22.585714285714285,0.437,0.484,0.0575,115.375,0.5714285714285714
2017-07-23,27.68125,79.688,12.571111111111112,19.344444444444445,3.7739999999999996,17.722,0.2325,5.12625,20.544285714285714,0.10500000000000001,0.336,0.01,145.57142857142858,0.5714285714285714
2017-07-24,56.19555555555556,68.15333333333334,11.562999999999999,18.595,4.515,18.22,0.3466666666666667,5.547777777777778,22.58875,0.15555555555555556,0.37444444444444447,0.03,84.28571428571429,0.5714285714285714
2017-07-25,34.30444444444444,70.03,15.14,18.793,4.2299999999999995,19.708,0.4058333333333333,5.704444444444444,20.808888888888887,0.16444444444444445,0.7355555555555555,0.09666666666666666,89.75,0.5714285714285714
2017-07-26,39.31333333333333,75.93166666666667,10.764,19.213,4.536666666666666,18.66,0.3038461538461538,5.503333333333334,23.646250000000002,0.156,0.37,0.4,84.22222222222223,0.5714285714285714
2017-07-27,36.71125,68.3525,9.47125,19.05875,4.253333333333333,19.6375,1.4789999999999999,4.948571428571428,29.398571428571426,0.2544444444444445,0.5677777777777778,0.19666666666666666,99.375,0.5714285714285714
2017-07-28,59.138749999999995,62.707499999999996,9.321250000000001,18.6575,4.3966666666666665,18.9075,0.422,4.4314285714285715,30.62857142857143,0.2888888888888889,0.5900000000000001,0.23666666666666666,106.125,0.5714285714285714
2017-07-29,41.988749999999996,56.215,12.54375,23.41,4.086666666666667,14.795,0.465,4.302857142857143,26.554285714285715,0.7633333333333333,0.9100000000000001,0.30250000000000005,95.5,0.5714285714285714
2017-07-30,131.37375,67.38,13.3575,24.2225,4.085,18.72,0.604,4.34,23.458571428571425,0.5299999999999999,1.0322222222222224,0.3875,129.125,0.5714285714285714
2017-07-31,29.595555555555556,81.482,13.996666666666666,22.316666666666666,4.9750000000000005,20.092000000000002,0.33666666666666667,4.7612499999999995,20.033749999999998,0.4072727272727273,3.5281818181818183,0.738,67.14285714285714,0.5714285714285714
2017-08-01,32.117777777777775,80.29666666666667,14.770000000000001,27.651999999999997,4.488333333333333,20.43,0.4166666666666667,6.04,22.901111111111113,0.3333333333333333,0.9570000000000001,0.7775,81.33333333333333,0.5714285714285714
2017-08-02,32.38125,74.332,10.541111111111112,22.49888888888889,4.458333333333333,22.637500000000003,0.6254545454545455,6.65125,20.45875,0.29555555555555557,0.7022222222222223,0.29333333333333333,84.44444444444444,0.5714285714285714
2017-08-03,26.51625,57.486000000000004,10.25111111111111,18.10888888888889,4.17,22.442500000000003,0.692,7.0675,21.5,0.28,0.7766666666666667,0.06,86.875,0.5714285714285714
2017-08-04,36.5925,75.212,9.958888888888888,20.12666666666667,5.01,20.509999999999998,0.5772727272727273,6.56875,22.867142857142856,0.381,0.68,0.1075,76.0,0.5714285714285714
2017-08-05,39.2625,87.58,11.163333333333334,21.546666666666667,5.211666666666667,21.4425,0.631,7.665,27.397142857142857,0.3333333333333333,0.8833333333333333,0.37000000000000005,108.25,0.5714285714285714
2017-08-06,38.86,95.522,11.69,21.264444444444443,5.503333333333334,23.36,0.637,9.55625,22.650000000000002,0.30222222222222217,0.991111111111111,0.16333333333333333,120.5,0.5714285714285714
2017-08-07,40.82625,85.442,8.892222222222223,26.80333333333333,5.111666666666666,20.7425,0.6554545454545455,8.31875,23.315,0.394,1.267,0.4075,117.14285714285714,0.5714285714285714
2017-08-08,31.828888888888887,77.79,9.834999999999999,19.985,4.846666666666667,19.692,0.5781818181818181,6.323333333333333,24.0,0.917,2.107,1.7725,93.0,0.5714285714285714
2017-08-09,33.9275,67.872,13.247777777777777,21.97,5.491666666666667,23.3525,0.607,7.14875,21.852857142857143,0.56,1.348888888888889,0.29333333333333333,78.14285714285714,0.5714285714285714
2017-08-10,38.19777777777778,72.05166666666666,9.324,22.834,5.101666666666667,17.624000000000002,0.4458333333333333,6.318888888888889,16.3125,0.8045454545454546,1.210909090909091,0.41,83.25,0.5714285714285714
2017-08-11,27.415555555555557,75.51833333333333,8.767,21.622999999999998,4.633333333333334,14.798000000000002,0.519090909090909,6.912222222222223,20.155,1.0550000000000002,2.1879999999999997,0.8775000000000001,83.22222222222223,0.5714285714285714
2017-08-12,27.1475,87.03666666666668,6.115555555555556,19.88888888888889,3.8266666666666667,10.243333333333334,0.5263636363636364,6.198888888888889,19.14375,1.465,1.3780000000000001,13.575000000000001,78.11111111111111,0.5714285714285714
2017-08-13,28.04625,103.42999999999999,6.12,19.752222222222223,4.566000000000001,10.196666666666667,0.45999999999999996,6.4944444444444445,20.37625,1.3909090909090909,0.7536363636363635,5.228,86.0,0.5714285714285714
2017-08-14,41.19111111111111,83.855,8.419,26.586000000000002,4.703333333333333,18.253999999999998,0.5490909090909091,6.641111111111111,18.5425,1.0790000000000002,1.018,4.3625,98.25,0.5714285714285714
2017-08-15,32.62,82.236,6.142222222222222,23.605555555555554,4.548333333333333,15.106,0.5809090909090909,5.49,18.158749999999998,0.5211111111111111,1.0811111111111111,5.35,85.11111111111111,0.5714285714285714
2017-08-16,35.532222222222224,80.09833333333333,5.567,24.108,4.363333333333333,16.162,0.6063636363636363,6.228888888888889,22.11,0.508888888888889,0.8811111111111111,4.4675,81.55555555555556,0.5714285714285714
2017-08-17,41.64125,97.512,6.811111111111111,24.373333333333335,4.638333333333334,16.9875,0.66,6.640000000000001,20.584285714285716,0.4372727272727273,0.7081818181818181,4.04,98.2,0.5714285714285714
2017-08-18,36.355714285714285,92.888,9.077142857142857,29.240000000000002,4.044,16.47,0.47500000000000003,6.585714285714286,20.551666666666666,0.41,0.775,6.2275,98.33333333333333,0.5714285714285714
2017-08-19,31.17142857142857,66.56,11.360000000000001,19.361428571428572,4.1659999999999995,16.134999999999998,0.41090909090909095,5.04,18.786666666666665,0.31444444444444447,0.6266666666666666,6.3925,85.71428571428571,0.5714285714285714
2017-08-20,23.345714285714283,44.095,10.457142857142857,17.424285714285713,3.414,14.4225,0.5554545454545455,4.7683333333333335,20.613333333333333,0.3888888888888889,0.5233333333333333,4.7875,74.0,0.5714285714285714
2017-08-21,28.962222222222223,64.50333333333333,7.24,19.469,3.0383333333333336,13.796000000000001,0.4633333333333333,7.032222222222222,20.443749999999998,0.6519999999999999,0.567,4.984999999999999,63.42857142857143,0.5714285714285714
2017-08-22,32.76888888888889,61.56,7.964,21.804,3.6816666666666666,14.351999999999999,0.525,7.833333333333333,20.4175,0.6779999999999999,0.674,5.4350000000000005,75.75,0.5714285714285714
2017-08-23,32.71888888888889,66.696,10.954444444444444,24.29888888888889,4.739999999999999,15.738,0.5581818181818181,5.6575,17.71875,0.45099999999999996,0.75,4.487500000000001,80.5,0.5714285714285714
2017-08-24,42.894444444444446,70.99666666666667,10.209999999999999,21.296,4.333333333333333,16.444,0.5425,7.0,21.6875,0.47800000000000004,0.849,4.8,81.11111111111111,0.5714285714285714
2017-08-25,48.355555555555554,57.92333333333334,8.514,21.421,3.786666666666667,15.969999999999999,0.4691666666666667,6.541111111111111,19.9,0.529,0.758,4.325,105.88888888888889,0.5714285714285714
2017-08-26,38.97777777777778,65.07000000000001,11.494444444444445,20.492222222222225,3.6016666666666666,17.188,0.5554545454545454,5.47375,19.0475,0.523,0.712,5.3025,94.5,0.5714285714285714
2017-08-27,33.233333333333334,60.068,14.716666666666665,24.763333333333335,3.706666666666667,17.384,0.5281818181818182,6.00875,19.45625,0.44699999999999995,0.765,5.302499999999999,92.75,0.5714285714285714
2017-08-28,23.721111111111114,64.55199999999999,9.989,16.752,3.4,14.534,0.5175,5.321,16.86333333333333,0.395,0.618,4.8825,75.85714285714286,0.5714285714285714
2017-08-29,122.59111111111113,54.634,11.237777777777778,22.587777777777777,3.9983333333333335,17.32,0.5336363636363637,5.49625,20.41875,0.677,0.958,4.2775,68.66666666666667,0.5714285714285714
2017-08-30,94.9688888888889,60.19199999999999,13.085555555555555,26.334444444444443,4.358333333333333,19.134,0.5909090909090909,5.29625,23.35125,0.4,0.8019999999999999,3.6439999999999997,161.88888888888889,0.5714285714285714
2017-08-31,29.221111111111114,69.53,9.143333333333333,20.385555555555555,8.365,16.698,0.8954545454545454,7.63375,38.94,0.555,1.064,3.8120000000000003,104.0,0.5714285714285714
2017-09-01,41.02333333333333,61.685714285714276,9.187999999999999,16.049,5.453333333333333,15.1,0.5925,6.29,29.202222222222222,0.62,1.408,5.031999999999999,98.0,0.5714285714285714
2017-09-02,36.77666666666667,65.32000000000001,10.28111111111111,18.667777777777776,5.468333333333334,18.509999999999998,0.5881818181818181,6.15625,29.34,0.736,1.888,4.9625,97.77777777777777,0.5714285714285714
2017-09-03,24.514444444444443,61.73166666666666,8.947777777777778,18.615555555555556,4.953333333333334,17.195999999999998,0.53,4.9475,21.676666666666666,0.48777777777777775,1.0677777777777777,4.8925,75.88888888888889,0.5714285714285714
2017-09-04,31.850000000000005,77.81166666666667,10.677777777777779,19.34111111111111,5.364999999999999,28.826,0.6954545454545454,5.20125,22.315555555555555,0.5488888888888889,1.27,4.83,80.0,0.5714285714285714
2017-09-05,31.578888888888887,78.25999999999999,7.55,18.285,4.323333333333333,17.660000000000004,0.5666666666666667,6.815555555555556,23.904444444444444,0.5855555555555555,1.3022222222222222,5.2,88.11111111111111,0.5714285714285714
2017-09-06,29.84111111111111,80.0,8.979999999999999,22.216666666666665,4.851666666666667,17.812,0.47583333333333333,5.205,21.784444444444446,0.52,1.25,3.3966666666666665,89.44444444444444,0.5714285714285714
2017-09-07,31.073333333333338,91.37166666666667,9.54888888888889,21.742222222222225,5.141666666666667,19.348000000000003,0.519090909090909,5.20625,18.477777777777774,0.5933333333333333,1.6766666666666667,5.659999999999999,83.11111111111111,0.5714285714285714
2017-09-08,36.01111111111111,85.49833333333333,8.770000000000001,20.863333333333333,4.905,17.302,0.5091666666666667,5.1175,21.383333333333333,0.595,1.405,5.2625,90.55555555555556,0.5714285714285714
2017-09-09,38.465555555555554,98.50666666666666,9.518888888888888,22.357777777777777,4.956666666666666,17.984,0.53,5.5325,19.8875,0.55,1.23,5.3100000000000005,99.22222222222223,0.5714285714285714
2017-09-10,35.70666666666667,91.04833333333333,12.82,23.14333333333333,5.285,20.8425,0.465,6.49625,19.72875,0.40090909090909094,0.9381818181818182,5.184,97.44444444444444,0.5714285714285714
2017-09-11,39.23111111111111,85.61666666666667,11.062222222222223,21.33111111111111,5.321666666666666,20.3425,0.5045454545454545,6.32,22.66,0.501,0.986,4.6075,98.22222222222223,0.5714285714285714
2017-09-12,42.06,87.125,9.443333333333335,23.353333333333335,5.085,15.0225,0.5354545454545455,5.36125,22.87,0.46099999999999997,1.131,4.5275,110.22222222222223,0.5714285714285714
2017-09-13,43.257777777777775,99.86333333333333,9.596666666666668,22.175555555555555,4.163333333333333,16.535,0.44416666666666665,6.046250000000001,20.33555555555556,0.49636363636363634,1.3436363636363635,3.784,103.66666666666667,0.5714285714285714
2017-09-14,41.43111111111111,105.96833333333335,15.118888888888888,20.10666666666667,4.8500000000000005,21.753999999999998,0.5081818181818182,5.51125,23.98777777777778,1.123,1.348,4.685,114.11111111111111,0.5714285714285714
2017-09-15,36.49777777777778,98.19,9.081111111111111,21.16888888888889,5.483333333333333,19.324,0.4954545454545455,6.26375,23.073333333333334,0.718,1.272,5.260000000000001,105.88888888888889,0.5714285714285714
2017-09-16,36.54222222222222,91.64333333333333,7.890000000000001,21.762222222222224,5.4316666666666675,21.206,0.45916666666666667,6.54625,23.247777777777777,0.4145454545454546,1.09,3.772,92.44444444444444,0.5714285714285714
2017-09-17,34.06111111111111,90.395,9.147777777777778,21.855555555555558,5.068333333333333,20.064,0.46636363636363637,6.19125,22.52,0.437,1.109,3.9825,89.66666666666667,0.5714285714285714
2017-09-18,35.84777777777778,101.03166666666668,9.238888888888887,26.006666666666668,4.918333333333334,21.084,0.69,5.41875,22.605555555555554,0.43100000000000005,1.1460000000000001,5.17,91.55555555555556,0.5714285714285714
2017-09-19,29.577777777777776,102.77833333333332,7.416666666666667,20.11888888888889,5.583333333333333,21.842,1.0783333333333334,6.77375,24.325555555555557,0.3854545454545455,1.038181818181818,3.364,105.0,0.5714285714285714
2017-09-20,40.65888888888889,106.08833333333332,8.476666666666667,19.492222222222225,5.978333333333334,29.564,0.5490909090909091,6.59125,24.815555555555555,0.607,1.403,4.03,103.77777777777777,0.5714285714285714
2017-09-21,35.33111111111111,98.32000000000001,8.503333333333334,20.09111111111111,5.7250000000000005,28.296,0.5036363636363637,6.72375,20.67,0.462,1.8059999999999998,3.9975,106.44444444444444,0.5714285714285714
2017-09-22,39.97333333333333,86.60000000000001,7.430000000000001,19.033333333333335,5.43,23.866,1.04,7.06125,20.299999999999997,0.526,1.846,4.6025,109.33333333333333,0.5714285714285714
2017-09-23,41.94888888888889,75.71333333333332,7.867777777777778,19.313333333333333,6.166666666666667,24.436,0.40166666666666667,5.7325,23.871111111111112,0.49545454545454537,1.9872727272727273,3.064,99.0,0.5714285714285714
2017-09-24,49.50111111111111,97.72166666666668,8.823333333333332,19.63888888888889,7.260000000000001,23.964,0.4636363636363636,6.4825,24.146666666666665,0.5900000000000001,2.289,4.547499999999999,113.55555555555556,0.5714285714285714
2017-09-25,47.79222222222222,107.44833333333332,9.39,22.4,9.99,23.16,0.4491666666666667,6.555,22.93,0.5109090909090909,1.8763636363636365,3.62,112.0,0.5714285714285714
2017-09-26,58.91777777777778,122.23400000000001,8.603333333333333,20.506666666666668,12.743333333333332,13.835714285714285,0.44166666666666665,7.016666666666667,22.22666666666667,0.4775,1.8791666666666667,2.6671428571428573,124.75,0.5714285714285714
2017-09-27,59.093999999999994,114.79333333333334,16.848,27.060000000000002,21.377499999999998,24.043333333333333,0.5075,8.379,21.477,0.4875,2.4033333333333333,3.045714285714286,135.22222222222223,0.5714285714285714
2017-09-28,57.156000000000006,106.75333333333333,14.072,25.934999999999995,15.1575,23.426666666666666,0.4608333333333334,7.664,21.311,0.4033333333333333,1.8908333333333334,2.7171428571428575,124.22222222222223,0.5714285714285714
2017-09-29,58.007000000000005,122.32666666666667,11.163,23.211,12.36875,23.83142857142857,0.4558333333333333,10.314,22.68,0.45166666666666666,1.8291666666666666,2.5528571428571425,128.55555555555554,0.5714285714285714
2017-09-30,71.77000000000001,124.57333333333332,9.004000000000001,22.618000000000002,9.765,24.88,0.45416666666666666,7.723999999999999,23.256999999999998,0.509090909090909,2.08,4.193333333333333,137.44444444444446,0.5714285714285714
2017-10-01,49.66727272727273,86.71142857142857,8.346363636363636,22.016,10.22888888888889,27.24857142857143,0.38999999999999996,5.878181818181818,21.054,0.6336363636363637,1.9272727272727272,1.2666666666666668,140.77777777777777,0.5714285714285714
2017-10-02,42.64545454545455,73.92428571428572,10.88090909090909,19.713,10.612222222222222,23.03,0.3308333333333333,5.692727272727272,21.361,0.5099999999999999,1.5154545454545456,0.48666666666666664,118.57142857142857,0.5714285714285714
2017-10-03,41.806363636363635,84.41285714285713,9.388181818181819,22.5,14.299999999999999,21.461428571428574,0.37333333333333335,6.161818181818182,19.903636363636362,0.5909090909090909,2.1236363636363635,0.5816666666666667,98.75,0.5714285714285714
2017-10-04,57.875454545454545,104.03125,9.650833333333333,21.843636363636364,19.387272727272727,22.716,0.4030769230769231,8.879166666666666,23.235833333333332,0.8663636363636364,3.32,1.555,125.875,0.5714285714285714
2017-10-05,47.14909090909091,76.74285714285715,9.973636363636363,22.71,19.87818181818182,21.151,0.25461538461538463,6.829090909090909,23.71272727272727,0.8654545454545454,2.821818181818182,1.5599999999999998,136.0,0.5714285714285714
2017-10-06,47.18272727272727,93.41,8.656363636363636,24.089000000000002,18.812727272727273,24.724444444444444,0.3758333333333334,6.414545454545455,25.006363636363634,0.7272727272727273,2.3045454545454547,1.1766666666666667,107.2,0.5714285714285714
2017-10-07,47.95454545454545,91.91285714285713,9.496363636363636,24.881999999999998,18.55181818181818,24.34777777777778,0.4483333333333333,7.478181818181818,23.570909090909087,0.7363636363636363,2.3236363636363637,0.9483333333333333,129.0,0.5714285714285714
2017-10-08,58.447272727272725,99.13714285714286,9.02,25.391,19.234545454545454,27.773333333333333,0.31083333333333335,9.02818181818182,25.345454545454547,0.6172727272727273,1.739090909090909,0.24333333333333332,147.66666666666666,0.5714285714285714
2017-10-09,54.873636363636365,91.3475,11.125,22.61909090909091,19.61,28.582,0.446923076923077,8.585833333333333,19.92,0.7827272727272727,2.190909090909091,1.3383333333333336,152.625,0.5714285714285714
2017-10-10,66.57777777777778,104.14,14.3775,28.8725,22.51181818181818,31.764,0.4066666666666667,6.83375,27.195999999999998,0.92,3.0525,0.21142857142857147,161.5,0.5714285714285714
2017-10-11,61.96888888888889,96.2375,22.175,31.60625,25.712500000000002,34.92444444444445,0.30916666666666665,7.672499999999999,25.395000000000003,0.9408333333333334,2.7091666666666665,0.18857142857142858,147.625,0.5714285714285714
2017-10-12,67.875,118.5975,11.645,28.7075,17.69818181818182,32.78,0.3208333333333333,6.2425,29.86,0.6381818181818182,1.9427272727272729,0.17,150.42857142857142,0.5714285714285714
2017-10-13,78.17750000000001,121.15,15.14875,30.18375,20.092,29.07222222222222,0.43249999999999994,8.178749999999999,29.561111111111114,0.5818181818181818,1.2436363636363637,0.028333333333333332,182.71428571428572,0.5714285714285714
2017-10-14,85.84,129.3425,17.68875,29.3825,19.329,29.576,0.3458333333333334,9.065,36.24666666666667,0.6336363636363637,1.3218181818181818,0.021666666666666667,192.28571428571428,0.5714285714285714
2017-10-15,87.94250000000001,121.1825,19.37,34.6525,24.068,28.00111111111111,0.37166666666666665,9.74125,31.718888888888884,0.5236363636363636,1.311818181818182,0.03666666666666667,183.0,0.5714285714285714
2017-10-16,94.905,162.746,18.795555555555556,35.23222222222223,31.244,25.456,0.4392307692307692,14.619999999999997,27.793,0.8281818181818181,1.239090909090909,0.10999999999999999,212.42857142857142,0.5714285714285714
2017-10-17,96.9325,166.045,22.221249999999998,43.355,31.712,26.668,0.5233333333333333,10.395,30.775555555555556,1.8572727272727272,2.2027272727272726,0.04,206.28571428571428,0.5714285714285714
2017-10-18,113.72999999999999,185.07,24.5725,41.19,35.21181818181818,25.34,0.4566666666666666,13.5225,34.74333333333333,2.0608333333333335,5.6116666666666655,0.5028571428571429,244.0,0.5714285714285714
2017-10-19,109.61,154.515,14.673333333333332,29.90818181818182,26.636363636363637,31.282,0.7615384615384616,16.323333333333334,29.46083333333333,1.7463636363636363,4.200909090909091,2.936666666666667,264.7142857142857,0.5714285714285714
2017-10-20,162.371,244.73166666666665,15.976363636363637,28.335,31.1875,33.073,0.6391666666666667,12.472727272727274,29.775833333333335,1.8433333333333335,4.5408333333333335,4.285714285714286,322.375,0.5714285714285714
2017-10-21,96.37916666666666,162.06125,12.094166666666666,25.737272727272728,24.750833333333333,31.308,0.6107692307692307,14.053333333333333,32.85,2.0908333333333333,4.466666666666667,4.418571428571428,254.88888888888889,0.5714285714285714
2017-10-22,103.14777777777778,188.45,19.515,34.5625,24.432,32.03777777777778,0.58,10.57,33.715555555555554,1.3791666666666667,3.5083333333333333,4.184285714285714,219.77777777777777,0.5714285714285714
2017-10-23,94.89583333333333,149.66857142857143,24.184545454545457,41.466,36.27166666666667,29.455555555555552,0.7541666666666668,11.051818181818183,36.495,1.5233333333333334,3.9908333333333332,4.152857142857143,214.66666666666666,0.5714285714285714
2017-10-24,91.43083333333334,149.45857142857145,24.35363636363636,43.379000000000005,39.25083333333333,35.86333333333333,0.6725,9.796363636363637,33.218333333333334,1.6600000000000001,4.26,3.7728571428571427,202.88888888888889,0.5714285714285714
2017-10-25,122.85499999999999,234.91799999999998,46.005,48.095000000000006,43.97363636363636,33.693333333333335,14.228461538461538,17.679,43.157,2.0575,5.98,4.2700000000000005,279.6666666666667,0.5714285714285714
2017-10-26,121.75899999999999,212.212,33.899,45.007999999999996,45.00636363636364,33.983333333333334,8.673846153846153,15.35,44.821999999999996,2.8991666666666664,7.8075,4.498571428571428,397.77777777777777,0.5714285714285714
2017-10-27,99.40333333333332,156.56857142857143,22.006666666666664,38.161818181818184,40.809090909090905,34.49,6.0600000000000005,13.401666666666666,33.300909090909094,3.151666666666667,8.370833333333334,4.24,375.1111111111111,0.5714285714285714
2017-10-28,118.675,213.31,31.074,49.734,49.88181818181818,42.10333333333333,6.082307692307693,16.599,41.221,2.5433333333333334,8.621666666666666,4.395714285714286,352.8888888888889,0.5714285714285714
2017-10-29,121.51199999999999,198.834,20.652,40.137,36.942727272727275,57.19555555555556,4.793846153846154,13.969,44.396,3.2433333333333336,8.644166666666665,4.408571428571428,317.9,0.5714285714285714
2017-10-30,117.63875,218.1575,21.994999999999997,41.49,31.485000000000003,44.443,0.6741666666666667,8.7275,42.683749999999996,1.1627272727272726,3.7463636363636366,4.376666666666666,240.22222222222223,0.5714285714285714
2017-10-31,104.2075,177.335,19.34846153846154,33.910833333333336,33.14083333333333,37.914,1.1435714285714285,12.476923076923079,41.86538461538461,2.0341666666666667,8.548333333333334,4.8757142857142854,184.36363636363637,0.5714285714285714
2017-11-01,96.405,139.0525,19.40909090909091,28.69818181818182,29.015833333333333,27.516666666666666,0.8238461538461539,9.468181818181819,38.838,2.0,8.136666666666667,4.714285714285714,204.54545454545453,0.5714285714285714
2017-11-02,95.80818181818182,133.765,16.468333333333334,33.54636363636364,33.52,36.281,0.8392307692307692,9.065833333333334,40.412727272727274,1.6849999999999998,7.072500000000001,4.682857142857143,203.8,0.5714285714285714
2017-11-03,99.23166666666667,131.7125,31.272499999999997,54.877272727272725,40.26083333333333,50.974444444444444,2.6242857142857146,14.506923076923076,40.60583333333333,3.441666666666667,11.546666666666667,5.1499999999999995,238.72727272727272,0.5714285714285714
2017-11-04,100.61833333333334,142.42625,25.093333333333334,50.91909090909091,40.9525,40.83777777777778,2.1714285714285713,18.838461538461537,42.82923076923077,4.110833333333333,12.815,5.674285714285714,239.33333333333334,0.5714285714285714
2017-11-05,99.54916666666666,134.85625,24.205384615384617,41.1475,38.12583333333333,28.735999999999997,2.3185714285714285,17.9,41.99923076923077,4.289166666666667,12.87,5.42,233.33333333333334,0.5714285714285714
2017-11-06,96.24416666666667,135.9075,27.105384615384615,43.69307692307692,44.81166666666667,32.587,3.595714285714286,19.189230769230768,41.176153846153845,3.829166666666667,14.469166666666666,6.511428571428572,230.16666666666666,0.5714285714285714
2017-11-07,130.79,190.1457142857143,24.269166666666667,52.6025,45.6875,38.541111111111114,4.410769230769231,17.138333333333332,32.10333333333333,5.25,19.674166666666668,10.6,280.1666666666667,0.5714285714285714
2017-11-08,174.74249999999998,209.57,29.398333333333337,54.340833333333336,49.79916666666667,38.74888888888889,6.116923076923077,20.415,37.79333333333333,6.406666666666666,24.09583333333333,12.052857142857144,310.9166666666667,0.5714285714285714
2017-11-09,175.4375,199.61125,28.866923076923076,51.37,52.916666666666664,43.15,3.9514285714285715,22.097692307692306,42.58615384615385,6.050000000000001,22.404999999999998,11.25,323.9166666666667,0.5714285714285714
2017-11-10,168.0925,173.88375,38.574615384615385,57.090769230769226,59.60166666666667,56.516000000000005,4.859285714285714,20.20230769230769,44.894615384615385,5.4075,20.719166666666666,10.285714285714286,312.0833333333333,0.5714285714285714
2017-11-11,151.665,196.17285714285714,32.42916666666667,53.9775,53.37416666666667,56.73222222222222,5.234615384615385,20.654166666666665,54.69583333333333,5.501666666666666,20.67083333333333,10.141428571428571,343.6666666666667,0.5714285714285714
2017-11-12,161.8325,207.7242857142857,29.063636363636363,52.25181818181818,47.44416666666667,45.34375,4.756153846153846,21.075833333333335,52.42916666666667,2.585,9.254166666666666,4.301428571428572,310.4166666666667,0.5714285714285714
2017-11-13,161.5825,178.29749999999999,38.08769230769231,49.433076923076925,58.11000000000001,38.214999999999996,8.217142857142857,21.14,44.51,3.4316666666666666,8.06,5.6085714285714285,383.75,0.5714285714285714
2017-11-14,136.60333333333332,153.11125,39.52076923076923,52.89,59.655833333333334,37.378,9.509285714285713,28.805833333333336,42.12,7.333333333333333,6.456666666666667,9.6,366.5833333333333,0.5714285714285714
2017-11-15,98.195,117.48125,24.032307692307693,36.80769230769231,39.181666666666665,32.06,4.120714285714286,25.618333333333336,38.86923076923077,5.748333333333334,5.334166666666667,7.861428571428571,275.9166666666667,0.5714285714285714
2017-11-16,94.50083333333333,127.16285714285713,21.37,38.969166666666666,38.51916666666667,35.07555555555555,1.316923076923077,22.165454545454544,37.54,2.8233333333333337,5.28,5.28,189.91666666666666,0.5714285714285714
2017-11-17,99.84166666666665,127.55142857142857,20.424166666666668,41.07416666666666,37.6775,35.69888888888889,1.3692307692307693,21.801818181818184,35.5925,3.1166666666666667,5.09,4.557142857142857,210.33333333333334,0.5714285714285714
2017-11-18,96.43583333333333,111.3525,20.849230769230772,40.856153846153845,37.785000000000004,29.944,1.3092857142857142,24.463333333333335,30.444615384615382,2.6300000000000003,4.256666666666667,3.6757142857142857,203.58333333333334,0.5714285714285714
2017-11-19,103.11916666666667,122.98857142857142,17.136666666666667,42.71333333333334,33.034615384615385,54.78666666666667,1.7000000000000002,19.62181818181818,34.24916666666667,3.2183333333333333,5.138333333333334,3.6028571428571428,209.0,0.5714285714285714
2017-11-20,94.6025,127.85571428571428,13.120833333333335,39.70166666666667,31.568461538461538,48.46111111111111,1.4238461538461538,17.118181818181817,38.998333333333335,2.7216666666666662,7.685833333333334,15.48857142857143,219.75,0.5714285714285714
2017-11-21,89.93416666666667,123.07428571428571,15.953333333333333,43.163333333333334,35.96153846153846,53.46,2.02,18.747272727272726,44.490833333333335,3.0308333333333337,6.6225,8.172857142857143,207.83333333333334,0.5714285714285714
2017-11-22,102.91166666666668,134.94857142857146,17.399166666666666,45.6625,38.716153846153844,46.1888888888889,2.113076923076923,19.024545454545454,48.98416666666666,5.069999999999999,8.96,8.6,226.58333333333334,0.5714285714285714
2017-11-23,110.37833333333333,149.0825,18.487692307692306,43.70461538461538,41.79384615384616,43.354,2.8528571428571428,27.27,48.696923076923085,2.6350000000000002,5.830000000000001,3.957142857142857,233.66666666666666,0.5714285714285714
2017-11-24,112.03384615384616,168.49666666666667,24.042857142857144,48.48857142857143,47.01357142857143,49.76454545454545,4.114,24.053846153846152,51.50714285714286,2.7361538461538464,6.782307692307692,3.87625,274.0,0.5333333333333333
2017-11-25,125.40692307692308,175.76222222222225,24.227142857142855,50.20928571428571,51.40857142857143,42.95100000000001,3.612666666666667,23.178571428571427,50.59571428571429,2.572307692307692,6.973846153846154,3.54,305.46153846153845,0.5333333333333333
2017-11-26,132.74923076923076,177.15875,29.803846153846152,49.72923076923077,49.38714285714286,56.26555555555555,5.063571428571429,21.034615384615385,49.926923076923075,4.774615384615385,7.819999999999999,5.266249999999999,318.0,0.5333333333333333
2017-11-27,120.51307692307692,172.4333333333333,24.87142857142857,46.37571428571429,46.708571428571425,44.699,5.622,23.16857142857143,50.34571428571429,2.7023076923076923,8.36076923076923,4.275,304.53846153846155,0.5333333333333333
2017-11-28,111.80153846153847,160.30777777777777,29.22214285714286,48.59571428571429,52.42357142857143,44.583999999999996,4.709333333333333,20.172857142857143,50.36714285714286,4.354615384615385,10.848461538461539,5.2700000000000005,321.6923076923077,0.5333333333333333
2017-11-29,132.11153846153846,167.45,36.29714285714286,47.19785714285714,55.916428571428575,55.712,2.0573333333333332,22.47714285714286,45.71357142857143,4.353076923076923,13.234615384615385,5.5875,273.3076923076923,0.5333333333333333
2017-11-30,125.89846153846155,151.29500000000002,33.93,43.58461538461539,51.144285714285715,57.962222222222216,4.027857142857143,17.128461538461536,46.216923076923074,5.216153846153846,14.234615384615385,7.1875,257.84615384615387,0.5333333333333333
2017-12-01,125.55538461538461,144.83875,33.10307692307692,42.33846153846154,49.871428571428574,50.34111111111111,3.2892857142857146,17.923076923076923,48.28615384615385,4.293846153846154,16.764615384615386,6.8125,273.0,0.5333333333333333
2017-12-02,129.05,148.5775,28.623076923076926,37.94769230769231,42.482142857142854,40.16,1.4407142857142858,18.84692307692308,55.135384615384616,3.278461538461539,10.61076923076923,4.8774999999999995,250.23076923076923,0.5333333333333333
2017-12-03,126.2425,156.56,22.20076923076923,36.653076923076924,37.73571428571428,54.87,1.5064285714285715,16.47153846153846,50.826153846153844,3.060769230769231,7.9715384615384615,3.9325,235.3846153846154,0.5333333333333333
2017-12-04,129.58,161.83,19.60153846153846,36.50769230769231,35.567142857142855,56.39111111111111,1.5178571428571428,17.055384615384614,49.33076923076923,2.9000000000000004,8.25076923076923,3.58125,226.15384615384616,0.5333333333333333
2017-12-05,130.78,169.33571428571426,20.1225,36.0875,35.24923076923077,59.691250000000004,1.6153846153846154,15.534999999999998,49.91916666666666,2.667692307692308,7.252307692307692,5.1137500000000005,244.91666666666666,0.5333333333333333
2017-12-06,118.07916666666667,142.18,12.084166666666667,40.12916666666667,34.30384615384616,44.24,1.3469230769230771,14.1925,54.13636363636363,2.2453846153846153,6.127692307692308,2.975,232.36363636363637,0.5333333333333333
2017-12-07,106.99214285714285,161.67222222222222,11.454615384615384,36.33857142857143,27.680714285714284,35.949999999999996,1.7,14.935714285714285,44.50923076923077,3.0215384615384617,10.243846153846155,4.32,222.91666666666666,0.5
2017-12-08,103.61357142857142,163.53555555555556,13.414615384615384,36.385,24.547857142857143,34.39636363636364,1.4706666666666666,29.285333333333334,48.58846153846154,3.4799999999999995,10.706153846153846,4.61625,223.92857142857142,0.5
2017-12-09,110.89142857142858,157.17999999999998,29.456923076923076,48.92357142857143,36.32071428571429,32.526363636363634,1.5846666666666667,19.559285714285714,41.428461538461534,4.7192307692307685,12.244615384615384,4.975,207.69230769230768,0.5
2017-12-10,110.47285714285714,149.5111111111111,31.30461538461538,47.645714285714284,35.097857142857144,37.29454545454546,3.048666666666667,20.974999999999998,39.690769230769234,4.701538461538461,15.243846153846155,4.8950000000000005,234.07142857142858,0.5
2017-12-11,103.22615384615385,134.69375,27.447692307692307,47.900769230769235,33.39071428571429,41.402,3.205714285714286,21.466923076923077,44.07333333333333,4.382499999999999,12.331538461538461,5.10875,250.0,0.5
2017-12-12,100.18307692307692,126.28222222222222,19.806923076923077,44.15714285714285,31.256428571428568,35.42272727272728,2.253333333333333,14.736428571428572,33.505384615384614,2.0461538461538464,7.031538461538461,6.2725,199.07692307692307,0.5
2017-12-13,94.45923076923077,134.80888888888887,15.616153846153846,40.855000000000004,28.44857142857143,34.655454545454546,2.401333333333333,16.314285714285713,32.13923076923077,1.933846153846154,5.266153846153847,3.685,216.92857142857142,0.5
2017-12-14,89.60071428571429,116.96666666666667,11.90846153846154,36.63214285714286,23.297857142857143,36.04454545454545,1.6553333333333333,19.176428571428573,36.59615384615385,1.9776923076923079,4.1523076923076925,4.0325,188.92857142857142,0.5
2017-12-15,89.54642857142858,117.75888888888888,13.235384615384616,39.495,25.81642857142857,40.81181818181818,1.424,17.655714285714286,40.50923076923077,2.138333333333333,5.4624999999999995,2.1928571428571426,186.78571428571428,0.5
2017-12-16,85.4007142857143,120.85000000000001,13.570000000000002,37.464999999999996,26.553571428571427,37.097,1.296,16.49,38.7,2.6008333333333336,7.123333333333334,2.2142857142857144,183.85714285714286,0.5
2017-12-17,91.98714285714286,140.40444444444444,12.536923076923076,33.97642857142857,24.897142857142857,41.553,1.3046666666666666,17.415714285714284,44.44307692307692,2.8516666666666666,7.335833333333333,1.8228571428571432,177.28571428571428,0.5
2017-12-18,96.535,129.67555555555555,15.423076923076923,39.50857142857143,30.12642857142857,46.757,1.4666666666666666,19.107857142857142,42.301538461538456,2.6925000000000003,8.511666666666667,2.3771428571428572,187.23076923076923,0.5
2017-12-19,115.62,149.81,17.665,43.26714285714286,34.56666666666667,39.268181818181816,2.289333333333333,22.09642857142857,39.71769230769231,4.265833333333333,12.453636363636365,2.748571428571428,211.21428571428572,0.5
2017-12-20,138.2823076923077,168.3422222222222,23.284666666666666,43.302,46.676,49.6,1.9394117647058824,22.40266666666667,35.440666666666665,4.397272727272727,11.764166666666666,3.375714285714286,230.16666666666666,0.47058823529411764
2017-12-21,119.92692307692307,157.93333333333334,13.610666666666667,40.605333333333334,34.68333333333333,38.49272727272727,1.6052941176470588,21.338666666666665,45.23266666666667,4.556666666666667,10.265384615384617,4.71,230.42857142857142,0.47058823529411764
2017-12-22,98.08538461538463,129.88333333333333,12.530666666666667,45.78933333333334,36.352,43.33818181818182,1.57,20.400666666666666,43.4,3.24,9.596923076923078,3.15125,198.57142857142858,0.47058823529411764
2017-12-23,94.12307692307692,144.76,21.825,47.38,40.64714285714285,51.08727272727273,2.6666666666666665,22.024,49.387692307692305,4.528333333333333,12.296923076923077,5.0200000000000005,192.71428571428572,0.47058823529411764
2017-12-24,119.09692307692308,156.97444444444443,19.615714285714287,46.208571428571425,35.50642857142857,52.66,2.222,23.60214285714286,46.899230769230776,4.743333333333333,13.567692307692308,4.64375,243.42857142857142,0.47058823529411764
2017-12-25,132.8723076923077,164.0975,17.166923076923077,46.07,30.665714285714284,53.517999999999994,3.0621428571428573,19.304615384615385,49.72333333333333,4.376666666666667,12.116153846153846,4.73125,251.41666666666666,0.47058823529411764
2017-12-26,129.65615384615384,177.61333333333334,17.70357142857143,40.50642857142857,30.06142857142857,40.56636363636364,1.9026666666666665,23.58142857142857,46.29538461538462,4.394166666666667,11.571538461538463,4.1575,281.2307692307692,0.47058823529411764
2017-12-27,141.86923076923077,181.50555555555556,19.12,39.29600000000001,34.524,46.86272727272728,2.6341176470588237,21.63866666666667,41.60533333333333,4.513846153846154,14.51923076923077,4.8925,261.35714285714283,0.47058823529411764
2017-12-28,153.9776923076923,179.6688888888889,22.154666666666667,40.342,39.992,36.85909090909091,3.91375,22.532666666666668,40.7,5.089230769230769,13.533076923076923,5.978750000000001,295.5,0.47058823529411764
2017-12-29,123.4530769230769,166.86111111111111,17.795333333333335,37.968666666666664,36.30533333333334,38.16090909090909,3.0575,21.608,38.245625000000004,4.590833333333333,14.211538461538462,4.3725000000000005,272.64285714285717,0.47058823529411764
2017-12-30,119.80846153846154,183.71444444444444,15.551333333333334,37.452,33.47266666666666,36.76363636363636,2.113125,21.764,39.68933333333334,4.1674999999999995,11.024615384615384,3.565,245.5,0.47058823529411764
2017-12-31,123.43692307692308,207.465,21.032857142857143,37.14866666666667,37.61357142857143,41.263,1.4926666666666668,25.069285714285712,47.365,3.895,10.265833333333333,3.345,233.0,0.47058823529411764
2018-01-01,134.17615384615385,166.949,14.832857142857142,34.53066666666667,32.424285714285716,40.124,1.5146666666666666,21.335,47.00714285714286,3.65,9.450833333333334,2.84625,236.15384615384616,0.47058823529411764
2018-01-02,133.45384615384617,171.4322222222222,14.674999999999999,30.767333333333333,32.88928571428571,39.76,1.6593333333333333,22.478461538461538,47.46,3.4466666666666668,11.124545454545455,2.915,243.76923076923077,0.47058823529411764
2018-01-03,119.30461538461539,187.794,20.959285714285716,40.702,37.80428571428571,44.998999999999995,2.1006666666666667,18.592857142857145,48.01571428571429,3.358333333333333,11.07,3.00375,218.46153846153845,0.47058823529411764
2018-01-04,133.85416666666666,200.73777777777775,20.363076923076925,50.25307692307692,42.7,43.45555555555555,2.6035714285714286,24.48076923076923,45.05538461538462,3.901818181818182,13.117272727272727,3.337142857142857,255.92857142857142,0.47058823529411764
2018-01-05,131.41416666666666,211.32777777777778,17.8,54.240833333333335,39.19923076923077,49.9875,2.967142857142857,21.314615384615383,38.80692307692308,3.72,12.408181818181816,3.04,269.7692307692308,0.47058823529411764
2018-01-06,133.38083333333333,216.7925,27.7825,58.7525,48.848461538461535,39.5525,3.6923076923076925,23.221666666666664,46.67416666666667,4.589090909090909,13.742727272727272,3.5685714285714285,299.4166666666667,0.47058823529411764
2018-01-07,120.9575,191.98375,23.504166666666666,55.134166666666665,43.073076923076925,37.410000000000004,2.993076923076923,23.0125,50.5325,3.5899999999999994,11.288181818181819,2.802857142857143,283.3333333333333,0.47058823529411764
2018-01-08,127.77999999999999,178.79375,20.80333333333333,55.33083333333334,39.12923076923077,42.06875,1.9230769230769231,22.753333333333334,54.32666666666666,3.744545454545454,10.724545454545455,2.0285714285714285,260.1666666666667,0.47058823529411764
2018-01-09,125.83833333333332,200.23624999999998,17.145833333333332,44.73333333333333,31.449230769230766,43.7475,1.6384615384615384,22.855,61.156666666666666,3.049090909090909,10.437272727272727,1.4528571428571428,240.08333333333334,0.47058823529411764
2018-01-10,116.395,178.42,16.708571428571428,42.21266666666667,37.88142857142857,38.36000000000001,2.4,24.048571428571428,43.60066666666667,2.980833333333333,9.865,2.164285714285714,249.25,0.47058823529411764
2018-01-11,117.57666666666665,174.76333333333332,20.094285714285714,47.58866666666666,39.62357142857143,30.58090909090909,4.149375,25.53857142857143,44.767857142857146,3.5400000000000005,10.600833333333332,3.66875,258.2307692307692,0.47058823529411764
2018-01-12,127.57692307692308,202.18200000000002,23.12142857142857,53.306666666666665,45.98571428571428,34.406666666666666,3.1931249999999998,27.423571428571428,42.04600000000001,3.959230769230769,14.691538461538462,4.27,297.6923076923077,0.47058823529411764
2018-01-13,136.2553846153846,196.895,24.599999999999998,50.076,43.85,37.281666666666666,2.60375,23.11076923076923,35.53866666666667,3.965384615384615,14.383076923076922,4.42875,270.0,0.47058823529411764
2018-01-14,122.97461538461539,187.381,20.174285714285713,46.32785714285715,43.56428571428571,35.624545454545455,2.788,19.393846153846155,38.76857142857143,3.543846153846154,10.443846153846154,3.67875,272.7857142857143,0.47058823529411764
2018-01-15,111.18769230769232,165.28,19.555714285714284,42.43071428571428,41.02214285714286,35.16818181818182,2.155333333333333,22.013571428571428,46.61642857142857,2.8723076923076927,7.309230769230769,2.695,255.28571428571428,0.47058823529411764
2018-01-16,99.11153846153846,159.45,26.344,46.35142857142857,41.472142857142856,34.47636363636364,4.044,25.255714285714284,39.71071428571429,3.822307692307692,11.842307692307692,5.0325,233.57142857142858,0.47058823529411764
2018-01-17,115.8753846153846,182.764,23.700666666666667,41.771428571428565,39.517857142857146,32.91090909090909,3.052,24.104999999999997,44.63,3.8646153846153846,11.873076923076923,3.69875,260.0,0.47058823529411764
2018-01-18,113.46846153846153,183.616,20.562142857142856,43.825714285714284,48.355000000000004,32.96090909090909,3.2266666666666666,23.13357142857143,42.83428571428572,3.2466666666666666,11.0775,3.485,244.92857142857142,0.47058823529411764
2018-01-19,121.38615384615385,219.142,28.087142857142855,48.89785714285714,61.03000000000001,34.56,5.496666666666666,26.200714285714287,42.185,4.195,12.750833333333333,3.3975,294.0,0.47058823529411764
2018-01-20,94.76846153846154,163.69666666666666,17.822142857142858,50.84499999999999,48.87714285714286,35.70545454545454,4.592666666666667,26.59,46.52285714285714,4.46,16.125833333333333,5.73625,206.30769230769232,0.47058823529411764
2018-01-21,103.42153846153846,161.07777777777778,17.615714285714287,55.79,51.64928571428572,36.02636363636364,3.104,24.964285714285715,48.30571428571428,4.96076923076923,20.13076923076923,8.094999999999999,236.21428571428572,0.47058823529411764
2018-01-22,112.90538461538462,179.45333333333332,18.768666666666665,46.92,45.55214285714286,34.52727272727273,1.8026666666666666,25.319285714285712,52.11642857142857,2.8953846153846152,8.422307692307692,2.3674999999999997,229.57142857142858,0.47058823529411764
2018-01-23,112.79846153846152,159.57555555555555,25.044999999999998,45.65714285714286,47.87428571428571,33.18818181818182,3.048666666666667,21.997142857142855,42.24071428571428,2.443076923076923,9.018461538461539,2.98625,226.57142857142858,0.47058823529411764
2018-01-24,100.1425,143.29125,17.92153846153846,42.51,48.560769230769225,35.876,4.557142857142858,25.27,38.60846153846154,3.4491666666666667,14.789166666666667,4.411428571428571,286.0,0.47058823529411764
2018-01-25,92.74083333333333,129.97375,20.10153846153846,45.25461538461538,46.37833333333333,37.499,7.240714285714285,24.726923076923075,36.28,4.534166666666667,16.291666666666668,6.42,278.6923076923077,0.47058823529411764
2018-01-26,94.68416666666667,140.28375,17.756153846153843,44.63153846153846,44.814166666666665,38.421,4.6000000000000005,21.283846153846152,39.90615384615384,3.6575,15.472499999999998,4.972857142857143,282.7692307692308,0.47058823529411764
2018-01-27,100.45615384615385,149.03222222222223,16.092857142857145,42.29785714285715,39.31153846153846,35.335454545454546,1.9346666666666665,22.924285714285713,49.45642857142857,2.9507692307692306,10.5,2.82375,238.15384615384616,0.47058823529411764
2018-01-28,105.45846153846153,133.7711111111111,23.00357142857143,36.84357142857142,42.55538461538461,36.31181818181818,3.3333333333333335,25.388571428571428,48.20428571428572,3.5825,12.565,3.7162499999999996,221.28571428571428,0.47058823529411764
2018-01-29,105.9876923076923,161.48499999999999,23.264999999999997,43.54071428571428,46.49538461538462,34.627272727272725,5.311999999999999,22.93857142857143,47.76,3.9233333333333333,11.784166666666666,3.62625,276.2857142857143,0.47058823529411764
2018-01-30,106.32153846153847,172.894,27.369285714285716,52.104285714285716,53.75384615384615,36.375454545454545,6.562666666666667,24.955714285714286,43.45214285714286,4.860833333333333,15.420833333333334,5.14,293.57142857142856,0.47058823529411764
2018-01-31,101.51846153846154,163.732,21.263571428571428,49.57857142857143,49.52384615384615,33.918181818181814,3.8793333333333333,26.68357142857143,44.30285714285714,3.7266666666666666,11.319166666666668,3.95875,265.5,0.47058823529411764
2018-02-01,102.77692307692308,169.56199999999998,28.920714285714286,47.81214285714286,59.82857142857143,35.02454545454545,7.39,26.033571428571427,38.230000000000004,2.950833333333333,7.975833333333334,2.8275,300.0,0.47058823529411764
2018-02-02,96.42,182.80454545454543,22.666666666666668,44.461999999999996,51.586666666666666,33.25833333333333,2.2600000000000002,20.312666666666665,38.18375,2.9025,8.5375,3.2912500000000002,224.6,0.47058823529411764
2018-02-03,89.51714285714286,172.0081818181818,30.293999999999997,51.79666666666667,57.666666666666664,30.653333333333336,5.834375,26.139999999999997,39.532666666666664,3.0,7.0675,3.38625,232.86666666666667,0.47058823529411764
2018-02-04,80.04142857142857,168.0609090909091,21.302000000000003,51.01466666666667,54.43933333333334,31.514166666666668,5.666875,26.238666666666667,43.69375,2.19,5.086666666666667,2.5324999999999998,222.53333333333333,0.47058823529411764
2018-02-05,86.41285714285713,185.89727272727274,21.449333333333335,45.048,50.318,32.775,4.275625,25.012,39.838,2.138333333333333,4.110833333333333,2.1975,211.53333333333333,0.47058823529411764
2018-02-06,102.84428571428573,172.96636363636364,18.374000000000002,40.39666666666667,45.63933333333333,32.440000000000005,2.745625,21.718,36.04866666666667,2.518333333333333,7.2058333333333335,2.73125,222.6,0.47058823529411764
2018-02-07,88.714,177.41666666666666,17.485625,40.01875,42.621249999999996,32.09384615384616,2.8529411764705883,20.54733333333333,33.81,2.401666666666667,6.639166666666667,2.7775,235.4,0.47058823529411764
2018-02-08,89.6,179.28333333333333,21.396875,40.458125,45.225625,31.49846153846154,4.064117647058824,21.113333333333333,34.649375,2.3158333333333334,5.658333333333334,2.265,221.75,0.47058823529411764
2018-02-09,93.062,199.72666666666666,25.896250000000002,41.903125,48.99125,32.47461538461538,7.673529411764705,24.763333333333332,34.34875,2.4833333333333334,5.8566666666666665,2.3575,269.25,0.47058823529411764
2018-02-10,94.25866666666667,178.10500000000002,29.2275,43.5125,55.734375,31.99846153846154,8.555882352941177,21.544666666666668,34.216875,2.9075,5.779166666666666,2.2675,303.625,0.47058823529411764
2018-02-11,84.62785714285714,150.83727272727273,17.316,32.39933333333333,34.712666666666664,32.17166666666667,2.379375,25.424666666666667,31.565333333333335,2.2591666666666668,3.6491666666666664,1.795,201.6,0.47058823529411764
2018-02-12,76.898,123.71083333333333,13.413749999999999,30.34466666666667,30.498125,26.8875,2.7905882352941176,25.03375,34.01,1.389230769230769,2.892307692307692,1.56875,180.16666666666666,0.47058823529411764
2018-02-13,77.34200000000001,132.5025,11.039375,32.12133333333333,31.927500000000002,29.074166666666667,1.7305882352941178,23.899375,37.290625,1.5176923076923077,3.0461538461538464,1.5325000000000002,181.0,0.47058823529411764
2018-02-14,65.854,103.09166666666665,8.168125,28.74125,28.976875,26.46166666666667,1.2788235294117647,17.06875,38.49411764705882,1.536923076923077,3.263076923076923,1.68625,156.4375,0.47058823529411764
2018-02-15,68.01733333333333,122.41416666666667,11.09625,32.801249999999996,30.68375,24.9375,2.8394117647058823,21.854666666666667,42.349375,1.889230769230769,4.317692307692307,2.115,165.3125,0.47058823529411764
2018-02-16,95.50533333333333,159.9825,16.238125,39.7675,42.84375,28.64,3.271176470588235,28.02266666666667,41.099375,1.6435714285714287,5.250769230769231,2.0875,222.8125,0.47058823529411764
2018-02-17,97.82,159.17166666666665,16.72,39.836875,42.040625,26.73,3.8811764705882354,27.401333333333334,46.864374999999995,1.9564285714285714,6.6461538461538465,2.20875,259.25,0.47058823529411764
2018-02-18,112.46933333333332,179.39272727272729,24.358666666666668,42.62266666666667,49.34875,27.90727272727273,7.90625,26.66857142857143,44.001999999999995,1.6621428571428571,6.088461538461538,2.1125,295.46666666666664,0.47058823529411764
2018-02-19,113.60133333333333,184.26666666666668,24.114375,38.850625,50.193125,24.74416666666667,8.859411764705882,22.37857142857143,42.261875,1.7442857142857144,5.044615384615384,2.08125,340.2,0.47058823529411764
2018-02-20,92.73071428571428,175.32363636363635,20.299333333333333,40.32533333333333,43.425,26.502499999999998,5.4411764705882355,30.03125,40.26375,2.57,8.750769230769231,3.0549999999999997,271.8,0.47058823529411764
2018-02-21,102.92714285714285,178.05818181818182,28.523333333333333,45.102666666666664,49.1875,26.382499999999997,5.107647058823529,28.231333333333332,39.256875,3.5707142857142853,14.937692307692307,5.6175,265.8,0.47058823529411764
2018-02-22,106.51214285714286,193.98363636363638,40.38,44.76200000000001,58.173125,27.815833333333334,6.659411764705882,26.7725,36.00066666666667,4.054285714285714,14.55923076923077,5.525,294.06666666666666,0.47058823529411764
2018-02-23,109.95285714285714,193.37545454545455,33.63133333333333,45.25,59.546875,26.8725,9.104705882352942,26.595714285714287,37.217333333333336,8.821428571428571,20.93923076923077,6.6575,303.53333333333336,0.47058823529411764
2018-02-24,99.76153846153846,186.09454545454545,31.52733333333333,34.19,52.492,30.250833333333333,1.26,17.34642857142857,36.00285714285714,3.539230769230769,5.979166666666667,2.6285714285714286,203.92857142857142,0.47058823529411764
2018-02-25,86.40166666666666,188.2911111111111,32.753571428571426,37.18769230769231,50.93142857142857,31.081,3.132142857142857,24.1675,40.44692307692307,1.9015384615384614,9.4025,4.06,194.64285714285714,0.47058823529411764
2018-02-26,70.53071428571428,142.37727272727273,22.125625,37.55266666666667,47.321875,26.8425,2.961875,23.50714285714286,39.285333333333334,2.38,9.546923076923077,3.78125,208.07692307692307,0.47058823529411764
2018-02-27,68.25928571428571,145.6727272727273,17.446,36.84,54.554375,27.721666666666668,3.1100000000000003,23.992142857142856,40.18666666666666,2.75,10.986923076923075,4.06625,195.4,0.47058823529411764
2018-02-28,83.29357142857143,167.63363636363636,19.92875,43.264,59.045,29.048333333333332,2.239411764705882,28.232666666666667,41.050625,3.107142857142857,12.13846153846154,4.2250000000000005,214.6,0.47058823529411764
2018-03-01,82.33466666666666,174.72583333333333,21.924705882352942,36.67125,55.6825,28.96083333333333,1.674705882352941,26.43,42.725625,2.8935714285714282,10.303076923076922,3.9787500000000002,198.875,0.47058823529411764
2018-03-02,81.33066666666667,152.35,17.825,34.710625,42.536875,27.600000000000005,1.5247058823529414,26.582142857142856,46.370000000000005,2.5121428571428575,9.357692307692307,3.50625,181.5,0.47058823529411764
2018-03-03,69.196,155.32333333333335,13.955,32.83,40.7725,27.115,1.9558823529411764,23.759285714285713,49.216875,2.4771428571428573,8.626153846153846,2.99375,166.625,0.47058823529411764
2018-03-04,76.816,168.62666666666667,21.8425,31.78625,43.988125,25.416666666666668,2.7211764705882353,20.715,47.40875,2.0092857142857143,9.026923076923076,2.82,204.4375,0.47058823529411764
2018-03-05,64.33266666666667,156.29833333333332,15.44375,32.426249999999996,39.5175,25.825833333333335,2.4341176470588235,23.948,39.968125,2.1007142857142855,7.976923076923076,2.81,185.3125,0.47058823529411764
2018-03-06,66.49733333333333,135.74333333333334,15.5125,33.310625,39.575625,23.10666666666667,4.145294117647059,27.612666666666666,44.413125,2.8814285714285712,10.50076923076923,3.41,188.1875,0.47058823529411764
2018-03-07,72.196,150.67999999999998,14.075625,34.910624999999996,36.575625,24.099999999999998,1.76,21.444375,45.465,1.9735714285714285,7.160769230769231,2.65625,197.625,0.47058823529411764
2018-03-08,79.40266666666666,148.03333333333333,18.556875,38.398125,43.375,20.275000000000002,3.9329411764705884,27.468,44.489375,2.4585714285714286,8.21,2.36875,203.5,0.47058823529411764
2018-03-09,86.28,155.10666666666665,17.21875,36.0725,44.598124999999996,20.2725,3.6135294117647057,24.884666666666664,50.255625,2.524285714285714,7.987692307692308,2.63625,231.3125,0.47058823529411764
2018-03-10,78.23,146.44416666666666,16.607499999999998,34.42875,37.67125,19.79,4.211764705882352,23.558666666666667,49.580625,5.172142857142857,11.178461538461537,4.03875,243.8125,0.47058823529411764
2018-03-11,77.876,143.65583333333333,14.798823529411765,33.073125,38.06625,19.525833333333335,2.985294117647059,27.64333333333333,47.715625,2.7950000000000004,12.093846153846155,3.84625,233.4375,0.47058823529411764
2018-03-12,84.98733333333332,174.2733333333333,20.381764705882354,39.231249999999996,44.355,19.87333333333333,4.244117647058823,28.416,40.131875,2.6292857142857144,7.303846153846153,1.96875,202.06666666666666,0.47058823529411764
2018-03-13,68.40214285714286,138.23909090909092,19.37933333333333,41.822,42.41466666666667,19.19,5.560625,25.43857142857143,36.97933333333334,2.46,7.950833333333333,2.3137499999999998,230.4,0.47058823529411764
2018-03-14,73.9207142857143,149.23636363636362,18.086666666666666,43.80466666666666,39.76333333333333,20.176363636363636,2.2325,24.34357142857143,43.14125,2.5415384615384613,6.563333333333333,1.69375,205.4,0.47058823529411764
2018-03-15,70.4707142857143,145.12727272727273,15.790666666666668,36.09066666666667,37.192,18.650909090909092,3.4899999999999998,25.925,33.876,2.543846153846154,5.98,1.73125,193.33333333333334,0.47058823529411764
2018-03-16,61.92642857142857,120.89363636363636,15.971333333333332,32.46666666666667,36.166666666666664,19.50090909090909,6.088125,21.023571428571433,33.165625,2.8176923076923077,9.323333333333332,2.7685714285714282,227.73333333333332,0.47058823529411764
2018-03-17,64.26571428571428,108.77090909090909,12.907333333333334,34.992,34.68933333333334,18.252727272727274,4.404999999999999,25.697142857142858,42.37466666666667,2.4423076923076925,7.088333333333334,2.19875,215.66666666666666,0.47058823529411764
2018-03-18,64.24357142857143,115.00272727272727,12.466666666666667,33.30133333333333,34.146,18.69,3.800625,26.46333333333333,38.870666666666665,2.0676923076923077,8.2125,1.9587500000000002,204.26666666666668,0.47058823529411764
2018-03-19,63.20071428571429,122.4509090909091,11.57,32.762,32.416666666666664,16.33090909090909,2.038125,21.105,41.67,1.6746153846153846,5.133333333333333,1.27875,145.2,0.47058823529411764
2018-03-20,95.58200000000001,164.57916666666668,20.955625,37.18125,45.56,18.955833333333334,2.0476470588235296,22.093999999999998,38.45375,1.6285714285714283,5.570769230769231,1.30875,176.26666666666668,0.47058823529411764
2018-03-21,88.654,176.05166666666665,20.68875,33.6,41.855000000000004,19.0475,2.135882352941177,25.839333333333336,36.416875,1.4092857142857143,3.336153846153846,1.6724999999999999,213.33333333333334,0.47058823529411764
2018-03-22,71.36933333333333,155.02333333333334,12.56375,32.41625,34.079375,18.485833333333336,1.7594117647058825,24.348,35.983333333333334,1.2814285714285714,3.347692307692308,1.5662500000000001,197.3125,0.47058823529411764
2018-03-23,69.44333333333334,155.31833333333333,13.853125,36.29875,37.83625,18.0475,2.9382352941176473,25.276,38.611999999999995,1.3685714285714285,3.7746153846153847,1.7275,194.0,0.47058823529411764
2018-03-24,68.83933333333333,146.75333333333333,11.77125,33.51125,35.20125,16.9025,3.419411764705882,25.396,40.287333333333336,1.3007142857142857,3.477692307692308,1.76,205.53333333333333,0.47058823529411764
2018-03-25,68.98866666666666,136.7825,9.8,31.591250000000002,34.629375,17.460833333333333,2.898823529411765,26.172666666666668,41.221333333333334,0.9392857142857143,2.7838461538461536,1.497142857142857,199.53333333333333,0.47058823529411764
2018-03-26,76.00785714285713,152.4690909090909,13.276,37.01133333333333,37.9325,18.01909090909091,3.5729411764705885,31.175333333333338,41.45461538461538,1.2592857142857141,3.2830769230769232,1.56125,206.92857142857142,0.47058823529411764
2018-03-27,85.78733333333334,175.64272727272726,21.086666666666666,39.5,41.47375,18.643636363636364,4.9417647058823535,25.28666666666667,37.526428571428575,1.855,6.0,1.8399999999999999,240.21428571428572,0.47058823529411764
2018-03-28,88.63071428571429,180.69,22.85,33.907333333333334,42.65266666666666,16.41,2.11,35.11571428571428,34.28071428571429,2.124615384615385,6.2508333333333335,1.7585714285714287,230.0,0.47058823529411764
2018-03-29,77.56642857142857,143.30636363636364,17.86357142857143,36.758,38.492,18.205454545454543,4.722941176470588,22.297857142857143,38.19846153846154,2.1546153846153846,6.714166666666666,2.6066666666666665,185.84615384615384,0.47058823529411764
2018-03-30,80.23307692307692,150.06,14.793571428571427,31.879285714285714,34.666666666666664,17.311818181818182,4.221764705882353,21.815714285714286,39.51538461538462,2.2715384615384617,7.465833333333333,2.6266666666666665,221.92857142857142,0.47058823529411764
2018-03-31,64.43714285714286,151.44545454545457,12.19,30.564000000000004,30.145333333333333,16.464545454545455,2.0217647058823527,20.900714285714287,45.76769230769231,1.566153846153846,5.206666666666666,1.5766666666666669,242.21428571428572,0.47058823529411764
2018-04-01,57.722857142857144,121.27272727272727,13.907857142857143,33.318,33.01866666666667,16.84,3.6470588235294117,20.167857142857144,46.21714285714285,1.5415384615384615,6.239999999999999,1.97,160.64285714285714,0.47058823529411764
2018-04-02,54.12785714285714,111.2690909090909,17.990714285714287,30.752666666666666,35.774,18.124545454545455,2.3499999999999996,21.275000000000002,49.71357142857143,1.6099999999999999,6.690833333333334,2.0214285714285714,191.07142857142858,0.47058823529411764
2018-04-03,66.16642857142857,144.48,13.087333333333333,30.504375,32.876,17.603636363636365,1.820625,26.574666666666666,44.987857142857145,1.3276923076923077,5.166666666666667,1.9428571428571428,162.21428571428572,0.47058823529411764
2018-04-04,65.33642857142857,131.9,14.183571428571428,30.66,33.042,18.831,2.313529411764706,20.967142857142857,44.54384615384616,1.4446153846153846,4.8500000000000005,1.51,160.21428571428572,0.47058823529411764
2018-04-05,67.28153846153846,145.935,14.655384615384616,30.99142857142857,34.332142857142856,18.344,3.5218749999999996,13.129999999999999,45.14666666666667,2.2066666666666666,6.2272727272727275,2.236666666666667,187.92857142857142,0.47058823529411764
2018-04-06,58.28076923076923,128.20454545454547,10.52,28.308,32.27928571428571,16.38090909090909,1.33125,17.892307692307693,41.31923076923077,1.5108333333333333,4.595454545454545,1.4799999999999998,201.83333333333334,0.47058823529411764
2018-04-07,53.05384615384616,145.3709090909091,11.254285714285714,28.326,31.384999999999998,17.44454545454545,1.8675,16.43307692307692,41.26538461538462,1.5183333333333333,5.720909090909091,2.0114285714285716,134.21428571428572,0.47058823529411764
2018-04-08,53.71,96.288,11.424615384615382,26.318571428571428,29.03,19.125999999999998,2.305333333333333,14.615384615384615,49.06166666666667,1.4799999999999998,4.703636363636363,1.7733333333333334,158.0,0.47058823529411764
2018-04-09,47.97461538461538,92.748,14.905384615384614,26.950714285714287,32.183571428571426,34.488,2.424,15.338461538461539,42.54833333333333,1.1516666666666666,4.641818181818182,1.3385714285714287,140.21428571428572,0.47058823529411764
2018-04-10,55.99357142857143,111.58272727272728,14.833846153846155,28.258,31.395,17.221818181818183,3.019375,20.14785714285714,36.76583333333333,1.9141666666666666,7.607272727272728,1.737142857142857,155.3846153846154,0.5
2018-04-11,43.152857142857144,85.185,11.237857142857143,25.244666666666667,31.021333333333335,18.59181818181818,2.18875,18.156923076923075,35.71928571428571,1.8553846153846154,5.514166666666667,1.32,141.0,0.5
2018-04-12,37.24571428571428,68.85000000000001,11.168000000000001,38.878750000000004,28.332,19.979166666666668,1.9523529411764704,20.649333333333335,31.807333333333336,1.94,5.5925,1.3716666666666668,121.21428571428571,0.5
2018-04-13,42.90933333333333,82.995,12.60375,28.549411764705884,32.088125,16.341538461538462,2.52,23.700666666666667,30.755999999999997,1.925,5.600769230769231,2.2083333333333335,123.9375,0.5
2018-04-14,47.51571428571429,93.35916666666667,13.672666666666666,28.320625,30.319375,17.6825,2.8970588235294117,13.876428571428573,34.49214285714286,1.702142857142857,4.842307692307693,1.6316666666666666,129.66666666666666,0.5
2018-04-15,53.75466666666667,105.0525,13.353333333333333,29.57125,29.408125000000002,16.74416666666667,2.7105882352941175,14.417142857142858,36.04571428571429,1.6321428571428573,5.078461538461539,1.43,153.125,0.5
2018-04-16,63.193125,138.71,16.589333333333332,31.7775,33.355625,17.75,3.1411764705882352,15.452142857142858,35.073846153846155,1.8985714285714284,6.403076923076923,1.8500000000000003,171.125,0.5
2018-04-17,55.76,114.73416666666668,14.154,28.994375,31.23375,16.161666666666665,3.103529411764706,16.055714285714284,34.167142857142856,1.5514285714285714,4.433076923076923,1.6716666666666669,174.0625,0.5
2018-04-18,54.527142857142856,114.65599999999999,16.63142857142857,26.125999999999998,31.79875,17.8825,4.0464705882352945,19.047142857142855,38.77230769230769,1.7642857142857142,5.763076923076923,2.235,185.92307692307693,0.5
2018-04-19,52.412142857142854,128.44454545454548,13.287333333333333,26.961875,32.0625,18.50307692307692,1.636111111111111,22.87642857142857,34.93071428571428,1.5764285714285715,5.087692307692308,1.8566666666666667,170.71428571428572,0.5
2018-04-20,58.59214285714285,133.26363636363638,15.703333333333335,25.618125,31.9325,17.462307692307693,1.3983333333333332,22.216,35.30333333333333,1.385,4.098461538461539,2.271666666666667,153.57142857142858,0.5
2018-04-21,52.54533333333333,165.05833333333334,11.504666666666667,22.588125,29.975625,17.11846153846154,1.2316666666666665,17.02466666666667,33.55642857142857,1.2742857142857142,4.908461538461538,2.0349999999999997,163.8,0.5
2018-04-22,51.373333333333335,108.26545454545455,13.760714285714286,23.72266666666667,25.358666666666668,16.999166666666667,2.1193750000000002,19.87642857142857,35.29769230769231,1.610769230769231,5.2299999999999995,1.846,158.33333333333334,0.5
2018-04-23,50.88933333333333,111.93666666666667,11.023750000000001,37.7864705882353,26.430666666666664,15.902307692307694,2.490625,20.90642857142857,47.008125,2.117692307692308,6.205000000000001,2.622,151.23076923076923,0.5
2018-04-24,65.992,140.40083333333334,16.271875,31.01875,32.784375,17.416153846153847,3.5877777777777777,24.16466666666667,41.5375,2.3607142857142853,8.296923076923077,2.396666666666667,175.33333333333334,0.5
2018-04-25,70.34933333333333,157.06583333333333,29.978235294117646,34.2675,39.765625,17.10153846153846,3.533333333333333,26.423333333333336,37.529411764705884,2.452142857142857,8.233846153846153,2.845,219.875,0.5
2018-04-26,58.823125,135.78916666666666,19.061176470588236,30.008888888888887,37.083125,20.063846153846153,1.5194444444444444,28.48875,41.260625,1.9464285714285714,5.589230769230769,1.4466666666666665,184.6153846153846,0.5
2018-04-27,53.95733333333333,141.54333333333335,11.10625,30.249411764705883,29.204666666666665,21.146153846153847,2.2911764705882356,15.93,40.804,1.99,6.452500000000001,1.9799999999999998,164.92857142857142,0.5
2018-04-28,50.160714285714285,117.99600000000001,9.360666666666667,29.825,26.836,20.465384615384615,1.3958823529411766,16.877333333333333,39.12214285714286,1.752857142857143,5.214166666666666,1.278,161.57142857142858,0.5
2018-04-29,47.29071428571429,116.65666666666668,9.271875,26.15875,23.180666666666664,20.39230769230769,1.2494117647058824,15.521428571428572,44.09928571428571,1.1814285714285713,5.625,1.214,126.21428571428571,0.5
2018-04-30,56.924,150.89272727272726,9.901875,26.97470588235294,23.05,22.376153846153844,1.7994117647058823,16.853571428571428,39.458666666666666,2.9792857142857145,6.2683333333333335,1.3820000000000001,141.16666666666666,0.5
2018-05-01,47.12733333333333,114.59,11.461875,28.896470588235296,27.00133333333333,24.75230769230769,1.6594117647058824,24.641875,40.035333333333334,1.4549999999999998,5.208333333333333,0.924,144.2,0.5
2018-05-02,52.48133333333333,126.046,9.900625,30.298823529411766,27.024,20.585384615384616,1.5376470588235294,18.22142857142857,40.568,1.6883333333333335,5.871,1.38,127.13333333333334,0.5
2018-05-03,43.38733333333333,88.09,12.044375,27.62294117647059,27.46066666666667,22.63769230769231,1.643529411764706,27.09266666666667,41.734,1.9108333333333334,7.787000000000001,1.7550000000000001,135.92857142857142,0.5
2018-05-04,47.919999999999995,88.00090909090909,11.553333333333335,30.916875,28.954666666666665,31.606666666666666,1.3158823529411765,14.516428571428573,45.02142857142858,2.6046153846153848,13.009090909090911,11.413999999999998,111.4,0.5
2018-05-05,53.24428571428571,115.518,11.490666666666668,32.53875,28.077142857142857,24.271666666666665,1.86625,21.95357142857143,47.361538461538466,7.976153846153846,14.517272727272728,7.864,140.85714285714286,0.5
2018-05-06,60.044,142.26777777777778,12.368666666666666,29.893125,26.978666666666665,16.363636363636363,1.8199999999999998,19.532142857142855,41.82846153846154,12.499285714285715,14.322727272727274,5.784000000000001,162.28571428571428,0.5
2018-05-07,56.07875,137.091,14.14625,31.512352941176474,28.790625,17.95,1.47,19.15285714285714,42.43071428571428,6.152666666666667,12.748333333333333,7.019999999999999,144.46666666666667,0.5
2018-05-08,61.29,124.80454545454545,13.47625,30.987647058823526,29.139375,18.7275,1.4922222222222221,16.82,37.6925,2.4473333333333334,12.473333333333334,8.842,164.93333333333334,0.5
2018-05-09,53.779375,116.66090909090909,13.215,30.5,29.090625,19.043333333333333,1.5141176470588236,16.560666666666666,41.18333333333333,1.8386666666666664,10.774166666666666,7.614,139.4375,0.5
2018-05-10,54.308125000000004,118.88636363636364,14.495625,31.105882352941173,30.418125,19.96,2.5588235294117645,17.506666666666668,43.43,2.348,12.149166666666666,8.102,157.8,0.5
2018-05-11,63.921875,134.42000000000002,13.56625,30.316470588235294,29.1325,21.2075,1.4758823529411764,20.108,43.885999999999996,1.968,11.083333333333334,5.545000000000001,172.375,0.5
2018-05-12,64.714375,148.8409090909091,10.36125,26.86764705882353,26.165,19.22583333333333,1.464705882352941,18.066,43.135999999999996,2.105,11.514545454545454,5.816000000000001,167.73333333333332,0.5
2018-05-13,56.493125,113.49,10.140625,22.468823529411765,23.93875,18.045833333333334,1.8288235294117647,18.068666666666665,42.45666666666667,1.6528571428571428,10.117272727272727,4.974,154.5,0.5
2018-05-14,52.004999999999995,99.65181818181819,9.977500000000001,25.632941176470588,25.248124999999998,17.4675,1.5058823529411764,19.636000000000003,43.978,1.6586666666666665,9.586666666666666,5.234,155.4,0.5
2018-05-15,48.945625,116.0,12.41,29.173529411764704,28.748125,17.665833333333335,1.44,17.721333333333334,41.924,1.7986666666666666,9.834166666666667,6.26,120.66666666666667,0.5
2018-05-16,55.89125,136.90272727272728,9.809375000000001,29.618235294117646,26.56375,17.831666666666667,1.6123529411764705,18.521333333333335,38.169999999999995,1.91,9.994166666666667,6.326,127.13333333333334,0.5
2018-05-17,60.484375,139.6027272727273,9.62764705882353,26.068235294117645,24.288235294117644,18.135,1.33,17.121333333333332,41.480625,1.81375,9.50076923076923,5.741428571428571,144.5625,0.5
2018-05-18,56.425,127.10583333333334,11.452222222222222,27.211111111111112,27.130588235294116,19.499230769230767,1.2316666666666667,19.458666666666666,45.74470588235294,1.840625,9.50153846153846,6.503333333333334,151.0,0.5
2018-05-19,59.235882352941175,122.0923076923077,12.88529411764706,27.746470588235294,27.84705882352941,21.496666666666666,1.414375,20.94625,42.676875,2.2800000000000002,10.185384615384615,6.061666666666667,156.33333333333334,0.5
2018-05-20,53.948750000000004,117.125,9.6225,22.008125,21.398823529411764,18.326666666666668,1.411875,19.122666666666664,43.559285714285714,1.669375,9.203076923076923,4.1657142857142855,139.5625,0.5
2018-05-21,69.434375,116.7675,10.2125,22.94,22.951764705882354,18.924166666666668,1.449375,15.513333333333332,44.51933333333333,1.89,9.47923076923077,6.273333333333333,158.21428571428572,0.5
2018-05-22,65.97375,125.33416666666666,10.288823529411765,24.614117647058823,23.845294117647057,15.458461538461538,1.3064705882352943,13.528,41.83470588235294,1.9068749999999999,9.69153846153846,5.172857142857143,153.0625,0.5
2018-05-23,61.685,139.35333333333332,11.508125,26.216250000000002,24.962352941176473,18.116666666666667,1.51,14.037333333333333,43.894375000000004,2.214375,9.77,6.303333333333334,162.26666666666668,0.5
2018-05-24,63.4425,105.83909090909091,10.235333333333333,24.478,22.299999999999997,20.764166666666664,1.4717647058823529,13.658125,39.97933333333334,1.875,9.373076923076923,6.412857142857143,148.9375,0.5
2018-05-25,52.373125,104.23,12.645333333333333,29.804666666666666,25.331764705882353,21.12,2.0311764705882354,14.490625,38.085,4.371875,11.106153846153846,7.161428571428572,146.5625,0.5
2018-05-26,52.973125,99.77333333333333,16.658,31.58133333333333,29.12235294117647,19.716666666666665,2.260588235294118,16.530625,41.988749999999996,4.05,10.555384615384614,5.701428571428572,159.5,0.5
2018-05-27,56.44625,104.71916666666668,11.852,26.339333333333336,24.806470588235292,19.436666666666667,1.4529411764705882,17.24625,50.666875,3.7443750000000007,9.804615384615385,4.144285714285714,157.1875,0.5
2018-05-28,57.345625,115.36181818181818,10.71,25.649333333333335,28.95294117647059,20.857499999999998,1.9894117647058824,18.7375,51.66411764705882,5.19625,11.390769230769232,22.822857142857146,161.5625,0.5
2018-05-29,55.744375,112.37916666666666,11.845,23.905,27.18764705882353,18.556153846153844,2.267777777777778,18.228235294117646,54.070625,4.6918750000000005,9.615384615384615,6.685,167.25,0.5
2018-05-30,48.98875,116.86818181818181,9.291333333333334,27.767333333333333,23.355882352941176,17.650833333333335,1.7811111111111113,14.79,47.400666666666666,1.4839999999999998,9.6925,6.998333333333332,136.26666666666668,0.5
2018-05-31,49.73,131.22545454545454,10.024666666666667,32.43666666666667,25.93470588235294,18.498333333333335,1.7570588235294118,14.467500000000001,46.979375,1.5979999999999999,9.726666666666667,6.583333333333333,126.4,0.5
2018-06-01,57.80533333333334,144.959,9.42,31.45357142857143,26.66875,18.654545454545453,1.953125,15.180666666666667,45.89866666666667,1.657857142857143,10.713333333333333,5.34,156.73333333333332,0.5
2018-06-02,52.75466666666667,131.22727272727272,9.984666666666667,28.73,25.87375,16.779166666666665,1.7264705882352942,17.8825,38.21,3.036,10.959999999999999,5.918333333333333,157.8,0.5
2018-06-03,56.525333333333336,118.9009090909091,9.567333333333332,28.790000000000003,26.145,16.59,1.6576470588235295,19.2325,39.74333333333333,2.5746666666666664,9.726153846153846,17.55857142857143,144.375,0.5
2018-06-04,49.77,108.3076923076923,11.865882352941176,24.28882352941176,24.64117647058824,15.442307692307692,1.4961111111111112,19.95111111111111,41.349411764705884,2.1687499999999997,8.488461538461538,11.295714285714284,141.4,0.5
2018-06-05,51.521875,119.83583333333333,9.234375,27.850625,26.142352941176473,15.623076923076923,1.6394444444444445,16.565882352941177,39.1935294117647,1.99625,9.83,8.618571428571428,143.64705882352942,0.5
2018-06-06,47.138000000000005,101.1590909090909,8.883999999999999,29.014666666666667,24.445,16.389166666666664,1.5282352941176471,18.05375,35.99,1.8546666666666667,15.8675,6.682,129.41176470588235,0.5
2018-06-07,45.77470588235294,90.52846153846153,10.24125,25.00375,25.007058823529412,17.483333333333334,1.5144444444444443,21.266666666666666,42.754705882352944,1.82,9.650833333333333,6.565,117.3125,0.5
2018-06-08,46.144666666666666,106.452,11.021999999999998,24.716,24.94,16.15230769230769,1.5911764705882354,14.745625,36.268125,2.0028571428571427,9.74,6.196666666666666,131.33333333333334,0.5
2018-06-09,41.34,74.64111111111112,8.410714285714286,22.34,27.260625,17.19454545454545,1.600625,15.263333333333334,33.148,2.376428571428572,10.262727272727274,5.175000000000001,116.125,0.5
2018-06-10,39.594,73.98222222222222,7.950714285714286,23.806428571428572,22.62125,18.63909090909091,1.7719999999999998,14.106,35.63857142857143,2.117857142857143,10.731818181818182,4.723333333333334,118.07142857142857,0.5
2018-06-11,44.34666666666667,97.24666666666667,8.787857142857144,24.505714285714284,24.62875,19.247272727272726,2.3459999999999996,13.46,31.182000000000002,1.8342857142857143,11.726363636363637,5.825,121.66666666666667,0.5
2018-06-12,64.71066666666667,169.3125,13.328571428571427,28.919999999999998,30.096875,20.96090909090909,3.170666666666667,13.843333333333334,31.178,2.0414285714285714,14.530000000000001,7.45,150.07142857142858,0.5
2018-06-13,96.63866666666667,228.51874999999998,12.435,24.03,24.75625,17.636363636363637,3.321875,10.712857142857143,27.856,3.0585714285714283,12.522727272727273,6.276666666666666,191.93333333333334,0.5
2018-06-14,102.44333333333334,301.48625,11.472666666666667,22.127333333333333,28.731875000000002,16.00916666666667,3.60875,13.289333333333333,30.625333333333334,2.15,13.682727272727272,6.8066666666666675,249.8,0.5
2018-06-15,97.4675,237.217,12.484,22.282857142857143,25.565333333333335,19.213846153846156,3.5106249999999997,20.455,32.113125,2.1392857142857142,14.056363636363637,6.935,271.06666666666666,0.5
2018-06-16,72.301875,164.148,9.720666666666666,26.734666666666666,28.118125,21.2975,3.3626666666666667,12.715,32.624375,2.067142857142857,13.203636363636365,5.641666666666667,240.3125,0.5
2018-06-17,64.10533333333333,114.56333333333333,10.501428571428573,24.355,29.913333333333334,20.13090909090909,3.9435714285714285,11.491999999999999,32.255384615384614,1.7523076923076923,14.227,5.8020000000000005,188.1875,0.5
2018-06-18,52.906875,126.827,11.525333333333332,25.612666666666666,25.553125,19.45909090909091,3.686,14.248125,36.42785714285714,1.5878571428571429,13.272727272727273,6.4719999999999995,166.0,0.5
2018-06-19,42.476470588235294,101.1125,10.919375,28.32375,24.42235294117647,18.460833333333333,2.6605882352941173,13.382352941176471,40.88066666666667,1.55,12.306666666666667,5.728333333333333,151.6875,0.5
2018-06-20,48.09117647058823,103.55916666666667,11.748750000000001,31.17875,26.72764705882353,18.524166666666666,3.25625,15.554705882352941,39.120666666666665,1.8273333333333333,13.225833333333334,5.1483333333333325,148.9375,0.5
2018-06-21,56.80058823529412,109.85416666666667,8.981875,30.0825,23.726470588235294,18.844166666666666,3.140625,14.996470588235294,40.2,1.70625,12.220769230769232,4.095714285714286,156.23529411764707,0.5
2018-06-22,48.43941176470588,96.87916666666666,9.83,29.364375,24.058235294117647,20.688333333333333,3.4443750000000004,15.482941176470588,43.257333333333335,1.4946666666666668,9.784999999999998,6.554,155.2941176470588,0.5
2018-06-23,51.05294117647059,92.53083333333335,11.54875,26.96,24.98764705882353,21.959999999999997,3.23125,15.124705882352941,39.95857142857143,1.61125,11.413076923076924,8.833333333333334,149.41176470588235,0.5
2018-06-24,39.86411764705882,81.3275,11.375,25.4025,23.888823529411766,21.86666666666667,5.01625,14.143529411764705,35.69733333333333,1.62375,11.675384615384615,6.521428571428571,135.05882352941177,0.5
2018-06-25,44.04294117647059,86.94083333333333,8.993125,24.93375,21.668823529411764,18.071666666666665,3.6775,12.998235294117647,35.64266666666666,1.5274999999999999,10.924615384615386,4.285,129.0,0.5
2018-06-26,38.688235294117646,83.90916666666668,8.6275,23.854375,20.65294117647059,18.330833333333334,3.4112500000000003,13.54529411764706,32.166000000000004,1.3868749999999999,11.228461538461538,2.71,139.6875,0.5
2018-06-27,33.36,65.94083333333333,10.041875,24.843125,21.66764705882353,20.066666666666666,3.261875,14.394705882352941,26.400625,1.5862500000000002,11.283076923076923,4.2,116.70588235294117,0.5
2018-06-28,29.735882352941175,46.8425,10.702352941176471,24.768823529411765,22.834117647058825,18.406153846153845,2.4635294117647057,15.204117647058823,25.78058823529412,1.321875,9.373076923076923,3.7414285714285715,108.88235294117646,0.5
2018-06-29,34.10705882352941,58.54666666666666,13.352352941176472,26.81529411764706,27.065882352941177,18.970769230769232,2.604375,14.0,25.171764705882353,1.50625,10.196153846153845,3.7314285714285718,103.17647058823529,0.5
2018-06-30,38.53176470588235,72.80583333333333,12.68764705882353,27.551176470588235,25.59705882352941,16.123846153846152,2.299375,13.111176470588234,29.19764705882353,1.5425,9.25,3.8728571428571428,109.6470588235294,0.5
2018-07-01,37.64588235294118,74.79166666666667,11.741764705882353,26.504117647058823,25.232941176470586,18.088461538461537,2.08875,13.811176470588235,29.496470588235294,1.48875,8.65846153846154,3.5142857142857147,110.70588235294117,0.5
2018-07-02,35.1664705882353,68.86583333333333,12.324117647058824,25.37,24.858235294117648,16.573076923076922,2.0876470588235296,14.191764705882353,28.98470588235294,1.13375,8.929230769230768,2.9442857142857144,111.70588235294117,0.5
2018-07-03,34.148823529411764,67.85307692307693,12.043888888888889,24.123333333333335,25.975294117647056,16.61857142857143,2.3476470588235294,13.421666666666667,25.764444444444443,1.425,10.036923076923076,2.7728571428571422,109.0,0.5
2018-07-04,50.234117647058824,74.84538461538462,11.798333333333334,21.99277777777778,23.706470588235295,17.13642857142857,2.4158823529411766,15.986666666666666,26.889444444444443,1.36125,9.832307692307692,3.4371428571428573,104.88888888888889,0.5
2018-07-05,35.25411764705883,80.33076923076922,12.071111111111112,24.54222222222222,24.841764705882355,16.637857142857143,2.83,14.350000000000001,25.323888888888888,1.573125,11.424615384615386,5.388571428571429,111.0,0.5
2018-07-06,42.484117647058824,94.75307692307692,12.866666666666667,26.836666666666666,26.93235294117647,17.455714285714286,2.4744444444444444,14.05,27.16,1.94625,12.422307692307694,5.341428571428572,122.72222222222223,0.5
2018-07-07,43.881764705882354,88.33076923076922,10.978333333333332,28.086666666666666,26.471176470588233,16.25357142857143,1.7966666666666669,14.553888888888887,30.69388888888889,1.75,11.874615384615385,6.564285714285714,121.83333333333333,0.5
2018-07-08,40.01375,80.1475,11.35,29.63666666666667,24.726875,19.959285714285716,1.7938888888888889,17.01,32.00235294117647,1.45375,16.455384615384617,5.721666666666667,113.83333333333333,0.5
2018-07-09,39.15529411764706,71.89692307692309,12.73388888888889,26.360555555555557,30.04764705882353,19.465714285714284,1.9116666666666668,15.438333333333333,30.11444444444444,1.825625,14.056923076923077,6.153333333333333,117.47058823529412,0.5
2018-07-10,35.67,66.32538461538462,11.073888888888888,23.53222222222222,23.648823529411764,17.27857142857143,2.18,14.577222222222222,26.38888888888889,1.59125,8.352307692307692,4.3100000000000005,114.11764705882354,0.5
2018-07-11,37.160000000000004,65.82923076923076,12.456111111111111,22.65222222222222,24.233529411764707,18.025714285714283,2.437222222222222,15.033333333333335,27.82,1.685625,10.210769230769232,5.67,103.5,0.5
2018-07-12,37.19352941176471,60.07,11.812222222222223,23.061111111111114,23.468235294117648,17.844285714285714,2.3635294117647057,16.530555555555555,25.040555555555557,1.949375,10.106153846153846,4.352857142857143,104.72222222222223,0.5
2018-07-13,25.478823529411763,55.37,11.963888888888889,23.082222222222224,23.949411764705882,16.622857142857143,2.605882352941176,17.304444444444446,22.58777777777778,1.809375,11.409230769230769,4.233333333333333,100.16666666666667,0.5
2018-07-14,26.441176470588236,55.191538461538464,11.490555555555554,26.313888888888886,24.833529411764708,17.592142857142857,2.6070588235294117,15.42388888888889,23.76,2.029375,11.511538461538462,4.41,97.58823529411765,0.5
2018-07-15,23.35411764705882,46.94461538461538,11.013333333333334,21.851666666666667,21.94294117647059,17.015714285714285,2.033529411764706,14.616666666666667,24.664444444444445,1.24125,8.203846153846154,3.6642857142857146,92.94117647058823,0.5
2018-07-16,25.462352941176473,48.34076923076923,11.288888888888888,21.093888888888888,21.91,18.134285714285713,1.7811111111111113,14.764999999999999,23.580555555555556,1.414375,8.831538461538461,4.615,86.27777777777777,0.5
2018-07-17,23.595882352941175,46.25307692307692,12.684444444444445,23.34222222222222,24.601176470588236,19.254285714285714,2.4883333333333333,14.49888888888889,24.174444444444443,1.94625,9.99846153846154,5.075,93.27777777777777,0.5
2018-07-18,30.412941176470586,62.223846153846154,12.197222222222223,23.188888888888886,23.37294117647059,19.14428571428571,2.3294444444444444,14.330555555555556,25.180555555555557,1.51,9.334615384615386,4.078571428571428,98.11111111111111,0.5
2018-07-19,30.981764705882348,59.92307692307692,11.353333333333333,24.595,23.541764705882354,18.23785714285714,2.575,14.444444444444445,24.988333333333333,1.903125,10.350000000000001,5.021666666666667,105.76470588235294,0.5
2018-07-20,29.91705882352941,62.533076923076926,11.688333333333333,24.584999999999997,24.33294117647059,18.67142857142857,2.5777777777777775,15.299444444444443,22.317777777777778,2.0637499999999998,11.350000000000001,4.227142857142858,101.55555555555556,0.5
2018-07-21,29.730588235294118,53.675384615384615,11.335,23.427222222222223,22.992941176470588,18.090714285714284,2.703888888888889,15.177777777777777,22.584999999999997,2.29625,11.764615384615384,5.0200000000000005,105.72222222222223,0.5
2018-07-22,25.299375,47.45153846153846,9.886666666666667,20.523333333333333,20.306470588235296,18.517142857142858,2.0977777777777775,14.681666666666665,21.563888888888886,1.4975,11.790000000000001,4.5683333333333325,91.61111111111111,0.5
2018-07-23,27.154117647058825,61.81923076923077,12.495555555555555,22.357222222222223,23.521764705882354,17.775,2.663333333333333,15.24,22.45764705882353,1.6243750000000001,11.440769230769233,3.504285714285714,93.82352941176471,0.5
2018-07-24,32.49294117647059,70.53384615384616,13.458888888888888,22.143888888888892,24.18,19.485714285714288,3.151111111111111,14.470555555555555,23.269411764705882,1.7000000000000002,11.533076923076923,3.0771428571428574,109.66666666666667,0.5
2018-07-25,30.409411764705883,72.26230769230769,13.848333333333333,22.798823529411763,23.56,17.58142857142857,2.837222222222222,15.276111111111113,19.901764705882353,1.6675,10.458461538461536,2.687142857142857,104.61111111111111,0.5
2018-07-26,28.824117647058824,69.34461538461538,12.055294117647058,24.11235294117647,23.39764705882353,17.01846153846154,2.2205555555555554,13.885882352941177,21.12625,1.378125,9.86923076923077,3.236666666666667,99.77777777777777,0.5
2018-07-27,28.320588235294117,68.90692307692308,11.323529411764707,22.648823529411768,22.25588235294118,16.226153846153846,2.216111111111111,12.052352941176471,21.148125,1.4125,10.702307692307691,3.385,99.82352941176471,0.5
2018-07-28,33.135,78.43230769230769,11.799411764705882,23.967058823529413,23.36941176470588,15.032307692307691,1.8966666666666667,11.147647058823528,20.5725,1.24875,9.966923076923077,3.564285714285714,95.5,0.5
2018-07-29,35.369375,84.60615384615386,11.791176470588235,22.021176470588237,22.849999999999998,15.130769230769232,2.087222222222222,10.881764705882354,21.58125,1.2175,9.738461538461538,3.3085714285714287,104.16666666666667,0.5
2018-07-30,34.963125,92.14076923076922,10.762941176470589,24.59941176470588,23.128235294117648,15.668461538461539,2.2783333333333333,10.66529411764706,22.659375,1.5818750000000001,9.623846153846156,4.29,108.47058823529412,0.5
2018-07-31,38.1725,96.63230769230769,10.477058823529413,26.328823529411764,24.07294117647059,14.94923076923077,2.17,11.926470588235293,24.325,1.299375,9.64076923076923,3.261428571428571,109.0,0.5
2018-08-01,39.08,106.18692307692308,10.274117647058823,25.475294117647056,23.03411764705882,13.56076923076923,2.0444444444444443,14.428235294117647,23.97375,1.395,9.153076923076924,3.327142857142857,112.88235294117646,0.5
2018-08-02,43.7425,98.13461538461539,11.285882352941178,25.475294117647056,24.143529411764707,12.554615384615383,2.022222222222222,14.864117647058823,26.345,1.293125,10.443846153846154,3.795714285714286,123.27777777777777,0.5
2018-08-03,46.39875,115.73846153846154,11.724117647058824,27.32,26.188235294117646,12.69923076923077,2.0216666666666665,16.20705882352941,21.972352941176467,1.47125,10.035384615384617,5.502857142857144,130.72222222222223,0.5
2018-08-04,53.374375,123.41,12.550588235294118,25.63058823529412,24.382941176470588,13.066923076923077,1.858888888888889,13.84,22.960588235294118,1.27125,10.122307692307693,3.607142857142857,137.88888888888889,0.5
2018-08-05,52.524,112.19692307692307,10.615294117647059,24.841176470588238,22.744705882352942,13.77692307692308,1.7341176470588233,14.555882352941177,20.505294117647058,1.15875,9.874615384615385,4.028333333333333,146.61111111111111,0.5
2018-08-06,42.58125,86.4123076923077,14.001764705882353,25.681176470588234,25.497647058823528,14.294615384615383,2.3629411764705885,15.842941176470587,21.910588235294117,1.7799999999999998,10.609230769230768,4.8116666666666665,138.94117647058823,0.5
2018-08-07,32.760625,63.00153846153846,11.998235294117647,23.864117647058823,22.874117647058824,13.316923076923077,2.1935294117647057,13.367647058823529,23.511176470588236,1.3975,10.364615384615385,4.437142857142857,112.66666666666667,0.5
2018-08-08,27.3675,53.14846153846153,12.25235294117647,23.50764705882353,23.075294117647058,15.035384615384617,2.360588235294118,11.857058823529412,21.462352941176473,1.46875,10.07076923076923,4.634285714285714,94.83333333333333,0.5
2018-08-09,28.814375000000002,59.189166666666665,12.088125,25.646875,24.216874999999998,14.881538461538462,2.1241176470588234,11.358823529411765,22.661176470588234,1.4475,9.906923076923077,4.242857142857143,94.6470588235294,0.5
2018-08-10,34.92933333333333,65.81,13.4325,26.60875,26.934666666666665,15.993846153846155,2.451875,11.514117647058825,22.029411764705884,1.5886666666666664,11.719166666666666,4.857142857142857,100.6470588235294,0.5
2018-08-11,32.84,58.571666666666665,12.395624999999999,24.795,24.971999999999998,14.275384615384613,2.054375,10.423529411764704,18.96588235294118,1.498,10.725833333333334,4.898571428571429,102.29411764705883,0.5
2018-08-12,27.410666666666668,53.81,11.54125,24.296875,23.603333333333335,13.531538461538462,2.289375,10.140588235294118,17.593529411764706,1.2266666666666666,10.905833333333334,5.105,97.0,0.5
2018-08-13,28.052500000000002,58.07833333333334,16.56235294117647,24.422941176470587,28.59,15.027857142857142,2.611764705882353,11.216111111111111,18.711666666666666,1.480625,10.046153846153846,5.082857142857143,102.1875,0.5
2018-08-14,37.131875,60.73500000000001,15.85277777777778,26.56888888888889,29.556470588235292,14.671428571428573,2.7305882352941175,12.61111111111111,18.990555555555556,1.770625,10.973846153846154,5.7871428571428565,108.05882352941177,0.5
2018-08-15,31.968666666666664,69.67636363636365,12.165882352941177,19.127058823529413,22.425625,15.707692307692309,2.524375,11.723529411764707,18.621176470588235,1.3485714285714285,10.388333333333334,4.41,118.3125,0.5
2018-08-16,26.668125,56.590833333333336,12.179444444444444,21.197777777777777,23.774705882352944,16.777142857142856,1.5388235294117647,12.200555555555557,20.871666666666666,1.6426666666666667,10.659230769230769,4.333333333333333,92.5,0.5
2018-08-17,27.09625,55.625,11.384444444444444,22.967058823529413,23.16764705882353,20.090714285714284,1.8647058823529412,12.76529411764706,21.06388888888889,1.47625,10.496153846153845,4.112857142857143,86.94117647058823,0.5
2018-08-18,32.22,60.11833333333333,12.362777777777778,25.31388888888889,26.02235294117647,18.462142857142855,2.434705882352941,18.83764705882353,22.25611111111111,1.5431249999999999,11.086153846153847,5.2057142857142855,103.52941176470588,0.5
2018-08-19,30.258,61.42416666666667,12.368823529411765,25.08764705882353,26.511875,20.213846153846152,2.665,21.566470588235294,20.312941176470588,1.962,16.330833333333334,6.861428571428571,104.29411764705883,0.5
2018-08-20,32.359375,52.40846153846154,14.337222222222222,22.88,26.765882352941176,20.46142857142857,2.231666666666667,20.892777777777777,22.077222222222222,1.62125,11.573846153846155,5.221666666666667,119.13333333333334,0.5
2018-08-21,29.213529411764707,49.76538461538462,13.012777777777778,22.845000000000002,25.632941176470588,18.332857142857144,2.5194444444444444,22.484444444444446,25.143888888888892,1.32125,9.954615384615384,3.8383333333333334,112.0,0.5
2018-08-22,30.590625,51.60923076923076,12.807222222222222,23.48941176470588,24.965294117647062,17.702857142857145,2.5483333333333333,19.512222222222224,21.296666666666667,1.554375,10.720769230769232,3.5185714285714282,109.70588235294117,0.5
2018-08-23,29.72625,54.82076923076923,13.399444444444445,23.241666666666667,25.87235294117647,17.632142857142856,2.517777777777778,21.049444444444443,20.64888888888889,1.380625,10.919230769230769,4.166666666666667,99.6470588235294,0.5
2018-08-24,31.481428571428573,62.4075,13.20375,25.948125,27.863999999999997,18.105,2.767058823529412,15.561764705882354,20.467058823529413,1.4773333333333334,11.561666666666666,4.5600000000000005,102.55555555555556,0.5
2018-08-25,30.93,69.70181818181818,13.645,26.270625,28.264666666666667,17.854166666666668,3.1075,16.654375,18.605,1.647142857142857,13.43,4.5183333333333335,116.6,0.5
2018-08-26,36.277142857142856,61.937,11.080000000000002,21.439333333333334,23.139999999999997,19.37181818181818,2.87,16.084666666666667,21.174285714285713,0.9676923076923077,11.524,4.2924999999999995,115.0,0.5
2018-08-27,31.147333333333332,61.98500000000001,19.60705882352941,27.113529411764706,32.9775,19.81692307692308,2.757647058823529,14.156470588235294,22.086666666666666,1.7213333333333334,14.460833333333333,7.574285714285714,120.73333333333333,0.5
2018-08-28,29.541875,68.03230769230768,13.918888888888889,24.888333333333335,27.984117647058824,17.931428571428572,2.338333333333333,13.272222222222222,27.57176470588235,1.956875,11.221538461538461,4.514285714285714,111.125,0.5
2018-08-29,30.789333333333335,70.17666666666666,12.182941176470589,25.17529411764706,27.230625,16.96769230769231,2.2652941176470587,13.31235294117647,21.95625,1.99,11.592500000000001,4.4957142857142856,102.41176470588235,0.5
2018-08-30,38.17625,86.14692307692309,16.517222222222223,25.413529411764706,29.389411764705883,13.804285714285713,2.671666666666667,12.149444444444445,20.44058823529412,1.7181250000000001,10.906923076923077,5.772857142857142,110.88235294117646,0.5
2018-08-31,34.04866666666667,85.24833333333333,17.156470588235294,28.87125,30.740624999999998,14.68,3.321764705882353,14.589411764705883,21.875625,2.08,12.37076923076923,7.057142857142858,125.9375,0.5
2018-09-01,31.967142857142854,76.74272727272727,15.193125,27.503125,30.400666666666666,15.88,2.98625,16.1275,25.584,1.8471428571428572,12.989166666666668,6.074285714285714,120.1875,0.5
2018-09-02,30.527142857142856,65.35454545454546,11.430625000000001,25.05,25.327333333333335,15.368333333333332,2.48625,16.288125,25.887999999999998,1.5457142857142858,12.726666666666667,2.9471428571428575,106.64285714285714,0.5
2018-09-03,31.693076923076923,62.43818181818181,12.817333333333332,25.172,25.187142857142856,15.586666666666666,0.784,13.423333333333334,26.259999999999998,1.3830769230769229,10.889090909090909,4.608,71.84615384615384,0.5
2018-09-04,43.39857142857142,76.67818181818183,15.574375,30.45,33.285333333333334,15.745,2.8412499999999996,11.733125,24.885625,1.9392857142857143,12.800833333333335,4.6257142857142854,78.57142857142857,0.5
2018-09-05,34.184285714285714,78.82363636363635,14.139375000000001,28.2275,29.75133333333333,14.853333333333333,2.441875,12.72375,28.165333333333333,2.0757142857142856,12.308333333333332,7.036666666666666,88.2,0.5
2018-09-06,37.646428571428565,84.33272727272728,13.838125,27.480625,28.978666666666665,15.091666666666667,2.498125,13.325625,25.1025,2.0035714285714286,11.893333333333333,8.506666666666666,117.5,0.5
2018-09-07,30.726428571428574,72.84454545454545,14.57125,28.21125,30.651333333333334,15.721666666666666,2.23625,13.511875,26.27,1.9485714285714286,11.708333333333334,5.001428571428572,111.375,0.5
2018-09-08,32.912142857142854,69.62727272727273,13.10625,26.44125,27.969333333333335,15.974166666666667,2.843125,17.45125,26.810666666666666,1.845,9.853333333333333,3.682857142857143,107.875,0.5
2018-09-09,32.235,68.99625,13.293076923076923,27.64923076923077,28.307692307692307,15.805555555555555,3.5471428571428576,16.327692307692306,29.094166666666666,1.866923076923077,10.406363636363636,4.491666666666667,115.73333333333333,0.5
2018-09-10,32.99214285714286,72.689,15.728666666666667,26.371333333333332,30.122666666666667,15.507272727272728,3.6713333333333336,14.642666666666667,27.055000000000003,1.797857142857143,11.245833333333332,4.214285714285714,125.61538461538461,0.5
2018-09-11,34.34428571428571,71.356,16.221333333333334,28.383333333333333,32.302,15.532727272727273,2.965333333333333,13.084,25.76214285714286,1.9164285714285714,11.128333333333332,3.75,111.33333333333333,0.5
2018-09-12,35.875,75.537,13.710666666666668,27.272,29.67866666666667,17.050833333333333,2.5206666666666666,11.096,26.567333333333334,1.8435714285714286,11.133333333333333,4.74,107.33333333333333,0.5
2018-09-13,39.855714285714285,82.724,13.609333333333332,26.411333333333335,28.13,15.370909090909093,2.676,12.957333333333333,28.930714285714284,1.8242857142857143,12.977500000000001,3.9871428571428567,111.13333333333334,0.5
2018-09-14,43.47714285714285,81.625,15.009333333333332,29.828,31.945333333333334,15.79090909090909,2.886,11.828000000000001,28.59714285714286,2.1107142857142853,12.954166666666666,4.45,120.46666666666667,0.5
2018-09-15,40.98384615384615,85.019,17.672142857142855,31.002857142857145,34.770714285714284,16.725454545454543,3.2435714285714288,13.302857142857144,32.30923076923077,2.2146153846153847,12.614166666666668,4.344285714285713,125.57142857142857,0.5
2018-09-16,43.705000000000005,91.62111111111112,16.015384615384615,33.596923076923076,34.58615384615385,17.54,3.2730769230769234,13.71923076923077,31.69666666666667,2.2624999999999997,14.049090909090909,5.373333333333334,132.6153846153846,0.5
2018-09-17,44.29071428571428,78.00399999999999,14.179333333333334,30.381333333333334,30.521333333333335,18.7025,3.15,12.309333333333333,31.192,1.907857142857143,10.301666666666668,3.79,143.07692307692307,0.5
2018-09-18,55.39357142857143,82.506,13.4,31.280666666666665,30.433333333333334,18.445,2.77,12.735999999999999,29.923333333333336,1.8685714285714285,10.608333333333333,5.2683333333333335,145.66666666666666,0.5
2018-09-19,48.160000000000004,92.763,13.97,33.955333333333336,31.927333333333333,19.026666666666667,2.344,12.621999999999998,30.869333333333334,2.012857142857143,11.421666666666667,6.118333333333333,150.86666666666667,0.5
2018-09-20,59.528571428571425,83.90272727272726,18.293333333333333,35.153124999999996,35.964666666666666,21.615,3.44,10.9475,29.230666666666668,2.2764285714285717,12.030000000000001,7.493333333333333,160.8,0.5
2018-09-21,34.107142857142854,75.90727272727273,11.967333333333332,33.610625,27.07133333333333,21.320833333333336,2.254,9.28,32.361333333333334,1.6285714285714286,9.248333333333333,4.017142857142857,155.21428571428572,0.5
2018-09-22,30.076428571428572,48.29272727272728,11.348666666666666,29.021875,26.71,19.625833333333333,2.271333333333333,10.313125,28.770666666666667,1.4742857142857144,9.3925,3.61,96.875,0.5
2018-09-23,34.835,47.63272727272727,11.4,24.691875,24.616666666666667,19.57,2.1413333333333338,9.85125,27.81866666666667,1.48,9.331666666666665,3.8000000000000003,91.5,0.5
2018-09-24,31.582142857142856,55.112500000000004,12.65,25.593529411764706,26.92,18.49923076923077,2.345,9.405625,23.86375,1.8485714285714285,9.1075,3.848333333333333,96.0625,0.5
2018-09-25,36.269285714285715,61.303636363636365,14.003333333333334,31.338124999999998,30.648000000000003,18.223333333333333,2.473125,10.76125,26.348666666666666,2.698571428571429,11.795,6.175714285714285,100.75,0.5
2018-09-26,41.853571428571435,79.13090909090909,14.831333333333333,32.769375,32.22933333333334,18.726666666666667,2.464,13.293125,25.241333333333333,3.3314285714285714,13.08,5.974285714285714,108.375,0.5
2018-09-27,45.864285714285714,80.81181818181818,21.502000000000002,38.229375,41.06333333333334,19.683333333333334,2.198,11.219999999999999,33.16375,3.3035714285714284,12.36,4.925,117.13333333333334,0.5
2018-09-28,50.52571428571429,87.29818181818182,27.258666666666667,40.66875,46.529333333333334,21.40833333333333,3.5893333333333333,12.133125,26.390625,4.242142857142857,15.906666666666668,7.243333333333333,148.6,0.5
2018-09-29,58.291428571428575,92.08454545454546,24.838666666666665,39.136875,44.22666666666667,20.14,3.7453333333333334,12.294375,30.68375,3.3214285714285716,16.039166666666667,8.424999999999999,164.6875,0.5
2018-09-30,57.04846153846154,104.86833333333334,16.55933333333333,36.055,36.22933333333334,20.625833333333333,3.7239999999999998,12.16875,34.58125,3.0857142857142854,14.060833333333335,6.623333333333334,166.1875,0.5
2018-10-01,51.760714285714286,117.76727272727273,19.881333333333334,40.512499999999996,42.248000000000005,22.461666666666662,4.864,13.04125,34.664375,3.1214285714285714,12.730833333333335,4.62,170.375,0.5
2018-10-02,50.875,110.99181818181818,18.041333333333334,37.709375,37.768,24.366666666666664,2.643333333333333,11.4925,35.3375,3.0035714285714286,12.832500000000001,5.486666666666667,159.86666666666667,0.5
2018-10-03,49.67928571428571,113.58083333333333,14.42,33.48235294117647,33.39266666666666,25.70923076923077,1.825625,17.468125,37.851875,2.8785714285714286,11.229166666666666,5.131666666666667,151.5,0.5
2018-10-04,58.725,123.86916666666667,16.565625,36.03294117647059,35.594,21.214615384615385,1.7149999999999999,15.370625,34.50058823529412,3.124285714285714,13.089999999999998,5.8999999999999995,159.93333333333334,0.5
2018-10-05,63.96642857142857,140.75916666666666,21.709375,34.631764705882354,39.147333333333336,20.963076923076922,1.249375,12.91,32.34470588235294,3.0835714285714286,15.064166666666665,4.478571428571429,149.6875,0.5
2018-10-06,66.40071428571429,147.43833333333333,23.225,33.02235294117647,40.92666666666666,21.496923076923075,2.8737500000000002,15.376249999999999,33.59647058823529,3.5228571428571427,15.080833333333333,5.627142857142857,179.5,0.5
2018-10-07,68.92428571428572,160.75916666666666,21.681875,32.95176470588235,40.26933333333333,21.30923076923077,2.95,14.525625,36.088235294117645,3.6557142857142857,16.085,6.516666666666667,192.8125,0.5
2018-10-08,74.65428571428572,165.00583333333333,21.595,38.660000000000004,44.31933333333333,22.263076923076923,3.191875,17.701249999999998,40.205882352941174,3.4642857142857144,16.660833333333333,4.897142857142858,199.5,0.5
2018-10-09,73.78285714285714,153.17166666666665,15.734375,39.845882352941175,38.22533333333333,22.243076923076924,3.160625,16.83625,36.190588235294115,3.8885714285714283,16.5575,7.528571428571428,209.6875,0.5
2018-10-10,65.34785714285714,147.34333333333333,15.2975,34.14705882352941,35.605333333333334,21.803076923076922,3.7375000000000003,18.186875,35.81823529411765,3.732142857142857,14.865,9.319999999999999,207.0625,0.5
2018-10-11,64.51285714285714,121.43615384615386,15.293125,36.14411764705883,34.37,22.256153846153843,3.033125,16.448125,34.825294117647054,4.037142857142857,14.154166666666667,9.605,188.93333333333334,0.5
2018-10-12,59.919285714285714,115.2046153846154,17.528125,35.78588235294118,37.124,22.043076923076924,3.69875,13.995625,32.29882352941177,3.5949999999999998,14.966666666666667,8.252857142857142,168.35294117647058,0.5
2018-10-13,67.98,136.10230769230768,16.956875,36.41235294117647,36.516666666666666,23.487692307692306,2.388125,12.9625,36.49176470588235,3.695,15.7025,8.735,155.11764705882354,0.5
2018-10-14,65.87571428571428,131.18307692307692,15.635000000000002,37.04176470588236,34.906,23.45384615384615,2.04375,15.936875,33.864705882352936,3.018571428571429,14.5525,6.988571428571428,148.8235294117647,0.5
2018-10-15,70.01928571428572,132.21166666666667,17.574666666666666,43.573125000000005,39.26466666666667,25.7825,2.5773333333333337,15.648125,35.956875000000004,3.125714285714286,14.940833333333332,4.840000000000001,152.76470588235293,0.5
2018-10-16,74.334,146.5069230769231,32.88764705882353,41.476470588235294,49.981875,23.086923076923078,2.795294117647059,16.749333333333333,36.321176470588235,2.897692307692308,16.008333333333333,4.435714285714286,185.9375,0.5
2018-10-17,68.252,131.4892857142857,30.974444444444444,35.49444444444444,47.86,21.57857142857143,2.7283333333333335,15.729999999999999,33.36555555555556,3.2113333333333336,13.323846153846155,5.503333333333333,184.47058823529412,0.5
2018-10-18,78.33357142857143,139.41538461538462,36.563529411764705,39.611176470588234,53.463125,22.867692307692305,2.673529411764706,17.876875000000002,33.54529411764706,3.7085714285714286,16.801666666666666,7.253333333333334,191.47058823529412,0.5
2018-10-19,83.35071428571429,149.85153846153847,24.23941176470588,36.08705882352941,43.110625,22.584615384615386,2.0870588235294116,17.45375,35.955882352941174,3.137857142857143,14.789166666666667,6.56,186.64705882352942,0.5
2018-10-20,86.42928571428571,149.22,27.15352941176471,36.45941176470588,45.420625,21.907692307692308,2.6723529411764706,16.835625,33.771764705882354,3.5928571428571425,15.429166666666667,6.076666666666667,205.1875,0.5
2018-10-21,89.90357142857144,163.81083333333333,29.978749999999998,33.730625,44.132666666666665,24.580000000000002,6.80875,15.138,33.886874999999996,3.5,16.37333333333333,7.1066666666666665,256.625,0.5
2018-10-22,89.09875,171.7907142857143,33.852222222222224,36.321666666666665,51.15470588235294,22.923571428571428,7.330555555555555,19.147058823529413,36.45611111111111,3.324,14.733846153846153,7.371666666666666,274.3125,0.5
2018-10-23,84.109375,161.72,31.421666666666667,38.19722222222222,50.9635294117647,20.57,5.61388888888889,16.53411764705882,33.16764705882353,3.448,15.202307692307691,7.203333333333333,277.88235294117646,0.5
2018-10-24,86.66235294117647,167.4485714285714,30.487222222222222,40.257222222222225,51.07823529411765,24.40142857142857,3.219444444444444,16.667647058823526,38.865,3.6839999999999997,18.262307692307694,7.13,235.55555555555554,0.5
2018-10-25,87.81117647058824,159.91642857142855,42.108333333333334,44.86555555555556,61.54352941176471,25.682142857142857,4.123888888888889,17.097647058823526,35.31166666666667,3.758666666666666,16.537692307692307,6.755714285714285,229.7058823529412,0.5
2018-10-26,94.71875,151.54538461538462,45.99,42.52,66.91176470588235,28.232857142857142,2.977777777777778,16.264117647058825,39.58277777777778,4.647333333333333,16.627692307692307,6.808571428571429,214.88888888888889,0.5
2018-10-27,94.58125,172.61642857142857,50.68944444444444,44.05611111111111,70.94176470588235,28.865000000000002,6.34,15.765882352941176,37.95666666666667,4.147333333333333,18.973846153846154,8.621428571428572,196.72222222222223,0.5
2018-10-28,93.762,157.99076923076925,29.668235294117647,34.37352941176471,48.38875,27.684285714285714,3.011764705882353,15.30625,39.781176470588235,3.940714285714286,17.169230769230772,7.307142857142857,231.94444444444446,0.5
2018-10-29,85.540625,154.86999999999998,27.54388888888889,35.21055555555555,46.77823529411765,32.925714285714285,2.1172222222222223,14.89235294117647,36.64888888888889,3.8146666666666667,16.75,9.992857142857144,206.94117647058823,0.5
2018-10-30,87.04823529411765,157.60999999999999,30.67055555555556,36.73555555555556,50.08,32.46857142857143,2.602777777777778,14.760588235294119,32.254444444444445,5.921333333333334,17.856153846153845,21.195714285714285,197.83333333333334,0.5
2018-10-31,73.24176470588235,144.41857142857143,29.796111111111106,33.68333333333333,47.21941176470588,26.729285714285712,2.427222222222222,12.596470588235295,34.745555555555555,3.9339999999999997,16.094615384615384,8.258333333333333,189.27777777777777,0.5
2018-11-01,79.78529411764706,150.27214285714285,37.54777777777778,36.12222222222223,56.19764705882353,24.29714285714286,3.8644444444444446,13.046470588235294,30.067777777777778,4.077333333333333,18.36,8.516666666666667,210.0,0.5
2018-11-02,75.01235294117647,139.1992857142857,33.227222222222224,38.08277777777778,54.07588235294117,24.00714285714286,3.9305555555555554,13.526470588235293,28.465555555555554,3.779333333333333,14.742307692307692,6.9383333333333335,240.8235294117647,0.5
2018-11-03,69.3264705882353,133.0392857142857,26.842222222222222,34.516666666666666,46.099411764705884,21.510714285714283,4.866666666666666,13.38,30.459999999999997,4.382666666666667,10.931538461538462,6.898333333333333,216.0,0.5
2018-11-04,62.97176470588235,114.45071428571428,19.394444444444442,25.586111111111112,31.12705882352941,20.822142857142858,3.3694444444444445,13.941764705882353,34.48833333333333,6.514,12.083846153846155,12.666666666666666,182.5,0.5
2018-11-05,89.22588235294117,169.51142857142855,24.876666666666665,36.33277777777778,40.88764705882353,21.975,3.4583333333333335,14.620588235294118,31.492222222222225,4.332,12.977692307692308,7.804285714285713,210.58823529411765,0.5
2018-11-06,89.60941176470588,162.74714285714285,33.68555555555555,39.25277777777777,50.686470588235295,23.17142857142857,3.1444444444444444,17.71625,35.621111111111105,3.6093333333333333,11.960769230769232,6.201428571428571,210.94444444444446,0.5
2018-11-07,112.90352941176471,187.32857142857142,32.11888888888889,40.111111111111114,55.06647058823529,22.752857142857145,4.432222222222222,17.230588235294118,40.06888888888889,3.9013333333333335,11.62153846153846,6.351666666666667,235.22222222222223,0.5
2018-11-08,167.16176470588235,237.8607142857143,32.684444444444445,40.215555555555554,54.90882352941177,23.61642857142857,6.5038888888888895,21.374117647058824,39.830555555555556,4.465333333333334,13.36153846153846,6.22,373.2352941176471,0.5
2018-11-09,123.05,209.2564285714286,37.95777777777778,38.474999999999994,57.267647058823535,24.458571428571428,5.181666666666667,18.058823529411764,38.99444444444444,4.35,15.169230769230769,5.717142857142856,294.0,0.5
2018-11-10,120.90529411764705,228.7592857142857,34.45388888888888,41.12277777777778,60.66117647058824,25.38357142857143,3.282222222222222,18.782941176470587,37.44,4.787333333333334,18.46,6.382857142857143,285.0,0.5
2018-11-11,112.5229411764706,202.80214285714285,31.242222222222225,39.22666666666667,54.98352941176471,25.11357142857143,4.777777777777778,17.307058823529413,42.67058823529412,4.289333333333333,17.73384615384615,6.8428571428571425,292.22222222222223,0.5
2018-11-12,111.54294117647059,212.08785714285713,37.867777777777775,43.77333333333333,61.75764705882354,26.657142857142855,5.634444444444444,19.891176470588235,39.84058823529411,5.043333333333334,19.14846153846154,5.898571428571429,281.6111111111111,0.5
2018-11-13,118.88588235294117,218.91214285714287,38.72833333333333,46.70666666666667,62.844117647058816,25.09357142857143,5.535,22.02125,42.08588235294118,5.6979999999999995,21.660769230769233,6.855714285714286,313.3333333333333,0.5
2018-11-14,106.03823529411765,197.81928571428574,23.59111111111111,44.55388888888889,48.50705882352941,23.69857142857143,3.518333333333333,21.378125,43.41388888888889,3.740666666666667,16.583076923076923,5.384285714285714,269.44444444444446,0.5
2018-11-15,86.75588235294117,186.53,19.375,39.38333333333333,44.03529411764706,23.229285714285712,2.9627777777777777,16.983529411764707,41.047222222222224,3.1326666666666667,14.379999999999999,7.265,264.375,0.5
2018-11-16,78.081875,169.1925,19.554375,36.963125,41.86625,26.295833333333334,3.779375,16.039333333333335,38.724666666666664,3.150714285714286,13.465384615384615,6.035714285714286,243.5625,0.5
2018-11-17,80.443125,167.11333333333334,26.991875,37.689375,49.795625,26.081666666666663,5.42,15.388,35.98266666666667,2.835,11.581538461538461,5.2733333333333325,260.1875,0.5
2018-11-18,89.368125,155.025,33.491875,36.185,54.32,25.073333333333334,7.97,15.964,35.37133333333333,3.092142857142857,13.286923076923076,5.481428571428571,285.75,0.5
2018-11-19,91.99466666666667,157.44909090909093,24.466666666666665,36.669999999999995,41.466,26.477500000000003,7.163333333333333,17.434666666666665,36.385,3.5084615384615385,11.992307692307692,7.086666666666666,262.0625,0.5
2018-11-20,107.36125,232.80923076923077,30.230588235294114,35.36235294117647,51.069375,27.58076923076923,6.497058823529412,15.84125,34.835625,4.255714285714285,16.18076923076923,7.726666666666667,285.8,0.5
2018-11-21,114.59785714285715,226.4209090909091,31.98,34.874,46.800714285714285,25.2775,8.888,15.815,30.032142857142855,3.7808333333333337,15.704166666666666,7.468000000000001,352.93333333333334,0.5
2018-11-22,98.55133333333333,197.17166666666665,37.623125,42.606875,63.68,20.394166666666667,4.826875,18.764666666666667,32.965333333333334,4.033846153846154,17.453333333333333,9.175999999999998,331.2857142857143,0.5
2018-11-23,95.934,203.0375,25.651875,39.951875,51.227999999999994,22.470833333333335,3.676875,18.260714285714286,35.144,3.519230769230769,17.463333333333335,10.306000000000001,259.0,0.5
2018-11-24,94.88333333333334,186.2775,25.858125,37.414375,47.994666666666674,23.701666666666668,3.2906250000000004,23.503333333333334,35.147333333333336,3.4515384615384614,14.660000000000002,7.731999999999999,263.6666666666667,0.5
2018-11-25,107.18599999999999,221.21916666666667,33.133125,39.6425,56.41466666666666,22.89833333333333,2.81,22.805333333333333,36.118,3.826923076923077,16.18,5.846666666666667,266.8,0.5
2018-11-26,115.65533333333333,238.64416666666668,34.914375,42.678124999999994,59.242666666666665,21.916666666666668,2.36625,22.256875,37.940666666666665,4.059230769230769,17.43166666666667,7.638333333333333,263.6875,0.5
2018-11-27,109.62933333333334,234.16,41.7775,44.493125,67.48666666666666,23.974166666666665,2.185625,23.38266666666667,40.163333333333334,4.036923076923077,17.644166666666667,8.295,273.4375,0.5
2018-11-28,101.538,218.525,36.743125,41.41125,61.174666666666674,20.666666666666668,1.9224999999999999,21.656666666666663,41.78066666666667,3.960769230769231,15.8825,7.071666666666666,246.5,0.5
2018-11-29,99.264,214.7025,34.99375,36.07625,56.641333333333336,18.749166666666664,3.47125,20.159375,35.588,4.311538461538462,18.430833333333336,9.094,249.46666666666667,0.5
2018-11-30,96.038125,212.6346153846154,27.316470588235294,37.374117647058824,50.0725,19.327692307692306,2.97,21.908235294117645,38.2525,4.171428571428572,15.816923076923077,7.37,264.53333333333336,0.5
2018-12-01,100.03875,211.02923076923076,32.11529411764706,39.64411764705883,56.598125,20.14076923076923,3.7641176470588236,19.546470588235294,35.653125,3.8614285714285717,14.836923076923076,6.277142857142857,244.94117647058823,0.5
2018-12-02,100.11357142857142,199.08166666666668,38.724375,39.27375,59.89933333333333,20.49,3.038125,19.313333333333333,34.77733333333333,3.39,15.769166666666665,6.386666666666667,260.375,0.5
2018-12-03,102.70800000000001,211.26833333333332,36.88875,42.382,59.42133333333334,20.851666666666667,2.92625,17.57875,36.128,3.410769230769231,14.635833333333332,5.903333333333333,240.25,0.5
2018-12-04,114.941875,215.3553846153846,38.945882352941176,49.449374999999996,63.57125,18.16769230769231,3.2852941176470587,17.211764705882352,44.425625,3.585,16.935384615384617,6.6414285714285715,255.875,0.5
2018-12-05,117.36764705882354,230.88071428571428,36.61888888888889,48.756470588235295,60.92941176470588,22.114285714285717,2.9988888888888887,14.542777777777777,37.764117647058825,3.4153333333333338,14.108461538461539,6.66,258.625,0.5
2018-12-06,118.57941176470588,210.1392857142857,34.93444444444444,47.430588235294124,59.92823529411765,23.700714285714287,3.431111111111111,18.582352941176474,35.892352941176476,3.9600000000000004,16.468461538461536,7.18,269.875,0.5
2018-12-07,117.16764705882352,217.49769230769232,30.349444444444444,41.1764705882353,53.60235294117647,22.90285714285714,2.9366666666666665,21.132941176470588,34.038823529411765,5.041333333333332,15.560769230769232,7.191666666666666,262.2352941176471,0.5
2018-12-08,119.2535294117647,194.13923076923078,30.298823529411766,45.165,53.17529411764706,26.49307692307692,1.9077777777777776,16.72705882352941,39.755,5.680666666666667,14.422307692307694,6.505,252.3125,0.5
2018-12-09,122.81764705882354,211.2930769230769,35.998823529411766,41.19882352941176,57.44529411764706,26.679230769230767,3.2829411764705885,16.729375,41.214375000000004,6.281333333333333,14.23923076923077,5.662857142857143,256.88235294117646,0.5
2018-12-10,130.24823529411765,237.27714285714288,39.13166666666667,41.53222222222222,62.67352941176471,26.978571428571428,4.591666666666666,19.675555555555558,39.44117647058823,7.372,13.526153846153846,7.2871428571428565,313.1764705882353,0.5
2018-12-11,124.33176470588235,227.8857142857143,31.251666666666665,43.61944444444444,58.49176470588235,25.939285714285717,4.622222222222223,23.12222222222222,39.52235294117647,5.765333333333333,15.328461538461537,8.201428571428572,307.3333333333333,0.5
2018-12-12,111.70764705882353,203.29214285714286,25.79222222222222,40.53277777777778,50.85764705882353,23.41357142857143,3.7817647058823525,18.903333333333332,35.76470588235294,5.071333333333333,12.663076923076924,9.728333333333333,293.1111111111111,0.5
2018-12-13,90.36000000000001,175.4364285714286,18.21,37.23722222222222,42.35,21.169285714285714,2.1123529411764705,21.3,33.29529411764706,4.6786666666666665,11.306153846153846,7.268571428571429,230.35294117647058,0.5
2018-12-14,87.11764705882354,170.3857142857143,16.655,34.38333333333333,39.00941176470588,21.21,1.6105882352941177,19.63,35.273529411764706,4.460666666666667,11.286153846153846,5.72,215.77777777777777,0.5
2018-12-15,82.81411764705884,163.4364285714286,15.924999999999999,33.78,38.945882352941176,20.547142857142855,1.513529411764706,18.19764705882353,36.59647058823529,3.445333333333333,10.995384615384616,4.071428571428571,192.2941176470588,0.5
2018-12-16,78.78470588235294,167.39153846153846,17.83555555555556,32.88444444444444,38.73705882352941,21.3,1.4858823529411767,18.954117647058826,36.650588235294116,3.6766666666666667,11.333076923076923,5.591666666666668,185.8235294117647,0.5
2018-12-17,83.32352941176471,143.57615384615386,20.793333333333333,33.28611111111111,40.21647058823529,22.455714285714286,1.571764705882353,15.320555555555554,33.4,3.182666666666667,11.683076923076925,5.506666666666667,167.875,0.5
2018-12-18,86.94588235294117,129.81538461538463,23.39888888888889,35.01166666666667,43.699999999999996,22.575714285714287,2.648823529411765,14.964444444444446,28.957647058823532,2.9346666666666668,12.403076923076924,5.723333333333334,188.47058823529412,0.5
2018-12-19,78.20117647058824,154.7823076923077,27.922777777777778,41.245,52.739411764705885,22.84642857142857,3.98,19.056666666666665,30.22705882352941,3.2293333333333334,11.51,6.245,201.2941176470588,0.5
2018-12-20,102.52235294117648,183.7430769230769,38.02666666666667,41.40055555555555,61.03176470588235,24.49857142857143,4.935,21.69611111111111,31.66176470588235,4.494,14.801538461538463,6.822857142857143,262.0625,0.5
2018-12-21,111.34588235294119,203.95153846153846,37.89333333333334,41.21666666666667,63.56941176470588,26.103571428571428,4.29875,19.302941176470586,32.97875,4.560666666666666,14.955384615384617,6.160000000000001,267.2352941176471,0.5
2018-12-22,128.07588235294116,208.92583333333334,42.22888888888889,46.025000000000006,69.54352941176471,25.842857142857145,6.6376470588235295,19.03277777777778,35.67,4.502,15.373076923076923,5.887142857142857,302.29411764705884,0.5
2018-12-23,129.34941176470588,181.70727272727274,35.44941176470588,41.567647058823525,57.16294117647059,26.27692307692308,4.051176470588236,16.341333333333335,40.253125,3.7426666666666666,13.697692307692307,7.111428571428571,304.8125,0.5
2018-12-24,116.96000000000001,200.92846153846156,34.15611111111111,44.16833333333333,60.5529411764706,24.11285714285714,2.124705882352941,22.072352941176472,38.021764705882354,4.3966666666666665,14.692307692307692,5.067142857142857,240.6875,0.5
2018-12-25,117.48647058823529,206.5069230769231,27.22705882352941,43.476470588235294,51.48823529411764,23.895384615384614,2.117058823529412,17.79866666666667,40.56125,4.1866666666666665,12.99923076923077,5.6000000000000005,245.88235294117646,0.5
2018-12-26,118.33588235294118,212.80642857142857,29.25222222222222,42.60111111111111,54.92,22.91857142857143,2.735294117647059,19.614444444444445,40.910000000000004,4.049333333333333,11.926923076923078,6.13,249.58823529411765,0.5
2018-12-27,122.74,212.78285714285715,37.23555555555556,42.3,61.21352941176471,22.99642857142857,6.53764705882353,20.776666666666667,37.65588235294118,5.17,16.643076923076922,7.911666666666666,305.29411764705884,0.5
2018-12-28,112.26470588235294,204.625,25.438888888888886,40.155,51.04588235294118,21.914285714285715,5.162941176470588,20.839444444444446,35.23941176470588,3.7066666666666666,12.267692307692307,7.078571428571428,292.8888888888889,0.5
2018-12-29,123.63235294117646,219.1542857142857,31.83777777777778,47.59888888888889,60.83117647058824,21.07,2.738235294117647,26.614117647058823,34.32555555555555,5.052666666666667,13.233076923076924,6.588571428571429,245.5,0.5
2018-12-30,139.30117647058822,211.01785714285714,34.54888888888889,51.912777777777784,62.81058823529412,23.090714285714284,2.6770588235294115,24.50235294117647,40.285,3.6293333333333333,14.168461538461539,4.7542857142857144,265.0,0.5
2018-12-31,140.07117647058823,230.11714285714285,38.40777777777778,53.83777777777778,67.40294117647058,23.837857142857143,5.903529411764706,25.387777777777778,40.388333333333335,4.608666666666666,14.720769230769232,5.615714285714285,297.7647058823529,0.5
2019-01-01,156.3729411764706,253.665,37.535555555555554,51.23833333333333,69.6735294117647,23.556428571428572,5.450588235294117,25.35611111111111,37.16111111111111,4.930000000000001,15.43923076923077,6.061428571428572,358.27777777777777,0.5
2019-01-02,163.1235294117647,253.76142857142855,41.059444444444445,53.21,75.75294117647059,24.63357142857143,5.134705882352941,24.429444444444446,36.864999999999995,4.544,15.130769230769232,7.134285714285714,341.6111111111111,0.5
2019-01-03,162.32117647058823,276.535,42.535555555555554,56.07611111111111,74.28941176470589,23.076428571428572,8.602941176470589,26.959444444444443,37.79555555555556,5.492,16.177692307692308,7.077142857142857,384.22222222222223,0.5
2019-01-04,137.9364705882353,253.57785714285714,32.08555555555555,50.16444444444445,59.12,25.49642857142857,4.868235294117647,23.415555555555557,39.55388888888889,4.87,13.581538461538461,6.162857142857143,345.6111111111111,0.5
2019-01-05,141.26647058823528,242.82928571428573,32.86,45.760555555555555,57.599411764705884,26.19142857142857,5.149411764705882,24.03222222222222,43.54333333333333,4.028125,13.546923076923077,6.167142857142857,329.72222222222223,0.5
2019-01-06,114.75235294117647,212.25428571428571,21.552222222222223,41.89833333333333,46.720588235294116,27.08142857142857,3.6876470588235293,22.32611111111111,39.75833333333333,3.673125,11.016923076923076,5.85,313.3333333333333,0.5
2019-01-07,101.78176470588235,220.07285714285715,23.854444444444443,44.992777777777775,50.5835294117647,25.900714285714287,1.7464705882352942,22.427222222222223,33.089444444444446,4.043125,12.38846153846154,5.074285714285715,252.05555555555554,0.5
2019-01-08,97.27235294117648,197.9364285714286,25.155555555555555,47.50944444444444,52.86058823529412,26.00714285714286,2.008235294117647,24.397777777777776,35.50611111111111,3.925,14.491538461538461,6.159999999999999,236.27777777777777,0.5
2019-01-09,107.90777777777777,197.61142857142858,23.732222222222223,44.395,48.57823529411765,31.892857142857142,2.5905555555555555,25.035555555555554,48.52666666666667,4.010625,14.287692307692309,6.062857142857142,239.44444444444446,0.5
2019-01-10,112.90333333333334,201.57642857142858,27.73888888888889,44.96,54.30058823529412,31.62142857142857,3.161764705882353,20.010555555555555,43.52,3.879375,13.60153846153846,5.221428571428571,255.5,0.5
2019-01-11,134.0822222222222,215.54785714285714,35.12611111111111,45.511111111111106,60.27588235294118,25.176428571428573,3.907647058823529,23.11235294117647,42.96222222222222,3.543125,15.996153846153845,5.7,284.0,0.5
2019-01-12,136.4772222222222,225.33642857142857,39.656666666666666,44.01222222222222,64.66823529411765,26.487142857142857,4.5070588235294125,22.81058823529412,42.48222222222222,3.69625,16.446923076923078,5.3585714285714285,299.0,0.5
2019-01-13,134.5822222222222,220.71,29.371666666666663,39.45666666666667,51.432352941176475,27.915714285714284,5.061764705882353,23.53705882352941,43.03277777777778,3.381875,12.715384615384616,5.038571428571429,318.27777777777777,0.5
2019-01-14,115.16500000000002,204.31285714285715,20.432777777777776,37.273888888888884,44.59705882352941,23.550714285714285,1.7229411764705882,24.515,44.94777777777778,3.4993749999999997,10.584615384615384,3.7028571428571433,258.55555555555554,0.5
2019-01-15,90.49611111111112,191.98769230769233,20.936111111111114,37.43444444444444,44.42176470588235,24.305714285714288,1.5676470588235294,21.312941176470588,46.568333333333335,3.010625,12.49846153846154,4.482857142857143,214.61111111111111,0.5
2019-01-16,122.30764705882353,208.85071428571428,37.32888888888888,42.47333333333333,59.81647058823529,26.68357142857143,7.2700000000000005,22.344117647058823,47.27666666666667,3.1256250000000003,13.503076923076922,4.847142857142857,225.38888888888889,0.5
2019-01-17,147.06611111111113,245.85857142857142,41.74166666666667,41.82222222222222,63.438235294117646,28.159285714285716,7.125882352941177,23.808235294117647,42.18555555555556,4.156875,16.693846153846156,5.838571428571428,317.0,0.5
2019-01-18,128.83277777777778,236.3607142857143,25.33055555555556,42.24666666666666,51.52588235294118,27.071428571428573,4.262941176470588,23.90529411764706,38.14,3.6556249999999997,14.790000000000001,4.944285714285714,330.11764705882354,0.5
2019-01-19,122.98833333333333,231.6442857142857,33.69833333333333,43.55,61.299411764705894,27.972857142857144,3.39,24.497647058823528,40.04666666666667,4.37,17.223846153846154,4.659999999999999,275.6111111111111,0.5
2019-01-20,129.42666666666665,227.8623076923077,42.17277777777778,44.545,64.75764705882354,27.071428571428573,4.496470588235294,25.971764705882354,37.49388888888889,4.37875,18.645384615384614,6.025714285714286,293.05555555555554,0.5
2019-01-21,129.97333333333333,196.35785714285717,32.42444444444445,37.84888888888889,52.078823529411764,27.02285714285714,6.101176470588236,24.891176470588235,32.96,4.01,13.565384615384614,6.096666666666668,329.77777777777777,0.5
2019-01-22,106.78833333333334,168.1042857142857,29.56666666666667,45.91833333333333,48.86882352941176,21.824285714285715,2.6883333333333335,22.53,31.03055555555555,4.766875,12.111538461538462,4.848571428571428,250.44444444444446,0.5
2019-01-23,93.55388888888889,165.53214285714284,30.049999999999997,43.153888888888886,50.25,23.422142857142855,3.612941176470588,25.46529411764706,31.80222222222222,4.1468750000000005,13.062307692307693,4.455,237.5,0.5
2019-01-24,91.99944444444445,170.21214285714285,28.956111111111113,41.97888888888889,51.62294117647059,24.517142857142858,2.1655555555555557,24.69294117647059,31.046666666666667,4.17375,13.348461538461539,3.315714285714286,228.05882352941177,0.5
2019-01-25,77.71499999999999,136.30285714285714,25.35222222222222,40.54294117647059,46.64941176470588,24.682142857142857,1.6733333333333333,21.322352941176472,27.936111111111114,2.11,9.157692307692308,4.319999999999999,196.72222222222223,0.5
2019-01-26,64.30277777777778,118.795,16.46611111111111,31.521764705882354,35.93941176470588,22.39428571428571,1.967647058823529,18.040588235294116,27.609444444444446,1.7225,7.593846153846154,2.9783333333333335,161.55555555555554,0.5
2019-01-27,63.79611111111111,121.78928571428571,11.174444444444445,31.124117647058824,31.172941176470584,22.872857142857146,2.073529411764706,15.571764705882355,30.989411764705885,1.534375,8.973076923076924,2.595,159.38888888888889,0.5
2019-01-28,71.42222222222222,132.08214285714286,13.255,32.79,30.691764705882353,21.935,2.455294117647059,16.570588235294117,33.46055555555555,1.65875,9.815384615384616,2.96,175.83333333333334,0.5
2019-01-29,68.47055555555556,128.84714285714284,15.415,35.85,36.321176470588235,21.535,2.0694117647058823,18.102941176470587,36.51111111111111,1.65875,9.813846153846153,2.8514285714285714,176.83333333333334,0.5
2019-01-30,83.52777777777777,165.67499999999998,21.129411764705882,40.5475,42.292500000000004,22.287142857142857,3.315294117647059,22.74,38.74944444444444,1.77125,11.48076923076923,2.6014285714285714,188.5,0.5
2019-01-31,100.08222222222223,168.20071428571427,30.88470588235294,48.03625,52.161249999999995,23.610714285714288,3.6623529411764704,24.65294117647059,40.42722222222222,2.41375,11.181538461538462,4.005714285714285,247.94444444444446,0.5
2019-02-01,99.07833333333333,168.01,22.960588235294118,45.400625,43.74375,24.120714285714286,2.298333333333334,23.34941176470588,38.09166666666667,1.665,8.553076923076922,3.3357142857142854,226.44444444444446,0.5
2019-02-02,98.71777777777778,188.16857142857143,20.002941176470586,40.42875,41.180625,25.895714285714288,2.2135294117647057,21.76294117647059,34.70222222222222,1.998125,8.644615384615385,3.4071428571428575,227.83333333333334,0.5
2019-02-03,92.56666666666666,190.44642857142858,19.16941176470588,36.266875,38.125625,25.34857142857143,2.0,22.214117647058824,38.64111111111111,2.11375,9.272307692307693,3.098333333333333,224.88888888888889,0.5
2019-02-04,88.0,178.36642857142857,25.16111111111111,36.82588235294117,44.654117647058825,24.095714285714283,4.24235294117647,21.27294117647059,39.906666666666666,2.046875,9.333846153846155,2.9814285714285718,222.55555555555554,0.5
2019-02-05,102.44222222222223,204.5514285714286,31.419999999999998,44.222941176470584,52.59294117647058,22.927142857142858,5.278823529411765,23.198823529411765,39.93055555555556,2.4675,13.966153846153846,3.8685714285714283,276.6666666666667,0.5
2019-02-06,101.56333333333333,197.07928571428573,26.22888888888889,43.910555555555554,52.12882352941176,24.37,1.9235294117647062,22.045882352941174,37.45722222222222,2.115625,10.527692307692309,3.7785714285714285,239.11111111111111,0.5
2019-02-07,85.66944444444444,164.65285714285716,20.753888888888888,33.20235294117647,40.59294117647059,22.777142857142856,1.82,24.853125,35.28277777777778,2.3233333333333333,9.35,4.098571428571428,218.44444444444446,0.5
2019-02-08,74.89666666666668,162.0407142857143,18.627222222222223,34.006470588235295,39.88764705882353,22.237142857142857,1.6564705882352941,21.665882352941175,31.58388888888889,1.48875,8.947692307692307,5.671666666666667,181.94444444444446,0.5
2019-02-09,63.36833333333334,138.03214285714287,17.969444444444445,33.40882352941177,36.305294117647065,22.427142857142858,1.9670588235294115,15.321875,30.488888888888887,1.27875,9.556153846153846,4.984285714285714,165.5,0.5
2019-02-10,67.50611111111112,165.23615384615385,17.02388888888889,45.3635294117647,41.936470588235295,22.059285714285714,2.335294117647059,17.854375,33.25333333333334,1.3912499999999999,9.953076923076924,3.3066666666666666,166.72222222222223,0.5
2019-02-11,77.40944444444443,170.73285714285717,20.34222222222222,43.59117647058823,43.48117647058823,22.892857142857142,2.0429411764705883,15.674705882352942,35.64611111111111,1.500625,9.623076923076924,3.9333333333333336,182.77777777777777,0.5
2019-02-12,90.05166666666668,186.355,32.53388888888889,49.92411764705883,57.06941176470588,23.31142857142857,4.0744444444444445,20.805,38.39722222222222,1.7525,10.863076923076923,4.3999999999999995,218.72222222222223,0.5
2019-02-13,102.63555555555556,199.37571428571428,32.275000000000006,50.33764705882353,56.917058823529416,25.136428571428574,3.8055555555555554,24.73,42.590555555555554,1.73125,10.147692307692308,4.182857142857143,266.6111111111111,0.5
2019-02-14,106.76833333333333,193.74428571428572,24.98777777777778,46.75764705882353,48.87294117647059,28.66,2.3316666666666666,17.874444444444446,37.02222222222222,1.695,8.936153846153847,3.7257142857142855,272.22222222222223,0.5
2019-02-15,77.64333333333333,150.0207142857143,19.575555555555557,39.31647058823529,39.29588235294118,26.45285714285714,2.2183333333333333,15.168235294117649,34.99055555555556,1.546875,8.01,3.357142857142857,219.33333333333334,0.5
2019-02-16,61.77315789473685,127.67133333333335,21.199444444444442,35.02882352941177,40.53823529411765,24.646428571428572,2.7866666666666666,14.63625,33.505,1.435625,8.684615384615386,4.55,163.94444444444446,0.5263157894736842
2019-02-17,59.228421052631575,121.58866666666668,18.586315789473684,35.492777777777775,37.495555555555555,24.626666666666665,2.845263157894737,15.155294117647058,33.903684210526315,1.3547058823529412,8.675384615384615,4.2700000000000005,173.6315789473684,0.5263157894736842
2019-02-18,64.35736842105263,130.625,22.306315789473683,47.54277777777778,47.61555555555556,23.712666666666667,2.565263157894737,17.571111111111108,35.124736842105264,1.535294117647059,9.819230769230769,3.638333333333333,185.16666666666666,0.5263157894736842
2019-02-19,71.84473684210526,155.14800000000002,22.402105263157893,38.10333333333333,42.45222222222222,25.043333333333333,2.0747368421052634,15.51941176470588,37.9478947368421,1.7123529411764706,9.402307692307692,3.856666666666667,176.78947368421052,0.5263157894736842
2019-02-20,70.03263157894737,142.94,20.55526315789474,30.654444444444444,36.40166666666667,24.844,4.501578947368421,15.970588235294118,32.2378947368421,1.6764705882352942,9.27076923076923,3.7699999999999996,213.3684210526316,0.5263157894736842
2019-02-21,66.57526315789474,145.14600000000002,20.484736842105264,31.327222222222222,39.87555555555556,24.416666666666668,1.5868421052631578,15.092941176470587,32.90736842105263,1.5576470588235294,9.133076923076922,3.1342857142857143,189.1578947368421,0.5263157894736842
2019-02-22,73.91263157894737,174.80266666666665,18.606315789473683,29.68444444444444,38.68333333333333,24.336666666666666,2.0173684210526317,15.171176470588236,30.956842105263156,1.535294117647059,8.547692307692309,3.4714285714285715,193.94736842105263,0.5263157894736842
2019-02-23,60.40315789473684,166.204,19.27842105263158,32.586666666666666,40.63,20.794666666666668,1.7036842105263157,15.501764705882355,42.166315789473686,1.7388235294117647,9.044615384615385,3.1042857142857145,161.77777777777777,0.5263157894736842
2019-02-24,59.199999999999996,144.61666666666667,17.639999999999997,32.05,35.93555555555556,19.236,3.893157894736842,16.51823529411765,40.072631578947366,1.7211764705882353,9.473076923076924,3.3442857142857143,191.1578947368421,0.5263157894736842
2019-02-25,63.812105263157896,131.22466666666665,19.43,32.54388888888889,39.596111111111114,19.096666666666668,3.325263157894737,15.257222222222222,34.87578947368421,1.9417647058823528,10.205384615384617,3.5157142857142856,186.72222222222223,0.5263157894736842
2019-02-26,66.58684210526316,106.12599999999999,16.397894736842105,28.370555555555555,34.833888888888886,19.67,1.6978947368421051,13.193333333333333,30.34894736842105,1.8247058823529414,11.357692307692307,5.328333333333333,165.57894736842104,0.5263157894736842
2019-02-27,42.82611111111111,87.41571428571429,13.768888888888888,26.42235294117647,29.15058823529412,19.050714285714285,1.61,11.75,31.38888888888889,1.530625,11.25,7.731999999999999,127.38888888888889,0.5263157894736842
2019-02-28,46.839444444444446,102.72642857142857,16.14888888888889,29.90941176470588,32.046470588235294,18.40357142857143,1.77,14.571176470588236,35.690555555555555,1.6643750000000002,11.666666666666666,3.775,118.66666666666667,0.5263157894736842
2019-03-01,55.93157894736842,116.51133333333334,18.934736842105263,34.56111111111111,38.34833333333333,19.812,1.7273684210526317,16.291666666666668,41.084736842105265,2.150588235294118,10.883076923076924,3.6233333333333335,145.77777777777777,0.5263157894736842
2019-03-02,70.0521052631579,123.45133333333334,23.31105263157895,35.97666666666667,44.06444444444445,31.053999999999995,1.5326315789473686,18.06888888888889,37.155789473684216,2.2141176470588237,10.8,3.345,160.89473684210526,0.5263157894736842
2019-03-03,61.32631578947369,113.73266666666667,19.280526315789473,30.683888888888887,38.88444444444445,29.12066666666667,1.8473684210526315,15.15777777777778,33.65736842105263,2.0811764705882356,9.684615384615386,2.813333333333333,165.10526315789474,0.5263157894736842
2019-03-04,58.94631578947369,120.44266666666667,16.17684210526316,25.522222222222222,32.486111111111114,25.217333333333332,1.518421052631579,13.624444444444443,33.23736842105263,2.0894117647058827,10.444615384615386,3.0866666666666664,154.8421052631579,0.5263157894736842
2019-03-05,52.34684210526316,112.05866666666667,13.113157894736842,26.185555555555556,27.006666666666668,25.736,1.62,14.358888888888888,35.103157894736846,1.6400000000000001,10.970769230769232,5.86,141.16666666666666,0.5263157894736842
2019-03-06,56.06105263157895,125.77866666666667,14.66157894736842,27.198888888888888,30.47555555555555,21.303333333333335,2.2257894736842103,15.473333333333333,35.800000000000004,1.7958823529411765,14.63076923076923,5.15,151.42105263157896,0.5263157894736842
2019-03-07,63.50315789473684,152.05866666666668,21.051052631578944,29.689444444444444,38.27388888888889,22.712666666666667,2.8726315789473684,15.232777777777777,39.37052631578947,2.3241176470588236,15.714615384615383,4.948571428571428,185.57894736842104,0.5263157894736842
2019-03-08,62.95684210526316,144.87800000000001,20.43421052631579,30.072777777777773,39.94388888888889,22.384666666666664,3.6410526315789475,14.803888888888887,35.21421052631579,2.3911764705882352,13.407692307692308,3.564285714285714,182.61111111111111,0.5263157894736842
2019-03-09,60.16947368421053,141.09933333333336,20.779473684210526,28.837222222222223,38.724999999999994,23.973333333333333,2.608421052631579,12.860555555555557,37.33105263157895,2.0458823529411765,10.170769230769231,3.0914285714285716,189.83333333333334,0.5263157894736842
2019-03-10,60.8811111111111,128.48642857142858,16.42473684210526,26.465555555555554,32.345555555555556,21.336666666666666,1.5568421052631578,15.461111111111112,36.532105263157895,1.4517647058823528,8.573846153846155,3.1128571428571425,157.66666666666666,0.5263157894736842
2019-03-11,57.59722222222222,125.19785714285715,15.38,26.551111111111112,32.02166666666667,18.44066666666667,1.9668421052631577,14.143157894736843,34.601052631578945,1.5741176470588234,8.68923076923077,2.8971428571428572,148.5,0.5263157894736842
2019-03-12,60.47684210526315,123.5457142857143,16.237368421052633,30.506666666666668,34.041666666666664,17.705333333333332,2.7942105263157897,17.391666666666666,37.40631578947369,1.665294117647059,9.586923076923076,3.5485714285714285,176.11111111111111,0.5263157894736842
2019-03-13,68.72,163.796,13.963157894736844,30.683157894736844,32.409444444444446,16.818666666666665,1.8373684210526313,17.979444444444443,41.75684210526316,1.6052941176470588,10.296923076923076,3.9285714285714284,177.38888888888889,0.5263157894736842
2019-03-14,66.60833333333333,140.77642857142857,15.836111111111112,29.014444444444443,36.33941176470588,18.73785714285714,1.5072222222222222,12.986470588235292,41.77333333333333,2.019375,11.157692307692306,4.661428571428572,178.61111111111111,0.5263157894736842
2019-03-15,57.80888888888889,122.33928571428571,14.912222222222223,32.88722222222222,36.39588235294118,20.478571428571428,2.3355555555555556,13.586470588235294,41.69055555555556,1.939375,10.882307692307693,4.3500000000000005,156.55555555555554,0.5263157894736842
2019-03-16,56.321578947368415,127.31133333333334,15.524736842105265,33.643157894736845,35.945,17.987333333333332,1.88,14.708333333333334,40.32421052631579,1.6376470588235295,8.611538461538462,3.8600000000000003,152.61111111111111,0.5263157894736842
2019-03-17,61.79777777777778,123.0457142857143,13.757894736842104,32.12842105263158,32.751666666666665,17.42,1.6689473684210527,15.023888888888889,45.106842105263155,1.802941176470588,9.302307692307691,3.794285714285714,152.77777777777777,0.5263157894736842
2019-03-18,57.586842105263166,119.06785714285715,17.625263157894736,35.752105263157894,39.864444444444445,19.63066666666667,2.011052631578947,16.57888888888889,41.241578947368424,2.105294117647059,10.936923076923078,3.6585714285714284,151.94444444444446,0.5263157894736842
2019-03-19,61.92263157894737,119.94666666666667,21.06578947368421,33.79947368421053,39.695,20.672666666666668,5.340526315789473,15.668333333333331,38.57526315789473,2.0729411764705885,10.486923076923079,3.62,191.55555555555554,0.5263157894736842
2019-03-20,57.94421052631579,116.52333333333334,14.684736842105263,30.743157894736843,32.77222222222222,18.992,1.7173684210526317,16.004444444444445,35.35368421052632,2.077058823529412,10.191538461538462,3.724285714285714,173.44444444444446,0.5263157894736842
2019-03-21,63.114210526315794,115.3,14.519473684210526,25.886315789473684,27.03388888888889,16.048,2.2863157894736843,14.976666666666667,44.55842105263158,1.8529411764705883,8.060769230769232,3.73,159.47368421052633,0.5263157894736842
2019-03-22,43.37842105263158,105.36933333333333,12.235263157894737,23.823684210526313,25.160555555555554,15.684,3.084736842105263,14.850555555555555,41.8021052631579,1.3905882352941177,7.768461538461539,3.6942857142857144,151.3684210526316,0.5263157894736842
2019-03-23,48.38947368421052,109.96666666666667,14.341578947368422,28.861052631578946,31.327222222222222,14.147333333333334,3.0410526315789475,15.533333333333335,42.41947368421053,2.031764705882353,9.292307692307691,3.7257142857142855,158.05263157894737,0.5263157894736842
2019-03-24,53.96526315789473,136.38866666666667,15.44421052631579,28.68631578947368,35.68277777777777,15.386666666666667,2.282222222222222,15.175555555555555,39.427368421052634,1.9811764705882353,9.248461538461537,3.597142857142857,169.94736842105263,0.5263157894736842
2019-03-25,62.897894736842105,156.66533333333334,19.489473684210527,33.816842105263156,43.01777777777777,16.084,2.1336842105263156,17.07888888888889,35.257894736842104,2.4658823529411764,10.017692307692307,3.912857142857143,166.26315789473685,0.5263157894736842
2019-03-26,60.112631578947365,140.57133333333334,14.999473684210527,29.690526315789473,33.974999999999994,15.965333333333332,1.7715789473684211,15.700000000000001,33.87421052631579,1.8205882352941176,9.574615384615385,3.84,166.6315789473684,0.5263157894736842
2019-03-27,53.98947368421052,120.07,14.445263157894736,28.05842105263158,30.71944444444445,15.871333333333332,3.784736842105263,17.883333333333333,37.385263157894734,1.9664705882352942,9.622307692307693,4.177142857142857,150.21052631578948,0.5263157894736842
2019-03-28,65.78368421052632,137.0593333333333,17.78736842105263,29.367894736842107,35.57277777777778,16.320666666666668,4.26,20.863333333333333,35.53473684210526,2.33,11.977692307692308,4.002857142857143,214.73684210526315,0.5263157894736842
2019-03-29,74.57473684210527,153.92066666666668,20.11578947368421,30.766842105263155,39.50222222222222,16.95733333333333,3.758947368421053,17.00722222222222,33.38263157894737,2.314117647058824,12.563846153846155,4.348571428571429,219.57894736842104,0.5263157894736842
2019-03-30,73.62055555555554,144.6507142857143,16.09777777777778,28.92777777777778,31.96277777777778,17.29357142857143,2.977222222222222,16.31529411764706,36.486666666666665,2.1005882352941176,10.575384615384614,3.9414285714285713,209.5,0.5263157894736842
2019-03-31,55.91222222222222,123.81928571428571,10.697222222222223,26.416666666666668,25.62611111111111,17.017857142857142,1.5811111111111111,15.151176470588235,34.705555555555556,1.36,7.930000000000001,4.18,170.27777777777777,0.5263157894736842
2019-04-01,49.39,109.17066666666666,12.177368421052632,31.991578947368424,27.18277777777778,15.781428571428572,1.7236842105263157,14.290000000000001,33.752105263157894,1.5711764705882354,7.974615384615385,3.9600000000000004,133.27777777777777,0.5263157894736842
2019-04-02,60.1921052631579,122.80733333333335,18.141052631578948,37.75052631578947,35.78055555555555,20.52857142857143,3.0677777777777777,15.343333333333334,34.245789473684205,1.791764705882353,9.412307692307692,4.025714285714286,155.52631578947367,0.5263157894736842
2019-04-03,61.58473684210526,127.15133333333333,17.955263157894734,37.08315789473684,37.20777777777778,21.413333333333334,3.701666666666666,14.893333333333333,35.78052631578947,1.7741176470588236,9.783076923076923,4.445714285714286,174.52631578947367,0.5263157894736842
2019-04-04,60.90684210526316,123.48733333333332,14.926842105263159,30.96736842105263,33.778888888888886,17.828,2.2094444444444443,15.348333333333333,34.58578947368421,1.9229411764705882,10.61153846153846,3.8542857142857145,192.73684210526315,0.5263157894736842
2019-04-05,57.705555555555556,123.95071428571428,15.267777777777777,28.26,33.79764705882353,15.565,2.2876470588235294,14.38529411764706,33.193333333333335,2.458125,10.561538461538463,4.28,167.05263157894737,0.5263157894736842
2019-04-06,54.97,120.59466666666667,15.301111111111112,27.065,31.63222222222222,13.963571428571429,1.9966666666666666,13.654117647058824,32.00833333333333,1.7729411764705882,9.738461538461538,3.908571428571429,150.5,0.5263157894736842
2019-04-07,52.611666666666665,129.435,14.377777777777778,26.234444444444446,31.021176470588237,14.362142857142857,2.228235294117647,14.145294117647058,36.43111111111111,1.695625,8.537692307692307,3.357142857142857,156.72222222222223,0.5263157894736842
2019-04-08,48.02,132.62857142857143,12.545,25.958333333333332,28.884117647058822,13.884285714285713,2.3505882352941176,12.715294117647058,33.22833333333333,1.6693749999999998,8.085384615384616,3.248571428571428,156.94444444444446,0.5263157894736842
2019-04-09,49.41388888888889,111.66785714285713,14.892777777777777,25.465555555555554,31.343529411764706,13.768571428571429,2.073529411764706,13.22529411764706,34.81166666666667,1.81125,9.436153846153847,3.25,142.38888888888889,0.5263157894736842
2019-04-10,50.788888888888884,112.39428571428572,20.346111111111114,26.873333333333335,36.48647058823529,13.593571428571428,3.985882352941176,12.651176470588235,34.778888888888886,1.92,10.430769230769231,3.754285714285714,152.61111111111111,0.5263157894736842
2019-04-11,52.617777777777775,113.07214285714285,19.605,24.448333333333334,35.002352941176476,16.705000000000002,4.8082352941176465,12.928235294117647,34.06944444444444,1.7175,10.0975,3.7016666666666667,172.83333333333334,0.5263157894736842
2019-04-12,54.31526315789474,142.20666666666665,14.934736842105263,24.662105263157894,31.53388888888889,16.067333333333334,2.2249999999999996,12.546111111111111,32.956842105263156,1.6182352941176472,9.371538461538462,3.412857142857143,187.05555555555554,0.5263157894736842
2019-04-13,50.084736842105265,116.512,15.04105263157895,25.844736842105263,31.640555555555554,18.491333333333333,2.1133333333333333,12.365,37.12947368421053,1.5641176470588236,9.57,3.222857142857143,142.89473684210526,0.5263157894736842
2019-04-14,44.594210526315784,106.18466666666667,13.599473684210526,23.28421052631579,27.42888888888889,17.458000000000002,1.5827777777777776,12.732222222222223,35.86578947368421,1.3270588235294118,8.556923076923077,3.34,132.83333333333334,0.5263157894736842
2019-04-15,58.92315789473684,129.30066666666667,12.588947368421053,24.126842105263158,28.58611111111111,15.752666666666666,2.6577777777777776,14.374444444444444,35.3421052631579,1.447058823529412,8.563076923076924,3.3442857142857143,147.42105263157896,0.5263157894736842
2019-04-16,55.39277777777777,124.05499999999999,11.748333333333333,25.328333333333333,26.804117647058824,11.787142857142857,1.7847058823529411,15.455882352941176,35.10666666666666,1.553125,8.302307692307693,3.762857142857143,144.44444444444446,0.5263157894736842
2019-04-17,43.589444444444446,102.87214285714286,9.904444444444444,22.926666666666666,23.971176470588233,12.641428571428571,1.3888235294117646,16.923529411764704,39.80277777777778,2.45875,7.337692307692308,3.198571428571429,127.55555555555556,0.5263157894736842
2019-04-18,40.596111111111114,90.94428571428571,11.823333333333332,25.21388888888889,29.066470588235294,13.631428571428572,1.3888235294117648,14.415882352941177,39.735,6.66,8.788461538461538,3.167142857142857,116.55555555555556,0.5263157894736842
2019-04-19,42.757222222222225,93.096,12.42315789473684,26.465263157894736,29.755000000000003,15.797333333333334,1.5827777777777778,15.131111111111112,40.19684210526316,1.6800000000000002,8.601538461538462,3.491428571428571,121.22222222222223,0.5263157894736842
2019-04-20,42.474736842105266,91.05,14.162631578947368,33.27368421052632,33.54222222222222,14.264666666666667,2.3466666666666667,17.66,43.59157894736842,1.4376470588235293,8.194615384615386,3.588571428571428,129.3684210526316,0.5263157894736842
2019-04-21,48.071176470588235,96.94285714285715,19.799999999999997,34.486666666666665,36.39764705882353,13.024285714285714,4.525882352941176,15.374117647058824,39.998333333333335,1.6681249999999999,8.79,4.581428571428572,178.38888888888889,0.5263157894736842
2019-04-22,55.17111111111112,111.312,18.619999999999997,33.96947368421053,38.65222222222222,15.362,3.06,17.171666666666667,40.26789473684211,1.8941176470588232,9.09153846153846,4.421428571428572,158.88888888888889,0.5263157894736842
2019-04-23,52.915,121.53214285714286,16.989444444444445,32.855555555555554,37.97176470588235,14.855714285714287,2.6917647058823526,16.97176470588235,40.26111111111111,2.104375,10.565384615384614,4.088571428571429,166.05555555555554,0.5263157894736842
2019-04-24,49.25444444444444,118.03066666666668,12.132222222222222,28.440555555555555,29.88111111111111,13.84142857142857,1.4310526315789474,15.049411764705882,37.47833333333333,1.723529411764706,8.55923076923077,3.7257142857142855,153.0,0.5263157894736842
2019-04-25,53.92411764705883,129.3093333333333,12.23,26.05333333333333,30.11941176470588,16.445333333333334,1.0811111111111111,12.729411764705883,37.193333333333335,1.314375,6.516666666666667,3.1199999999999997,133.33333333333334,0.5263157894736842
2019-04-26,57.103750000000005,132.13642857142858,12.327058823529413,25.695882352941176,30.69875,17.74142857142857,1.0605882352941176,11.3925,40.55235294117647,1.3433333333333333,7.236666666666667,3.3733333333333335,142.41176470588235,0.5263157894736842
2019-04-27,58.68833333333334,145.07666666666668,26.762105263157892,25.355,38.753888888888895,17.978,3.0278947368421054,14.82888888888889,42.439473684210526,1.322941176470588,8.463076923076922,4.25,143.52941176470588,0.5263157894736842
2019-04-28,58.50277777777777,137.78857142857143,14.272105263157895,22.080526315789474,27.489444444444445,18.627333333333333,4.983157894736841,14.014444444444443,37.69421052631579,1.2305882352941178,7.921538461538462,4.152857142857142,210.11111111111111,0.5263157894736842
2019-04-29,58.038333333333334,140.14,12.451578947368422,23.993157894736843,28.26111111111111,21.567999999999998,1.6878947368421053,15.174444444444443,35.556315789473686,1.3405882352941176,8.358461538461539,3.5557142857142856,190.88888888888889,0.5263157894736842
2019-04-30,54.17611111111111,115.232,13.791578947368421,25.4,28.14,19.509333333333334,1.4757894736842105,15.889444444444443,38.439473684210526,1.371764705882353,9.04076923076923,3.2157142857142857,139.05263157894737,0.5263157894736842
2019-05-01,53.011111111111106,115.84733333333334,13.416842105263159,24.128947368421052,28.622222222222224,18.552666666666667,2.2510526315789474,17.46611111111111,37.02263157894737,1.2270588235294118,8.187692307692307,3.072857142857143,150.10526315789474,0.5263157894736842
2019-05-02,46.955000000000005,120.10799999999999,10.723157894736843,23.029473684210526,25.865,15.245333333333331,2.1999999999999997,19.592105263157894,38.47105263157895,1.3205882352941176,8.208461538461538,4.202857142857143,153.05263157894737,0.5263157894736842
2019-05-03,41.69277777777778,108.52066666666666,12.3,22.723157894736843,27.887777777777778,17.786,1.68,19.966842105263158,36.724736842105266,1.4194117647058826,8.073076923076924,3.7471428571428578,126.5,0.5263157894736842
2019-05-04,98.14882352941176,172.482,15.163157894736843,24.375263157894736,32.21111111111111,27.383333333333333,1.721578947368421,18.577894736842108,35.113157894736844,6.337058823529411,7.744615384615385,3.6771428571428575,129.76470588235293,0.5263157894736842
2019-05-05,52.86611111111111,133.12866666666667,18.234444444444442,28.794999999999998,29.378333333333337,18.580000000000002,1.9368421052631577,20.697222222222223,37.937777777777775,2.8658823529411763,8.746153846153847,4.305714285714286,148.88888888888889,0.5263157894736842
2019-05-06,58.228888888888896,145.556,15.28611111111111,27.954444444444444,28.874444444444446,16.995,2.238421052631579,18.768888888888892,38.77166666666667,1.7841176470588234,12.207692307692307,4.464285714285714,157.22222222222223,0.5263157894736842
2019-05-07,61.65722222222222,165.55,16.875555555555554,27.60666666666667,31.481666666666666,16.083571428571428,1.7252631578947368,18.60388888888889,38.32666666666667,2.0523529411764705,14.784615384615384,5.380000000000001,165.52631578947367,0.5263157894736842
2019-05-08,64.14277777777778,177.512,17.047222222222224,26.871666666666666,31.20777777777778,22.22,1.8310526315789473,21.0,38.18888888888889,1.9576470588235295,20.563846153846153,4.792857142857143,167.57894736842104,0.5263157894736842
2019-05-09,64.54222222222222,181.94466666666668,13.108947368421052,23.87157894736842,26.474444444444444,20.363999999999997,1.6663157894736842,19.472105263157896,38.637368421052635,1.8388235294117647,20.71,5.587142857142857,175.3684210526316,0.5263157894736842
2019-05-10,58.46,153.762,12.869444444444445,20.220555555555553,22.575000000000003,23.889333333333337,1.088888888888889,13.551666666666668,39.03,1.6941176470588235,20.86,5.298571428571428,163.38888888888889,0.5263157894736842
2019-05-11,57.12,142.9,14.291764705882354,21.099999999999998,23.021666666666665,21.347857142857144,0.9933333333333333,15.331875,39.296470588235294,1.3094117647058823,13.814615384615385,3.0557142857142856,154.77777777777777,0.5263157894736842
2019-05-12,64.22529411764705,161.232,12.301666666666668,20.155,22.885,20.457333333333334,1.0822222222222222,14.428235294117647,39.21055555555555,1.07,7.3307692307692305,2.8871428571428566,158.2941176470588,0.5263157894736842
2019-05-13,62.35294117647059,141.14933333333332,11.18611111111111,18.978333333333335,22.275555555555556,16.896666666666665,1.2161111111111111,15.183333333333334,41.46722222222222,1.2970588235294118,10.220769230769232,3.255714285714286,153.1764705882353,0.5263157894736842
2019-05-14,42.52111111111111,94.58,10.591578947368422,23.78210526315789,22.931666666666665,14.703333333333335,1.8389473684210524,16.576315789473682,40.68684210526315,1.6070588235294119,10.627692307692307,3.78,126.29411764705883,0.5263157894736842
2019-05-15,50.986111111111114,120.82625,11.606666666666667,22.319444444444443,24.096666666666668,14.609285714285715,1.7347368421052631,22.924999999999997,40.47944444444445,2.4058823529411764,14.493076923076924,4.807142857142857,138.88888888888889,0.5263157894736842
2019-05-16,47.02294117647059,113.98,13.663529411764705,23.763529411764704,26.657647058823528,19.663076923076922,1.745,16.997647058823528,40.70235294117647,2.425,14.36076923076923,4.961428571428572,140.89473684210526,0.5263157894736842
2019-05-17,49.28888888888889,133.155,12.791111111111112,22.971666666666668,26.358333333333334,12.379999999999999,2.005263157894737,18.454117647058823,35.23388888888889,2.257058823529412,14.496153846153845,5.275714285714286,144.76470588235293,0.5263157894736842
2019-05-18,41.57611111111111,102.28375,11.705,21.281111111111112,24.509444444444444,12.162307692307694,1.5652631578947367,17.391666666666666,38.156111111111116,2.072352941176471,12.796923076923077,5.3100000000000005,132.42105263157896,0.5263157894736842
2019-05-19,47.32,110.4175,12.147222222222222,22.16722222222222,25.370555555555555,11.755384615384616,2.6294736842105264,19.02722222222222,39.81111111111111,2.04,13.506923076923076,4.737142857142857,139.8421052631579,0.5263157894736842
2019-05-20,47.974999999999994,110.501875,12.233333333333334,22.792777777777776,25.857222222222223,11.589230769230769,1.7647368421052632,17.33277777777778,39.23722222222222,2.078823529411765,12.614615384615385,4.188571428571429,168.83333333333334,0.5263157894736842
2019-05-21,45.34388888888889,108.246875,11.875555555555556,24.278888888888886,25.74111111111111,13.253846153846153,1.3921052631578947,17.717777777777776,43.800555555555555,2.362352941176471,11.973076923076924,3.914285714285714,135.73684210526315,0.5263157894736842
2019-05-22,43.218888888888884,99.40625,14.63578947368421,23.590526315789475,27.649444444444445,17.509999999999998,1.545263157894737,17.96,38.078421052631576,2.1964705882352944,12.273076923076925,4.41,126.22222222222223,0.5263157894736842
2019-05-23,42.67166666666667,98.16,15.925263157894737,25.00263157894737,29.95888888888889,17.778000000000002,1.648421052631579,17.03,37.37263157894737,2.116470588235294,12.563846153846153,3.8642857142857143,128.26315789473685,0.5263157894736842
2019-05-24,36.57888888888888,87.953125,11.631052631578948,21.622631578947367,24.864444444444445,16.246666666666666,1.6389473684210527,17.702105263157893,35.513684210526314,2.017058823529412,12.662307692307694,3.7985714285714285,114.21052631578948,0.5263157894736842
2019-05-25,36.794444444444444,128.466875,11.17578947368421,22.38105263157895,25.049444444444443,14.222000000000001,1.9242105263157896,17.821578947368423,37.282105263157895,1.9764705882352942,11.876923076923077,4.517142857142857,123.0,0.5263157894736842
2019-05-26,42.35777777777778,130.626,10.881111111111112,25.031666666666666,26.73166666666667,14.531428571428572,2.466666666666667,18.35111111111111,40.42277777777778,2.146470588235294,12.662307692307694,4.438571428571429,171.77777777777777,0.5263157894736842
2019-05-27,45.46,107.433125,12.810526315789474,25.58157894736842,29.55944444444445,15.084,2.255263157894737,18.718947368421055,38.30578947368421,2.1129411764705885,13.209999999999999,4.628571428571428,134.72222222222223,0.5263157894736842
2019-05-28,46.11055555555556,104.7775,13.94157894736842,27.18263157894737,30.646666666666665,16.852,2.1226315789473684,19.396842105263158,39.002105263157894,2.3464705882352943,13.387692307692307,4.9399999999999995,135.0,0.5263157894736842
2019-05-29,47.284444444444446,108.3025,12.972105263157895,25.413684210526316,29.555555555555557,13.427333333333333,1.7873684210526317,18.130526315789474,41.73222222222223,2.53,14.454615384615384,4.814285714285715,133.31578947368422,0.5263157894736842
2019-05-30,50.815,114.61875,17.20263157894737,26.599473684210526,32.51611111111111,16.467333333333332,1.9378947368421053,21.136315789473684,43.80368421052631,3.2070588235294117,14.529230769230768,4.882857142857143,150.27777777777777,0.5263157894736842
2019-05-31,47.60833333333333,105.04266666666666,14.106315789473683,24.597894736842107,30.616111111111113,16.889333333333333,1.726315789473684,19.232105263157894,46.56368421052632,2.5123529411764705,14.236923076923079,4.44375,147.21052631578948,0.5263157894736842
2019-06-01,48.05166666666666,103.05066666666667,14.675555555555556,25.049444444444443,29.165000000000003,16.409285714285712,2.22,21.687894736842104,43.59263157894737,3.635294117647059,18.61,5.2749999999999995,150.0,0.5263157894736842
2019-06-02,46.95944444444444,98.98133333333334,14.030526315789473,21.496315789473684,26.76611111111111,16.967333333333332,2.1,18.773684210526316,42.65,3.256470588235294,11.450769230769232,4.992857142857143,139.33333333333334,0.5263157894736842
2019-06-03,43.44647058823529,114.85799999999999,10.919473684210526,21.38842105263158,23.358888888888888,15.708124999999999,1.9926315789473683,20.267894736842106,44.08578947368421,3.35,10.88923076923077,4.815714285714286,143.8125,0.5263157894736842
2019-06-04,40.849444444444444,94.05499999999999,9.581666666666667,23.17111111111111,22.870555555555555,14.997333333333334,2.0122222222222224,18.399444444444445,46.687222222222225,3.334705882352941,12.983076923076924,4.22,135.77777777777777,0.5263157894736842
2019-06-05,45.17111111111112,100.01142857142858,8.598888888888888,21.706666666666663,21.061111111111114,15.137333333333334,1.8094444444444444,17.88388888888889,44.934444444444445,9.1,37.72615384615385,4.0442857142857145,128.33333333333334,0.5263157894736842
2019-06-06,44.99588235294117,93.80230769230769,9.522941176470587,23.573529411764707,22.06764705882353,15.624285714285715,1.4929411764705882,17.232941176470586,46.14235294117647,4.0806249999999995,14.729230769230771,16.11375,126.44444444444444,0.5263157894736842
2019-06-07,35.585,84.90785714285714,10.176111111111112,25.58833333333333,24.766666666666666,15.641333333333334,1.6844444444444444,13.704444444444444,48.32,2.71125,5.6125,4.034285714285714,126.29411764705883,0.5263157894736842
2019-06-08,37.07055555555556,82.98214285714286,11.100000000000001,27.357777777777777,26.031111111111112,15.057333333333334,1.7855555555555556,14.773333333333333,49.413333333333334,2.2682352941176473,11.709999999999999,3.25,119.61111111111111,0.5263157894736842
2019-06-09,44.43555555555556,92.79714285714284,16.917777777777776,28.018888888888892,30.42611111111111,15.502,1.6066666666666665,19.33,48.55444444444444,3.1976470588235295,17.11692307692308,4.641428571428571,126.77777777777777,0.5263157894736842
2019-06-10,44.132777777777775,90.97357142857143,13.589444444444446,29.084999999999997,28.974444444444444,16.752,1.6688888888888889,19.27388888888889,47.12833333333333,3.066470588235294,25.847692307692306,10.674285714285714,131.22222222222223,0.5263157894736842
2019-06-11,51.743529411764705,117.70076923076923,17.381764705882354,31.118235294117646,35.05352941176471,20.983571428571427,1.75,17.618235294117646,42.91882352941177,1.9294117647058822,15.376153846153844,9.12875,138.2941176470588,0.5263157894736842
2019-06-12,38.77882352941177,89.70857142857143,12.041111111111112,27.945555555555554,27.59277777777778,18.2,1.4372222222222222,16.617222222222225,42.36833333333333,1.8938888888888887,9.99,6.7425,132.1764705882353,0.5
2019-06-13,34.46611111111111,80.06266666666667,13.928333333333335,30.183888888888887,32.67388888888889,24.191333333333333,1.4572222222222222,14.872777777777777,40.76111111111111,1.7788888888888887,9.887142857142859,2.6937499999999996,118.82352941176471,0.5
2019-06-14,35.675,85.636,11.07388888888889,33.18666666666667,30.057777777777776,14.930666666666667,1.5544444444444445,15.521666666666667,38.27222222222222,2.286111111111111,10.683571428571428,2.83625,114.17647058823529,0.5
2019-06-15,45.82823529411764,104.07071428571429,12.365555555555556,26.33833333333333,25.672777777777778,15.264666666666667,1.8022222222222222,15.63888888888889,35.47277777777778,2.4005555555555556,10.94357142857143,3.4612499999999997,127.41176470588235,0.5
2019-06-16,33.87611111111111,88.556,9.261176470588236,21.064117647058822,20.038888888888888,12.868571428571428,2.0433333333333334,13.52235294117647,33.921176470588236,1.6316666666666668,9.017857142857142,2.57125,124.94117647058823,0.5
2019-06-17,37.233333333333334,83.6907142857143,9.905555555555557,24.12388888888889,23.357222222222223,16.62333333333333,2.178888888888889,13.356666666666666,30.30277777777778,2.2444444444444445,10.672857142857143,2.94875,105.3529411764706,0.5
2019-06-18,35.29052631578947,79.71533333333333,10.664736842105263,25.453157894736844,25.011052631578945,14.3925,1.9536842105263157,12.467894736842105,34.49526315789473,2.7533333333333334,10.177857142857144,2.4612499999999997,113.16666666666667,0.5
2019-06-19,44.30842105263158,104.6275,10.046842105263158,26.99473684210526,25.807894736842105,14.7125,1.8557894736842104,13.022631578947369,34.647368421052626,3.192222222222222,10.930000000000001,2.94625,119.72222222222223,0.5
2019-06-20,33.45315789473684,75.70125,11.984210526315788,25.041578947368418,26.52052631578947,13.78,2.3526315789473684,12.354736842105263,34.63157894736842,2.9872222222222224,9.662857142857144,2.95125,126.05263157894737,0.5
2019-06-21,36.26555555555555,73.11466666666666,11.025263157894738,26.69578947368421,26.400000000000002,15.25375,1.844736842105263,12.22263157894737,35.014210526315786,3.9099999999999997,10.847857142857142,3.14625,110.29411764705883,0.5
2019-06-22,39.25555555555556,76.87733333333333,13.405263157894737,30.079473684210527,28.90105263157895,16.43625,1.5194736842105263,12.051052631578948,36.11578947368421,4.56,11.580714285714285,4.40875,105.66666666666667,0.5
2019-06-23,30.418888888888887,68.2325,10.133157894736842,30.81,23.56736842105263,17.4425,1.4957894736842103,12.186842105263159,36.28684210526316,3.397777777777778,9.577142857142858,2.925,103.05555555555556,0.5
2019-06-24,30.678333333333335,62.12375,9.30421052631579,38.70315789473684,27.24052631578947,16.291875,1.8673684210526318,11.966315789473684,33.9478947368421,3.2822222222222224,9.777142857142858,2.5425,100.22222222222223,0.5
2019-06-25,37.869473684210526,67.27117647058823,10.85578947368421,35.37578947368421,27.39578947368421,17.644375,1.8226315789473682,10.976666666666667,33.14947368421053,3.193888888888889,10.296428571428573,2.575,104.38888888888889,0.5
2019-06-26,37.338421052631574,72.608125,12.775789473684211,35.05157894736842,31.032105263157895,17.806,2.076842105263158,11.16421052631579,28.272105263157894,2.687222222222222,10.699285714285717,2.66625,110.15789473684211,0.5
2019-06-27,37.51789473684211,97.796875,11.81842105263158,32.0121052631579,29.73578947368421,15.508000000000001,2.117368421052632,12.00157894736842,29.414736842105263,2.493888888888889,10.572857142857144,2.61375,110.63157894736842,0.5
2019-06-28,37.71578947368421,90.141875,11.894736842105264,31.44684210526316,28.02894736842105,12.975333333333333,2.3457894736842104,13.134736842105264,29.90157894736842,4.753333333333334,11.265,2.975,122.42105263157895,0.5
2019-06-29,39.246842105263156,95.90312499999999,11.503157894736843,31.827894736842108,29.794736842105266,12.290625,2.953684210526316,12.42578947368421,26.878947368421052,2.8433333333333333,11.140714285714285,3.5771428571428574,132.73684210526315,0.5
2019-06-30,36.654736842105265,91.60625,12.96,25.20842105263158,27.904210526315794,12.203125,2.306842105263158,11.987894736842106,26.95263157894737,2.392777777777778,11.440714285714284,2.96375,123.63157894736842,0.5
2019-07-01,33.72736842105263,78.69,13.146315789473684,28.420526315789473,30.31368421052632,13.442499999999999,2.3357894736842106,12.00578947368421,29.266842105263162,2.8755555555555556,11.463571428571429,3.90625,113.88235294117646,0.5
2019-07-02,33.71263157894737,82.11500000000001,11.133157894736842,24.864210526315787,26.112105263157893,13.273125,2.0657894736842106,12.487368421052631,29.496842105263156,2.772222222222222,11.25,3.3137499999999998,109.42105263157895,0.5
2019-07-03,30.74631578947368,67.465625,11.785263157894736,22.916842105263157,25.67,13.045,2.0421052631578944,12.427894736842106,24.954736842105262,2.886111111111111,10.47,3.20125,108.15789473684211,0.5
2019-07-04,28.889999999999997,61.619375000000005,13.760526315789473,24.253684210526316,27.703684210526315,14.838,2.8510526315789475,12.671052631578947,20.80526315789474,2.7377777777777776,10.588571428571429,2.895,105.21052631578948,0.5
2019-07-05,31.29,55.8725,13.212631578947368,24.37,28.49684210526316,16.271333333333335,2.821578947368421,12.122631578947368,18.63578947368421,2.658333333333333,10.772142857142857,2.9575,110.0,0.5
2019-07-06,25.04578947368421,57.410625,12.026842105263157,27.810526315789474,27.94105263157895,15.581999999999999,2.630526315789474,12.325263157894737,21.412105263157894,2.5783333333333336,10.620714285714286,3.11,96.05263157894737,0.5
2019-07-07,23.574210526315788,58.63875,11.057368421052631,25.115263157894738,25.09263157894737,14.153333333333334,2.1121052631578947,12.906315789473684,23.925263157894737,2.7300000000000004,9.727857142857143,2.6412500000000003,92.15789473684211,0.5
2019-07-08,27.69578947368421,76.72375,11.76,24.23263157894737,25.01842105263158,15.97875,2.6357894736842105,12.629473684210527,23.405263157894737,3.307777777777778,9.655714285714286,2.53625,98.21052631578948,0.5
2019-07-09,35.764736842105265,108.859375,12.450000000000001,25.130000000000003,26.156315789473684,16.350625,2.7078947368421056,11.307368421052631,22.11,5.776666666666667,10.612142857142857,2.9575,103.70588235294117,0.5
2019-07-10,35.50157894736842,98.78375,13.088947368421053,26.66894736842105,29.265263157894736,17.018125,2.9057894736842105,11.717894736842107,22.783684210526314,3.2066666666666666,9.690714285714288,2.2725,112.3529411764706,0.5
2019-07-11,35.49315789473684,105.155,14.788947368421054,24.221052631578946,28.41578947368421,18.04625,2.688947368421053,15.311578947368423,23.108947368421052,2.0405555555555557,10.156428571428572,2.7199999999999998,128.1578947368421,0.5
2019-07-12,36.09684210526316,99.02117647058823,13.020500000000002,24.4495,27.025263157894738,17.94588235294118,2.354,15.257499999999999,21.8515,2.173888888888889,10.587857142857144,2.78125,120.10526315789474,0.5
2019-07-13,34.73684210526316,90.62588235294118,11.818,22.244,24.93578947368421,17.103529411764704,2.5974999999999997,15.136,22.576,2.1461111111111113,11.785714285714286,2.98625,118.95,0.5
2019-07-14,33.56,82.79117647058824,13.111500000000001,21.091,24.949473684210528,20.540588235294116,1.9665,15.443000000000001,23.153,1.9861111111111112,10.19,2.4,108.6,0.5
2019-07-15,31.45421052631579,79.48764705882353,11.8155,23.34,25.89578947368421,20.058823529411764,2.4215,17.158,24.541,1.9105555555555556,10.38,2.7362499999999996,107.3157894736842,0.5
2019-07-16,35.34947368421052,84.95588235294117,13.105,23.981,27.982105263157894,18.05,2.4779999999999998,18.153,22.711000000000002,2.247777777777778,11.58357142857143,3.11625,111.85,0.5
2019-07-17,35.618947368421054,81.28058823529412,14.5915,22.9715,29.338421052631578,17.878235294117648,2.3995,16.2615,23.551499999999997,2.703888888888889,12.575714285714286,3.22375,114.05,0.5
2019-07-18,33.04833333333333,69.96823529411765,13.8065,22.0995,27.070000000000004,18.586470588235297,2.163,17.0055,25.417499999999997,2.033333333333333,11.424285714285714,2.7787499999999996,105.3157894736842,0.5
2019-07-19,34.86736842105263,70.57055555555556,14.0495,23.999000000000002,28.311052631578946,18.353529411764704,2.088,15.7195,25.088,2.3761111111111113,12.090714285714286,3.0425,101.47368421052632,0.5
2019-07-20,30.796842105263156,63.269999999999996,12.173,22.7845,26.777894736842104,18.165294117647058,2.176,16.079,24.645500000000002,2.34,10.66357142857143,2.66,102.42105263157895,0.5
2019-07-21,27.94157894736842,51.986666666666665,11.833,20.721,24.105263157894736,16.21,1.6019999999999999,16.1815,26.925,1.9377777777777778,10.165714285714287,2.21125,91.05,0.5
2019-07-22,28.689473684210526,52.31666666666666,11.627500000000001,19.8495,23.2,19.064705882352943,1.419,13.774000000000001,29.040999999999997,1.7766666666666666,10.574285714285717,3.0,84.3,0.5
2019-07-23,29.37263157894737,64.4538888888889,11.738,24.991999999999997,25.78,18.08764705882353,1.641,13.0705,27.6755,1.963888888888889,10.976428571428572,3.14625,101.7,0.5
2019-07-24,27.448947368421052,65.78888888888889,10.612,21.2515,23.65368421052632,18.430588235294117,2.093,13.022499999999999,32.0655,2.1661111111111113,11.080714285714285,3.12875,101.84210526315789,0.5
2019-07-25,25.80894736842105,54.29777777777778,12.1645,25.575499999999998,27.7,17.15529411764706,2.551,13.4405,27.1315,2.24,10.185,2.755,100.26315789473684,0.5
2019-07-26,25.17105263157895,44.998333333333335,12.279,18.863,23.85421052631579,17.96764705882353,2.5294999999999996,13.553,24.044999999999998,2.445555555555556,11.097857142857142,3.3499999999999996,92.85,0.5
2019-07-27,22.64421052631579,43.775555555555556,10.55,17.5845,21.86421052631579,17.02764705882353,2.1045000000000003,15.197,24.7105,2.5366666666666666,10.947857142857144,3.425,89.35,0.5
2019-07-28,23.44105263157895,47.23176470588235,10.789444444444445,15.566666666666666,19.99684210526316,13.603333333333332,2.386842105263158,16.191111111111113,24.423333333333332,2.2061111111111114,9.494285714285715,2.95875,85.15,0.5
2019-07-29,24.031052631578945,56.18833333333333,10.499500000000001,16.317500000000003,20.948947368421052,16.841764705882355,2.4215,14.378499999999999,25.3715,2.1705555555555556,9.787142857142857,3.2649999999999997,93.8,0.5
2019-07-30,24.527368421052632,53.34470588235294,10.408,16.471,21.384736842105262,18.275882352941178,2.4099999999999997,14.164000000000001,22.2435,2.296666666666667,9.963571428571429,3.58,92.75,0.5
2019-07-31,25.028947368421054,55.01529411764706,9.5325,16.824,20.777894736842104,18.070588235294117,2.5275000000000003,13.3475,23.9835,2.1444444444444444,6.992857142857143,2.8725,80.42105263157895,0.5
2019-08-01,25.803684210526313,49.84388888888889,10.984,15.3095,20.84631578947368,17.366470588235295,3.7815,13.841,23.234,2.0405555555555557,6.3792857142857144,2.57875,119.0,0.5
2019-08-02,29.236315789473686,55.34222222222222,11.15,15.99,21.772105263157897,16.850588235294115,3.112,14.021,22.9225,2.153888888888889,7.185714285714285,3.49,108.7,0.5
2019-08-03,26.38105263157895,49.33722222222222,12.0495,16.438,23.304736842105264,17.51058823529412,2.6965,12.979500000000002,22.0,2.3105555555555557,7.938571428571429,4.1325,101.4,0.5
2019-08-04,25.204736842105262,47.38111111111111,11.2955,16.847,21.66,20.480588235294118,2.1224999999999996,12.737,23.127000000000002,2.1144444444444446,7.393571428571428,2.4757142857142855,94.5,0.5
2019-08-05,31.11111111111111,59.31117647058824,12.447894736842105,19.043684210526315,24.21333333333333,15.534375,2.3652631578947365,14.106315789473683,22.95736842105263,2.3305882352941176,7.641428571428571,3.3,94.63157894736842,0.5
2019-08-06,22.98421052631579,48.99166666666667,14.123,20.5195,26.551052631578948,20.381176470588237,2.896,12.4785,20.2365,2.1255555555555556,7.968571428571429,3.7525000000000004,104.36842105263158,0.5
2019-08-07,20.353157894736842,45.37833333333334,13.926999999999998,16.372,23.78578947368421,25.858235294117648,2.94,12.382,19.7855,2.0316666666666667,8.094285714285714,3.7112499999999997,96.73684210526316,0.5
2019-08-08,20.80777777777778,52.56666666666666,13.752500000000001,18.712,23.442105263157895,18.405882352941177,2.6,12.8385,19.663,2.768888888888889,6.95,3.48625,95.0,0.5
2019-08-09,21.086842105263155,71.42823529411764,10.5185,20.161,21.863684210526316,17.038823529411765,2.1795,13.0555,22.151500000000002,2.058333333333333,6.623571428571428,2.24375,99.15789473684211,0.5
2019-08-10,21.476315789473684,56.26117647058824,10.6365,19.0775,21.759473684210526,15.698235294117648,2.3845,13.684000000000001,22.334,4.107777777777778,6.6378571428571425,2.465,103.94736842105263,0.5
2019-08-11,23.917894736842104,57.66235294117647,11.645999999999999,17.973,22.540526315789474,15.18,2.5695,12.987,22.284,1.9249999999999998,7.415,2.23375,98.47368421052632,0.5
2019-08-12,25.251666666666665,106.49941176470588,12.278,18.7165,23.179473684210524,15.855294117647057,2.919,12.724,21.069,1.9394444444444443,8.190714285714284,2.882857142857143,124.10526315789474,0.5
2019-08-13,23.304444444444446,91.336875,12.791578947368421,18.94263157894737,24.370555555555555,17.139375,2.544736842105263,12.586315789473684,21.204736842105262,2.9023529411764706,8.403846153846153,3.108571428571428,152.35294117647058,0.5
2019-08-14,25.054444444444446,56.24764705882353,12.318999999999999,17.791,23.442105263157895,15.454705882352942,2.636,11.955,23.409,3.391666666666667,7.366428571428571,2.67625,107.23529411764706,0.5
2019-08-15,25.585789473684212,55.13117647058824,10.3645,17.3065,21.57421052631579,16.91176470588235,2.4215,13.377,22.2495,2.7055555555555557,6.159999999999999,1.8625,94.3157894736842,0.5
2019-08-16,20.945,47.27470588235294,10.778,16.089,21.88736842105263,16.360588235294117,2.569,14.270526315789473,21.323,3.8244444444444445,6.5042857142857144,2.57625,91.77777777777777,0.5
2019-08-17,26.64421052631579,55.42411764705883,11.476,15.6735,21.887894736842107,16.91125,2.4045,16.659,20.8095,3.500555555555555,7.4835714285714285,2.73375,91.3157894736842,0.5
2019-08-18,23.506666666666668,52.29266666666667,12.260526315789473,16.47684210526316,22.882777777777775,17.555333333333333,2.871052631578947,15.594210526315791,20.877894736842105,2.9905882352941173,7.976153846153846,2.6371428571428575,97.83333333333333,0.5
2019-08-19,25.396315789473682,64.80562499999999,12.212631578947368,17.49421052631579,23.81277777777778,18.543333333333337,2.7210526315789476,15.467368421052631,21.90684210526316,8.325882352941177,9.055384615384614,3.442857142857143,104.82352941176471,0.5
2019-08-20,29.867894736842107,67.604375,11.211052631578946,18.19736842105263,23.6,18.336666666666666,2.3910526315789475,17.044736842105266,21.85421052631579,4.424117647058824,9.13076923076923,3.795714285714286,101.0,0.5
2019-08-21,30.46736842105263,72.37117647058824,10.785263157894736,18.021578947368422,22.56722222222222,18.794375,2.254736842105263,17.70421052631579,22.872105263157895,3.6641176470588235,8.471538461538461,3.031428571428571,103.42105263157895,0.5
2019-08-22,30.733684210526313,71.9935294117647,12.380526315789472,17.858947368421052,24.227777777777778,17.484375,2.223684210526316,15.081578947368422,24.179473684210524,5.458235294117647,9.595384615384615,3.084285714285714,104.3157894736842,0.5
2019-08-23,29.75157894736842,67.47749999999999,12.594736842105263,15.711052631578946,22.700000000000003,14.3975,2.2857894736842104,13.366842105263158,20.90684210526316,3.11625,10.76923076923077,3.5371428571428574,103.77777777777777,0.5
2019-08-24,28.353684210526318,61.90875,12.682631578947369,17.09526315789474,22.932777777777776,15.3575,1.924736842105263,15.368947368421052,24.893157894736845,3.305333333333333,8.770833333333334,3.0416666666666665,95.63157894736842,0.5
2019-08-25,22.33388888888889,47.95133333333333,10.198333333333332,17.512777777777778,20.270000000000003,15.327333333333334,2.035555555555556,15.024999999999999,25.148333333333333,2.782857142857143,7.19,2.194,92.10526315789474,0.5
2019-08-26,23.00842105263158,57.8425,13.016842105263157,19.991052631578945,24.57166666666667,14.366000000000001,2.8257894736842104,15.063157894736841,21.991052631578945,6.284117647058824,8.532307692307693,2.5485714285714285,98.23529411764706,0.5
2019-08-27,26.14761904761905,59.73736842105263,12.098095238095238,18.11047619047619,23.2515,13.61470588235294,3.0971428571428574,13.08952380952381,24.96142857142857,7.196315789473684,8.176428571428572,1.96375,108.3157894736842,0.47619047619047616
2019-08-28,27.670952380952382,58.54157894736842,9.767619047619048,16.923333333333332,20.5055,14.404117647058824,2.143333333333333,13.472857142857142,25.907619047619043,6.004736842105262,7.403333333333333,2.185,97.0,0.47619047619047616
2019-08-29,25.346315789473685,52.74823529411765,10.764,15.602500000000001,20.698947368421052,14.613529411764706,2.8080000000000003,14.330000000000002,23.7385,7.165555555555557,6.719285714285713,1.9000000000000001,95.15,0.47619047619047616
2019-08-30,26.08157894736842,52.01823529411765,13.412,15.227500000000001,22.152105263157893,17.56375,2.628,14.491999999999999,25.872000000000003,3.5972222222222223,6.835,1.9785714285714284,99.10526315789474,0.47619047619047616
2019-08-31,28.187894736842107,57.78941176470588,13.333333333333334,17.111666666666665,23.895,16.657333333333334,2.4294736842105267,14.886111111111111,29.27777777777778,6.412941176470588,7.842307692307693,1.8883333333333334,102.61111111111111,0.47619047619047616
2019-09-01,25.179473684210524,45.35764705882353,11.73157894736842,14.968947368421054,21.657777777777778,16.629375,2.136842105263158,13.042105263157895,28.070526315789476,2.268125,7.702307692307692,1.53,100.15789473684211,0.47619047619047616
2019-09-02,68.6655,99.78555555555556,13.613,20.220499999999998,24.46736842105263,16.246470588235294,2.2365000000000004,12.593499999999999,25.633,2.9041176470588237,7.476428571428571,2.8857142857142857,95.0,0.45454545454545453
2019-09-03,73.6795,101.82055555555556,13.046842105263158,19.09421052631579,22.89157894736842,16.68125,2.3385,16.128947368421052,26.61315789473684,4.302222222222222,7.300714285714285,2.415714285714286,103.05263157894737,0.45454545454545453
2019-09-04,42.513999999999996,78.38166666666666,11.173,18.8325,22.301578947368423,14.924117647058823,1.7055,14.368,26.0765,2.32,7.404999999999999,4.831428571428572,107.94736842105263,0.45454545454545453
2019-09-05,22.0045,41.96842105263158,12.294285714285715,19.523809523809526,23.131,14.835,1.8595238095238094,12.472857142857142,22.62761904761905,2.452105263157895,7.989333333333334,9.5175,95.25,0.45454545454545453
2019-09-06,22.598000000000003,43.55263157894737,11.200476190476191,18.93,22.0795,16.34111111111111,1.9395238095238096,11.608095238095238,24.1747619047619,2.595263157894737,7.887333333333333,7.455,87.9,0.45454545454545453
2019-09-07,21.1425,45.601578947368424,10.617619047619048,17.56904761904762,21.073500000000003,13.384444444444446,2.025714285714286,11.752857142857144,21.12047619047619,3.0036842105263157,7.476,8.66625,92.52380952380952,0.45454545454545453
2019-09-08,20.2,43.57722222222222,9.251428571428571,15.95047619047619,18.176,11.38,1.65,11.623809523809523,23.278095238095236,2.6973684210526314,6.9193333333333324,2.1999999999999997,88.7,0.45454545454545453
2019-09-09,27.104000000000003,57.968947368421055,10.406190476190476,18.048571428571428,20.8945,14.27222222222222,1.8157142857142854,13.416190476190476,28.07761904761905,2.3600000000000003,7.390666666666666,1.9125,89.73684210526316,0.45454545454545453
2019-09-10,31.438499999999998,65.78578947368422,9.722857142857142,19.74285714285714,21.595999999999997,13.386666666666667,1.9689999999999999,13.626666666666669,25.29,2.0684210526315794,7.915333333333333,2.4975,95.85714285714286,0.45454545454545453
2019-09-11,34.89149999999999,77.31263157894738,13.536666666666665,19.246190476190478,24.3,12.887222222222222,3.115,14.342380952380953,25.5345,2.986315789473684,11.342666666666666,9.3925,89.63157894736842,0.45454545454545453
2019-09-12,28.584736842105265,63.60611111111112,11.885714285714286,17.922857142857143,22.576,13.07611111111111,3.2950000000000004,12.810476190476193,25.7075,3.4231578947368426,11.181999999999999,8.0575,91.47368421052632,0.45454545454545453
2019-09-13,25.7785,50.26888888888889,12.94047619047619,18.91857142857143,23.668,12.629444444444443,3.3950000000000005,12.932380952380951,20.8715,4.321052631578947,11.130666666666666,8.963750000000001,70.65,0.45454545454545453
2019-09-14,26.847500000000004,53.00944444444444,10.721904761904762,19.09190476190476,21.5095,12.902222222222223,2.8754999999999997,12.94095238095238,22.4315,2.342631578947368,10.943333333333333,9.261249999999999,96.80952380952381,0.45454545454545453
2019-09-15,27.79,57.804210526315785,10.789047619047619,16.67238095238095,19.823,12.475000000000001,2.659,12.85190476190476,24.0415,2.4910526315789476,8.292666666666667,4.5725,106.71428571428571,0.45454545454545453
2019-09-16,30.982499999999998,66.89631578947369,11.518571428571429,18.50761904761905,21.675,13.098888888888888,2.0315000000000003,12.642380952380952,24.8615,1.9694736842105265,9.544666666666666,5.9125000000000005,96.66666666666667,0.45454545454545453
2019-09-17,32.48428571428571,62.7965,11.530454545454546,26.206363636363633,26.612380952380953,13.79105263157895,2.5914285714285716,13.501363636363637,25.98190476190476,1.9273684210526314,9.530666666666665,4.59,104.23809523809524,0.43478260869565216
2019-09-18,26.41761904761905,57.548500000000004,13.137272727272727,20.948636363636364,25.022857142857145,15.03842105263158,2.1928571428571426,11.124545454545455,24.626666666666665,2.5010526315789474,9.521999999999998,6.046250000000001,100.5909090909091,0.43478260869565216
2019-09-19,25.655909090909088,46.9975,10.903636363636364,21.87090909090909,23.77,13.341052631578947,2.448095238095238,13.370454545454544,23.48619047619048,2.698421052631579,9.677999999999999,6.77,103.04761904761905,0.43478260869565216
2019-09-20,26.925454545454546,55.0395,12.783636363636363,20.325909090909093,24.585714285714282,13.271052631578948,1.470952380952381,13.51909090909091,23.304285714285715,3.4847368421052627,8.892666666666665,5.33,87.28571428571429,0.43478260869565216
2019-09-21,29.91909090909091,62.2275,14.034090909090908,24.054090909090913,26.78047619047619,12.600526315789473,1.7561904761904763,14.681818181818182,23.01666666666667,2.973888888888889,8.667857142857143,7.277142857142857,93.9047619047619,0.43478260869565216
2019-09-22,26.73318181818182,53.192499999999995,13.414545454545454,21.89909090909091,24.795714285714286,13.401052631578947,1.458095238095238,14.371363636363638,24.339523809523808,3.127222222222222,8.135,5.221428571428571,86.33333333333333,0.43478260869565216
2019-09-23,26.906363636363633,50.964,11.066363636363636,22.343636363636364,23.066190476190474,15.592105263157896,1.766190476190476,14.351818181818182,24.333809523809524,2.7426315789473685,9.878666666666668,6.71875,85.42857142857143,0.43478260869565216
2019-09-24,25.298636363636366,53.081500000000005,12.515238095238095,23.371428571428574,24.261904761904763,12.745555555555555,1.6976190476190476,13.72809523809524,25.261000000000003,2.875263157894737,9.228666666666667,5.1025,92.22727272727273,0.43478260869565216
2019-09-25,24.915454545454544,48.5985,10.327142857142857,21.12666666666667,21.30809523809524,12.61111111111111,1.9847619047619047,12.865909090909092,22.905714285714286,2.660526315789474,6.674,1.6175,95.9090909090909,0.43478260869565216
2019-09-26,23.909545454545455,46.682,15.015454545454547,19.334545454545456,23.75952380952381,13.372631578947368,1.7995238095238095,13.30909090909091,20.805238095238096,2.549473684210527,7.245333333333334,2.34375,93.23809523809524,0.43478260869565216
2019-09-27,21.111428571428572,46.80157894736842,13.774761904761904,18.34952380952381,24.445,12.598888888888888,1.7565000000000002,14.615238095238096,21.381,2.8105555555555553,6.965333333333334,1.975,90.71428571428571,0.43478260869565216
2019-09-28,19.88095238095238,44.63263157894737,10.826190476190476,18.07047619047619,21.234761904761903,13.77111111111111,1.9357142857142857,13.44181818181818,22.73095238095238,2.6384210526315792,6.417333333333334,1.4849999999999999,85.05,0.43478260869565216
2019-09-29,20.417142857142856,44.7621052631579,10.647619047619047,17.181428571428572,20.898500000000002,16.316111111111113,1.499,14.709047619047618,21.65,2.428888888888889,6.387333333333333,1.48625,83.33333333333333,0.43478260869565216
2019-09-30,22.0185,49.49947368421053,13.575909090909091,17.474999999999998,22.897142857142857,15.15684210526316,1.506190476190476,17.106818181818184,21.64,3.256315789473684,6.928,1.795,84.25,0.43478260869565216
2019-10-01,26.285714285714285,56.43944444444444,14.431904761904761,20.56809523809524,25.508095238095237,15.350555555555555,1.4123809523809523,19.027142857142856,25.423,2.7505555555555556,8.322142857142856,2.2800000000000002,85.0952380952381,0.43478260869565216
2019-10-02,29.488095238095237,62.15277777777778,14.912857142857144,24.88142857142857,28.432380952380953,17.626666666666665,1.8652380952380954,19.984285714285715,28.9795,3.0255555555555556,9.139285714285714,2.5785714285714283,96.45,0.43478260869565216
2019-10-03,34.85142857142857,74.62473684210526,16.804545454545455,23.87909090909091,30.553333333333335,17.48526315789474,1.7895238095238095,15.55,30.344285714285714,3.7505555555555556,9.729285714285714,3.424285714285714,110.4,0.43478260869565216
2019-10-04,34.33952380952381,75.76315789473684,14.925454545454546,25.354090909090907,29.975238095238097,15.033684210526316,2.065714285714286,16.634999999999998,30.200952380952383,5.198888888888889,9.718571428571428,3.718571428571429,104.65,0.43478260869565216
2019-10-05,38.368095238095236,72.45684210526316,15.246190476190478,31.582857142857144,33.2575,17.056666666666665,3.414,17.30952380952381,33.911,3.1205882352941177,8.251428571428573,2.731428571428571,112.3,0.43478260869565216
2019-10-06,43.4245,77.69421052631579,15.3075,28.065500000000004,28.851,17.951176470588237,3.6450000000000005,17.696666666666665,34.306,2.8823529411764706,8.214285714285714,2.0485714285714285,137.47619047619048,0.43478260869565216
2019-10-07,43.981904761904765,74.87899999999999,13.001904761904763,28.35571428571429,28.033333333333335,20.193333333333335,2.622857142857143,16.598181818181818,38.9052380952381,2.9483333333333333,7.582,2.025,155.0,0.43478260869565216
2019-10-08,40.463,74.942,12.482,27.82,27.533499999999997,20.237222222222222,3.103,15.204285714285716,38.62904761904762,3.121111111111111,7.83,3.0637499999999998,125.28571428571429,0.43478260869565216
2019-10-09,44.04380952380952,74.71368421052631,18.323636363636364,29.1,32.07545454545454,19.794736842105266,4.683636363636364,16.875652173913043,34.24095238095238,2.763157894736842,7.672,1.92875,159.65,0.43478260869565216
2019-10-10,44.88636363636363,78.714,18.64047619047619,35.110476190476184,35.18272727272727,16.419444444444444,3.524545454545455,17.52227272727273,34.051,3.1715789473684213,8.521333333333333,2.1262499999999998,145.5,0.43478260869565216
2019-10-11,45.28521739130434,83.0065,15.255652173913044,32.93347826086956,34.70272727272727,15.588999999999999,2.4745454545454546,17.449565217391303,33.21318181818182,3.095263157894737,9.088666666666667,2.43875,128.30434782608697,0.43478260869565216
2019-10-12,48.25565217391305,94.47,16.917391304347827,32.62347826086957,37.165,15.123,4.108636363636363,18.860434782608696,34.032272727272726,2.8747368421052633,9.034,2.34875,144.1304347826087,0.43478260869565216
2019-10-13,55.296521739130434,107.48285714285714,19.37695652173913,29.61130434782609,38.653636363636366,14.374500000000001,6.448636363636364,12.179545454545455,31.345454545454547,2.224736842105263,8.067333333333334,2.285,180.1304347826087,0.43478260869565216
2019-10-14,54.595652173913045,101.75380952380952,16.30695652173913,32.09478260869565,36.31363636363636,16.049,3.1927272727272724,20.019130434782607,35.84090909090909,2.6126315789473686,8.688666666666668,4.907500000000001,132.6315789473684,0.43478260869565216
2019-10-15,57.33782608695652,105.17714285714285,17.381304347826084,34.00913043478261,37.51045454545454,16.562,3.7395454545454543,18.620434782608694,35.484545454545454,2.4468421052631575,9.501333333333333,8.2375,162.9047619047619,0.43478260869565216
2019-10-16,59.48434782608696,107.0657142857143,15.66,32.783478260869565,36.41181818181818,15.672999999999998,3.4822727272727274,18.262173913043476,35.434999999999995,2.8247368421052634,10.034666666666668,2.38,183.23809523809524,0.43478260869565216
2019-10-17,57.28782608695653,96.63619047619048,14.62,31.390434782608697,34.47727272727273,18.427500000000002,2.901818181818182,18.164782608695653,32.725,5.036,17.025,20.79,167.27272727272728,0.43478260869565216
2019-10-18,53.36826086956522,88.4347619047619,16.125652173913043,30.433478260869567,35.22,17.026500000000002,2.895909090909091,11.682727272727272,30.863478260869567,3.857,13.256874999999999,13.462222222222222,168.3913043478261,0.43478260869565216
2019-10-19,47.401739130434784,81.90299999999999,13.602608695652174,30.926086956521736,32.86818181818182,16.0035,1.2740909090909092,16.63869565217391,37.20608695652174,3.4524999999999997,12.49375,8.594444444444443,123.08695652173913,0.43478260869565216
2019-10-20,50.142727272727264,82.71761904761904,10.405652173913044,26.476521739130437,26.764545454545452,15.864500000000001,1.1986363636363637,18.209565217391305,33.94869565217392,3.0665,11.540625,5.804444444444444,120.5909090909091,0.43478260869565216
2019-10-21,56.942727272727275,86.20571428571428,10.155652173913042,25.47304347826087,26.211363636363636,17.33,1.075909090909091,16.804782608695653,36.19086956521739,2.931,10.5475,4.5811111111111105,131.04347826086956,0.43478260869565216
2019-10-22,55.38478260869565,91.91380952380953,14.891739130434782,28.38608695652174,32.39863636363636,19.4955,1.1636363636363638,16.68,36.08695652173913,3.147,10.925625,4.407777777777778,137.47826086956522,0.43478260869565216
2019-10-23,56.40304347826087,93.6047619047619,18.356956521739132,28.883478260869566,36.70909090909091,17.330000000000002,1.2736363636363637,17.11565217391304,31.067391304347826,3.6285000000000003,13.004999999999999,7.04111111111111,143.82608695652175,0.43478260869565216
2019-10-24,54.94347826086957,93.92428571428572,17.04304347826087,29.789565217391303,34.40681818181818,18.674500000000002,1.2568181818181818,18.432173913043478,34.845217391304345,3.6994999999999996,13.00625,6.69888888888889,144.63636363636363,0.43478260869565216
2019-10-25,49.772608695652174,92.99571428571429,12.843913043478262,29.55826086956522,30.012272727272727,21.045499999999997,1.2945454545454547,18.194782608695654,32.2304347826087,3.057,11.68375,5.9944444444444445,136.0,0.43478260869565216
2019-10-26,52.23318181818181,93.60549999999999,14.385454545454547,24.03409090909091,27.801428571428573,18.453684210526315,1.0019047619047619,15.866363636363637,32.96727272727273,3.041578947368421,11.888000000000002,4.668888888888889,131.45454545454547,0.43478260869565216
2019-10-27,82.91136363636363,120.04400000000001,15.832727272727272,24.55181818181818,31.256190476190476,19.87157894736842,1.3504761904761904,19.562727272727273,29.310454545454547,3.16421052631579,10.838,3.577777777777778,147.5909090909091,0.43478260869565216
2019-10-28,122.21095238095238,158.59,17.593333333333334,26.593333333333334,35.705,21.716666666666665,1.3855,22.459047619047617,30.04047619047619,3.613888888888889,11.296666666666665,5.523333333333333,244.2,0.43478260869565216
2019-10-29,89.17809523809524,132.6378947368421,20.173333333333332,29.064285714285717,40.0955,21.925555555555558,1.4605000000000001,18.99809523809524,30.33857142857143,3.901666666666667,13.622666666666667,6.808888888888889,195.66666666666666,0.43478260869565216
2019-10-30,79.05636363636364,120.7385,19.25047619047619,29.485714285714288,37.42047619047619,20.267222222222223,1.8576190476190475,19.50809523809524,34.41190476190476,3.9078947368421053,15.623333333333333,9.456666666666667,183.33333333333334,0.43478260869565216
2019-10-31,90.33454545454546,140.3665,22.225454545454543,33.745,43.41142857142857,21.59684210526316,2.238095238095238,19.387727272727272,31.859545454545454,4.004736842105263,15.598666666666666,6.895555555555555,197.0952380952381,0.43478260869565216
2019-11-01,103.935,158.791,19.691363636363636,33.74318181818182,41.52857142857143,23.497894736842103,1.6914285714285715,21.204090909090908,32.11863636363636,3.7342105263157896,16.466666666666665,6.184444444444444,212.04761904761904,0.43478260869565216
2019-11-02,101.45545454545454,144.7825,17.028636363636362,29.765,36.25952380952381,17.056315789473683,1.676190476190476,19.465454545454545,29.168636363636367,3.1173684210526313,12.726666666666667,5.81,199.0952380952381,0.43478260869565216
2019-11-03,127.48409090909091,180.92368421052632,14.464090909090912,28.232727272727274,33.640952380952385,15.70263157894737,2.2533333333333334,19.924999999999997,31.952727272727273,3.6457894736842102,12.520666666666667,3.573333333333333,227.42857142857142,0.43478260869565216
2019-11-04,107.08272727272725,153.85750000000002,17.75136363636364,33.824090909090906,39.5247619047619,15.917368421052632,2.416190476190476,20.340454545454545,34.94227272727273,3.702105263157895,12.388666666666666,3.04,243.71428571428572,0.43478260869565216
2019-11-05,97.46818181818183,153.192,19.87727272727273,38.88318181818182,45.33571428571429,20.428421052631577,1.9090476190476189,21.452727272727273,35.63136363636364,4.766315789473684,12.874,4.463333333333334,212.5,0.43478260869565216
2019-11-06,90.42818181818183,151.1975,18.390454545454546,36.445,41.895714285714284,19.708947368421054,2.3980952380952383,20.278636363636362,39.18909090909091,3.508421052631579,12.152666666666667,4.151111111111111,207.04545454545453,0.43478260869565216
2019-11-07,86.48636363636363,152.533,17.27318181818182,33.82772727272727,39.455714285714286,18.914736842105263,1.7338095238095237,21.539090909090906,37.87227272727273,3.895263157894737,14.29,6.202222222222222,210.8181818181818,0.43478260869565216
2019-11-08,80.45590909090909,140.25799999999998,19.37363636363636,32.81454545454545,39.70857142857143,18.78578947368421,1.6900000000000002,21.600454545454546,35.846363636363634,3.953684210526316,15.411333333333335,8.032222222222224,198.95454545454547,0.43478260869565216
2019-11-09,68.04272727272728,112.58,15.465000000000002,32.16227272727272,34.28476190476191,20.133333333333333,1.5047619047619047,20.57181818181818,37.04727272727273,3.43,12.654,5.8566666666666665,176.13636363636363,0.43478260869565216
2019-11-10,67.91772727272728,119.16199999999999,14.713636363636363,31.736363636363638,32.07380952380952,16.427777777777777,1.2642857142857142,20.26863636363636,38.14590909090909,2.767894736842105,10.620000000000001,4.8100000000000005,156.95454545454547,0.43478260869565216
2019-11-11,79.555,139.0105,15.866818181818182,38.65863636363636,38.385238095238094,16.355555555555554,1.7942857142857143,13.618571428571428,38.449999999999996,3.521578947368421,11.28,3.605555555555555,163.5909090909091,0.43478260869565216
2019-11-12,104.30318181818183,174.69250000000002,23.95,46.09863636363636,51.71714285714285,21.438888888888886,3.38952380952381,14.216666666666667,39.45136363636364,7.202105263157895,13.702666666666666,6.346666666666667,210.4090909090909,0.43478260869565216
2019-11-13,114.34727272727272,183.06199999999998,23.37590909090909,45.545,50.22238095238096,22.598888888888887,2.0638095238095238,15.760476190476188,38.605909090909094,5.564736842105263,15.698,7.167777777777778,229.63636363636363,0.43478260869565216
2019-11-14,107.08954545454544,180.2455,23.269545454545455,44.16272727272727,49.0995238095238,24.056666666666665,2.236666666666667,22.342727272727274,38.70909090909091,4.018947368421053,17.308,7.1755555555555555,221.27272727272728,0.43478260869565216
2019-11-15,105.9540909090909,181.4465,19.870454545454546,37.49090909090909,43.579047619047614,20.323684210526313,1.6528571428571428,23.27047619047619,37.40863636363636,4.104736842105263,15.200666666666667,5.33,223.77272727272728,0.43478260869565216
2019-11-16,81.82863636363636,147.4715,19.388636363636365,36.844545454545454,44.15571428571428,19.967894736842105,2.4747619047619045,23.43904761904762,36.326818181818176,3.1999999999999997,13.657333333333332,4.102222222222222,204.6818181818182,0.43478260869565216
2019-11-17,67.45681818181818,126.97200000000001,18.085,33.532272727272726,40.12095238095238,16.237368421052633,2.248095238095238,21.706666666666667,38.35727272727273,3.558947368421053,12.613333333333333,3.232222222222222,184.04545454545453,0.43478260869565216
2019-11-18,72.60318181818182,134.1755,18.144545454545455,35.20636363636363,40.773809523809526,17.306842105263158,2.9761904761904767,20.828181818181818,37.777727272727276,3.3326315789473684,12.106666666666666,3.48,193.0952380952381,0.43478260869565216
2019-11-19,76.01045454545455,136.2595,23.42809523809524,38.053333333333335,47.8925,20.935,2.9423809523809523,21.61318181818182,35.88,4.511052631578947,14.508666666666667,5.743333333333334,199.3181818181818,0.43478260869565216
2019-11-20,80.20590909090909,140.55450000000002,27.222380952380952,37.11714285714286,50.132999999999996,21.176666666666666,2.671904761904762,23.297727272727272,37.08181818181818,4.501052631578947,14.198666666666666,4.044444444444444,195.1818181818182,0.43478260869565216
2019-11-21,90.71863636363636,150.25,24.020909090909093,36.75590909090909,48.46714285714285,20.584736842105265,1.9231818181818183,21.487391304347828,36.71217391304348,3.9539999999999997,14.595625,3.1155555555555554,210.13636363636363,0.43478260869565216
2019-11-22,87.56772727272727,146.67190476190476,23.656363636363633,35.924090909090914,48.95571428571428,19.13105263157895,1.8972727272727274,21.400434782608695,33.82217391304348,3.7340000000000004,12.782499999999999,2.6555555555555554,197.04761904761904,0.43478260869565216
2019-11-23,83.15863636363636,136.76333333333332,17.698260869565217,34.61565217391304,43.19590909090909,19.91,1.8954545454545455,18.59,32.58608695652174,3.7015000000000002,11.6725,3.1633333333333336,197.63636363636363,0.43478260869565216
2019-11-24,81.375,125.86449999999999,15.34909090909091,35.26772727272727,41.199999999999996,20.84894736842105,1.7176190476190476,17.785454545454545,36.27272727272727,3.861578947368421,11.731875,3.117777777777778,184.17391304347825,0.43478260869565216
2019-11-25,87.67,134.23250000000002,18.84090909090909,36.31409090909091,44.920952380952386,19.216842105263158,1.9366666666666668,17.30727272727273,37.440909090909095,3.593684210526316,10.13625,2.36,186.6,0.43478260869565216
2019-11-26,89.62136363636364,135.777,22.685,36.607727272727274,48.23238095238095,22.068421052631578,1.7866666666666668,19.034545454545455,37.973181818181814,4.86,13.7075,2.3633333333333333,200.45454545454547,0.43478260869565216
2019-11-27,79.43136363636364,120.06649999999999,16.683636363636364,34.13681818181818,40.91190476190476,20.392631578947366,1.4538095238095237,19.175454545454546,36.94227272727273,4.2,13.37625,2.7,181.72727272727272,0.43478260869565216
2019-11-28,71.85391304347827,118.28666666666666,17.150434782608695,33.50869565217391,40.33681818181818,17.701500000000003,1.2386363636363635,19.152173913043477,32.579565217391306,3.9604999999999997,11.015,3.816666666666667,159.14285714285714,0.43478260869565216
2019-11-29,67.24130434782609,119.87761904761904,27.480434782608693,31.74695652173913,45.62954545454546,19.2045,1.205,19.87695652173913,31.135217391304348,4.6915,14.424999999999999,3.5,148.04347826086956,0.43478260869565216
2019-11-30,65.54347826086956,124.3952380952381,29.49409090909091,31.963636363636365,48.63454545454545,20.43894736842105,1.2390909090909092,18.894545454545455,31.314545454545453,4.3629999999999995,13.919375,2.5411111111111113,158.4090909090909,0.43478260869565216
2019-12-01,67.67772727272728,121.27950000000001,25.805909090909093,29.563181818181818,41.680454545454545,19.320526315789472,1.0445454545454547,17.90818181818182,35.158181818181816,3.9765,13.00875,2.7075,160.27272727272728,0.43478260869565216
2019-12-02,72.07409090909091,121.8425,23.761739130434783,30.370434782608694,41.445,24.8505,1.0499999999999998,16.475652173913044,34.1,3.6765,12.220625,2.086666666666667,153.95454545454547,0.43478260869565216
2019-12-03,75.88869565217392,127.7252380952381,28.21608695652174,33.22782608695652,50.93454545454545,31.2805,1.1986363636363637,16.32217391304348,33.20130434782609,3.905,13.13875,2.0777777777777775,168.0,0.43478260869565216
2019-12-04,81.41478260869565,133.3504761904762,28.07304347826087,34.26086956521739,51.21727272727273,29.83736842105263,1.258181818181818,15.553478260869566,35.72913043478261,8.265,13.70625,2.418888888888889,178.4090909090909,0.43478260869565216
2019-12-05,93.69739130434782,146.61809523809524,26.706521739130434,36.67,51.070454545454545,27.763157894736842,1.4481818181818182,15.491304347826087,36.73086956521739,19.2455,16.210625,2.5777777777777775,184.72727272727272,0.43478260869565216
2019-12-06,94.20565217391304,151.45380952380953,21.19217391304348,33.89043478260869,44.536818181818184,32.07105263157895,1.7331818181818184,13.535217391304348,36.89260869565217,5.6763157894736835,12.879999999999999,3.29375,203.63636363636363,0.43478260869565216
2019-12-07,86.42999999999999,150.7452380952381,23.635652173913044,35.14782608695652,47.655,27.58736842105263,1.533181818181818,13.768260869565218,33.582608695652176,4.09578947368421,13.329333333333333,3.467142857142857,195.1818181818182,0.43478260869565216
2019-12-08,84.84695652173913,139.66666666666666,24.200869565217392,33.307826086956524,46.430454545454545,26.226315789473684,1.6127272727272726,13.191304347826087,31.02608695652174,3.6315789473684212,13.034666666666668,3.718571428571429,191.95454545454547,0.43478260869565216
2019-12-09,82.7095652173913,141.11238095238096,22.453913043478263,34.12347826086957,45.68681818181818,27.097368421052632,1.739090909090909,14.289565217391303,33.48652173913043,6.509473684210526,12.059999999999999,2.674285714285714,187.72727272727272,0.43478260869565216
2019-12-10,91.74347826086957,158.7905,25.420434782608694,35.30782608695652,48.84136363636364,23.721111111111114,2.438181818181818,16.43130434782609,29.999565217391304,3.974736842105263,14.074000000000002,3.2525,209.8181818181818,0.43478260869565216
2019-12-11,102.82391304347826,161.21285714285713,26.832173913043476,36.159130434782604,49.14136363636364,29.105263157894736,2.502727272727273,16.903913043478262,31.941304347826087,4.065789473684211,14.132666666666667,3.31,225.9090909090909,0.43478260869565216
2019-12-12,91.4095652173913,143.71380952380952,18.467391304347824,30.032608695652176,35.83863636363637,26.307222222222222,1.737727272727273,14.997826086956522,32.856521739130436,9.172105263157896,11.154666666666666,2.475,230.6818181818182,0.43478260869565216
2019-12-13,60.550000000000004,98.71333333333334,12.584347826086956,24.307727272727274,27.290454545454544,25.72277777777778,1.160909090909091,12.231304347826086,30.47304347826087,9.98578947368421,7.587999999999999,1.67625,169.95454545454547,0.43478260869565216
2019-12-14,55.955652173913045,97.42095238095237,15.099130434782607,23.059545454545454,28.635454545454547,23.202222222222222,1.1018181818181818,11.735217391304346,28.23086956521739,3.525263157894737,10.262,1.93625,128.8181818181818,0.43478260869565216
2019-12-15,58.065652173913044,95.17333333333333,15.433636363636365,23.031904761904762,28.61318181818182,21.980588235294118,0.9731818181818181,11.115454545454545,29.23227272727273,3.195263157894737,9.099333333333334,1.62375,136.5,0.43478260869565216
2019-12-16,58.35826086956522,94.84190476190477,13.515454545454544,23.734285714285715,25.967272727272725,19.55941176470588,1.1463636363636363,10.706363636363635,30.44818181818182,3.011578947368421,8.151333333333334,1.375,127.81818181818181,0.43478260869565216
2019-12-17,65.47695652173913,105.42571428571429,14.449130434782608,23.553181818181816,26.83090909090909,24.642222222222223,1.1886363636363635,10.092173913043478,31.65608695652174,12.054736842105262,9.582,1.3875,139.5,0.43478260869565216
2019-12-18,74.3395652173913,121.99761904761904,16.362173913043478,26.49,30.047727272727272,25.380000000000003,1.3949999999999998,11.092608695652174,31.57913043478261,18.02368421052632,10.533999999999999,2.1525,154.95454545454547,0.43478260869565216
2019-12-19,86.06217391304347,135.71428571428572,18.46913043478261,29.238695652173913,33.775,24.17684210526316,2.3545454545454545,13.976521739130437,29.40521739130435,16.256315789473685,10.579333333333333,1.44,179.86363636363637,0.43478260869565216
2019-12-20,102.42173913043477,161.86142857142858,16.28409090909091,32.865,39.18714285714286,26.745263157894737,2.4968181818181816,13.496521739130435,31.729999999999997,13.045789473684211,11.685333333333334,1.7675,220.36363636363637,0.43478260869565216
2019-12-21,101.5895652173913,153.4452380952381,15.944090909090908,30.559545454545457,37.2,26.496315789473684,1.580909090909091,15.024782608695652,31.76782608695652,17.082105263157896,12.720666666666666,2.115,215.63636363636363,0.43478260869565216
2019-12-22,91.39478260869565,129.94400000000002,9.990909090909092,26.53909090909091,29.125714285714285,24.56111111111111,1.185,11.797826086956523,33.45,4.82842105263158,10.109333333333332,2.065,205.04761904761904,0.43478260869565216
2019-12-23,92.00826086956522,138.3505,11.614090909090908,26.84272727272727,31.575714285714287,24.57263157894737,1.1227272727272728,11.833478260869565,34.10565217391304,11.684736842105263,11.106666666666666,1.83875,188.3181818181818,0.43478260869565216
2019-12-24,104.49478260869566,170.5390476190476,14.703478260869565,30.331739130434784,38.06181818181818,26.047894736842107,1.268181818181818,13.912608695652175,32.617826086956526,9.74263157894737,11.987333333333334,2.01625,205.0,0.43478260869565216
2019-12-25,91.26086956521739,149.5961904761905,17.20521739130435,27.75782608695652,40.13590909090909,26.929000000000002,1.270909090909091,12.721304347826086,31.214782608695653,4.895789473684211,9.845333333333334,1.8587500000000001,213.5909090909091,0.43478260869565216
2019-12-26,84.70478260869565,140.49428571428572,17.390869565217393,28.486086956521742,39.85909090909091,26.079047619047618,1.2513636363636365,11.826521739130435,30.130434782608695,5.397368421052631,9.235999999999999,1.73875,194.8181818181818,0.43478260869565216
2019-12-27,80.0204347826087,139.05210526315787,17.252608695652174,32.52478260869565,39.80045454545455,24.186500000000002,1.7200000000000002,12.26304347826087,30.472608695652173,15.132105263157895,10.922666666666666,1.3875,191.63636363636363,0.43478260869565216
2019-12-28,89.91652173913043,166.513,16.976086956521737,31.58086956521739,38.070454545454545,24.58,1.5240909090909092,13.541304347826086,31.24434782608696,8.852105263157895,12.972000000000001,1.3275000000000001,179.95238095238096,0.43478260869565216
2019-12-29,97.02130434782607,178.1575,15.978260869565217,31.246956521739133,38.19409090909091,22.37238095238095,2.507727272727273,13.120434782608696,35.44173913043478,3.9247368421052626,10.446,1.08,208.22727272727272,0.43478260869565216
2019-12-30,99.3286956521739,175.84300000000002,21.378695652173914,30.445217391304347,42.57272727272727,21.035238095238096,2.771818181818182,13.943478260869565,34.38173913043478,7.641499999999999,28.25625,8.674444444444445,232.66666666666666,0.43478260869565216
2019-12-31,99.28521739130434,156.72045454545454,21.843478260869563,29.968260869565217,42.74,22.594285714285714,1.5022727272727272,15.478260869565217,33.43695652173913,4.586499999999999,12.861875,1.9433333333333331,208.9090909090909,0.43478260869565216
2020-01-01,113.87181818181817,166.94761904761904,28.92130434782609,28.200434782608696,48.747727272727275,22.541428571428572,1.5436363636363637,13.575652173913044,34.590434782608696,5.2885,16.605625,2.05,215.45454545454547,0.43478260869565216
2020-01-02,89.97434782608696,139.21571428571428,22.101739130434783,27.446521739130436,43.198181818181816,22.156666666666666,1.4549999999999998,13.05695652173913,29.3495652173913,8.666,16.115624999999998,2.248888888888889,190.4090909090909,0.43478260869565216
2020-01-03,72.77347826086957,121.85428571428572,21.050869565217393,28.122608695652175,40.558181818181815,23.192380952380955,1.4113636363636364,11.466521739130435,27.875652173913043,4.678,13.325,1.9122222222222223,167.71428571428572,0.43478260869565216
2020-01-04,72.19863636363635,119.30238095238094,20.44695652173913,28.549130434782608,40.71545454545455,24.513333333333332,1.4700000000000002,11.50391304347826,26.309565217391306,4.149,13.68125,2.198888888888889,148.27272727272728,0.43478260869565216
2020-01-05,67.96478260869566,119.80999999999999,17.96681818181818,26.09304347826087,37.08818181818182,23.992380952380955,1.235909090909091,11.857391304347825,28.96608695652174,3.7175,13.59875,2.086666666666667,162.45454545454547,0.43478260869565216
2020-01-06,66.21,119.45523809523809,18.056818181818183,27.11217391304348,35.77181818181818,23.77190476190476,1.3677272727272727,12.238695652173913,29.00913043478261,3.5095,10.928125,1.7788888888888887,147.95454545454547,0.43478260869565216
2020-01-07,78.36130434782608,139.85809523809525,20.018181818181816,28.57217391304348,37.470454545454544,23.093809523809526,1.4331818181818183,14.125217391304348,29.246086956521737,3.531,9.5675,1.6244444444444444,164.63636363636363,0.43478260869565216
2020-01-08,74.38304347826087,125.14619047619048,20.35590909090909,24.833043478260873,35.12818181818182,23.395714285714284,1.075909090909091,11.833478260869565,32.157391304347826,6.49,9.91125,1.8599999999999999,170.0909090909091,0.43478260869565216
2020-01-09,66.49652173913044,112.80772727272728,13.88,25.12772727272727,30.89181818181818,21.4915,1.002727272727273,11.977391304347828,35.286521739130436,3.7300000000000004,9.263125,2.2544444444444443,152.0909090909091,0.43478260869565216
2020-01-10,67.58043478260869,114.41045454545456,13.929130434782609,27.04826086956522,33.17727272727273,22.075,1.085909090909091,10.454782608695652,35.35217391304348,3.5340000000000003,9.66625,1.4355555555555555,147.95454545454547,0.43478260869565216
2020-01-11,77.07409090909091,127.83571428571429,17.541304347826088,31.13434782608696,41.150909090909096,23.689,1.214090909090909,12.048695652173913,36.02608695652174,3.3980000000000006,11.175625,1.4377777777777778,151.77272727272728,0.43478260869565216
2020-01-12,88.56363636363636,143.0447619047619,27.039565217391303,32.01434782608696,50.40954545454545,25.344,1.622272727272727,14.09,35.993478260869566,4.067,13.178125,1.4644444444444444,178.13636363636363,0.43478260869565216
2020-01-13,97.47454545454546,156.49380952380952,23.194090909090907,33.71739130434783,47.560909090909085,25.5085,1.5904545454545456,14.183043478260869,34.12695652173913,4.4704999999999995,11.3325,2.1422222222222222,194.63636363636363,0.43478260869565216
2020-01-14,93.56608695652174,157.20000000000002,32.24260869565217,33.081304347826084,51.36454545454546,27.181,1.4018181818181819,11.89913043478261,33.26086956521739,7.8315,12.510625,2.9344444444444444,194.27272727272728,0.43478260869565216
2020-01-15,98.24652173913044,162.36454545454546,24.54391304347826,32.19521739130435,48.705,26.0765,1.3381818181818181,12.69086956521739,33.00818181818182,5.5135,12.961875,2.5677777777777777,200.43478260869566,0.43478260869565216
2020-01-16,79.45217391304348,133.17909090909092,18.118695652173916,27.38782608695652,40.92636363636364,25.4625,1.2172727272727273,10.659565217391306,34.377272727272725,5.0095,10.096875,2.433333333333333,189.69565217391303,0.43478260869565216
2020-01-17,69.66565217391305,130.96772727272727,19.8,28.907391304347826,44.04272727272728,23.732999999999997,1.877727272727273,12.707391304347825,32.19681818181818,3.8765,8.805625000000001,1.521111111111111,168.3913043478261,0.43478260869565216
2020-01-18,68.06304347826087,123.32954545454545,20.61782608695652,28.343478260869563,44.07863636363636,23.0605,2.046818181818182,14.171739130434782,29.368636363636366,3.503,9.840625,1.6388888888888888,169.47826086956522,0.43478260869565216
2020-01-19,63.944782608695654,115.88136363636363,18.152608695652173,26.232608695652175,39.96363636363637,23.0,1.445,12.515652173913043,33.03409090909091,3.0004999999999997,7.88,1.4977777777777779,160.52173913043478,0.43478260869565216
2020-01-20,61.9491304347826,110.94181818181818,15.605217391304349,27.12173913043478,35.499545454545455,23.21095238095238,1.791818181818182,11.923913043478262,33.2804347826087,2.757,7.29875,1.27,148.47826086956522,0.43478260869565216
2020-01-21,74.0313043478261,132.98272727272726,25.87826086956522,28.751304347826085,44.02545454545455,22.615714285714287,2.4486363636363637,14.739565217391304,31.786521739130436,4.0865,9.91375,1.3577777777777778,166.82608695652175,0.43478260869565216
2020-01-22,78.9984,135.94166666666666,30.6244,29.628400000000003,53.33041666666667,27.31695652173913,1.9183333333333332,12.2328,31.86,3.567619047619048,9.007222222222222,1.389,182.47826086956522,0.4
2020-01-23,69.21583333333334,124.81869565217391,16.316666666666666,28.297916666666666,38.78913043478261,22.33681818181818,1.34,11.710416666666667,32.13333333333333,3.1155,7.405882352941176,1.4044444444444446,176.375,0.4
2020-01-24,72.89479999999999,130.23833333333332,23.352000000000004,30.1056,45.3525,25.38478260869565,1.7116666666666667,12.611600000000001,33.244166666666665,7.774285714285714,11.024999999999999,1.142,136.52380952380952,0.4
2020-01-25,83.1364,142.87458333333333,34.28625,33.72291666666667,58.13166666666667,25.257142857142856,1.875,16.942916666666665,33.331304347826084,23.53142857142857,31.755000000000003,1.353,154.45833333333334,0.4
2020-01-26,83.87280000000001,151.06208333333333,40.67666666666667,33.162083333333335,62.02291666666667,26.20714285714286,6.049166666666667,16.688333333333333,33.51260869565217,24.35238095238095,34.19777777777778,1.381,179.375,0.4
2020-01-27,79.61359999999999,139.60458333333335,34.1492,31.7388,59.25125,26.796363636363637,1.4870833333333333,12.420399999999999,34.03375,12.85809523809524,19.41,1.389,175.2173913043478,0.4
2020-01-28,68.65833333333333,135.31125,25.8796,28.246399999999998,49.369166666666665,26.951363636363638,1.4516666666666669,12.214,31.88,2.8771428571428572,7.2333333333333325,1.283,173.08,0.4
2020-01-29,63.906800000000004,118.34250000000002,20.198800000000002,25.7448,41.605,22.23304347826087,1.804166666666667,10.8212,32.56166666666667,2.355714285714286,6.780555555555556,1.049,151.48,0.4
2020-01-30,60.904799999999994,117.51083333333334,20.1236,27.003600000000002,41.20708333333334,22.457272727272727,2.485,13.553199999999999,31.68375,2.713809523809524,7.057777777777778,1.166,154.6,0.4
2020-01-31,54.775600000000004,109.17625,19.9268,28.727600000000002,40.49791666666666,22.511739130434783,2.4504166666666665,13.3116,35.17166666666667,2.559047619047619,7.281666666666666,1.0939999999999999,151.72,0.4
2020-02-01,61.885416666666664,111.75826086956522,19.936666666666667,29.8225,41.57826086956521,23.990454545454543,1.5752173913043477,12.251249999999999,35.436956521739134,2.8535,7.924705882352941,1.068888888888889,149.28,0.4
2020-02-02,56.065,103.69260869565217,16.832916666666666,25.805833333333336,36.72652173913043,22.49863636363636,1.2517391304347827,11.36,36.786521739130436,2.606,7.051176470588236,0.87,136.66666666666666,0.4
2020-02-03,62.248000000000005,114.38125000000001,22.3552,31.9864,45.42416666666667,22.866521739130434,1.3570833333333334,11.6064,35.19583333333333,2.6480952380952383,7.403333333333332,0.877,135.2608695652174,0.4
2020-02-04,70.6764,126.74041666666666,29.23,32.5692,55.00666666666667,21.059545454545454,2.280416666666667,13.413599999999999,35.305,3.264761904761905,9.584444444444445,1.379,163.68,0.4
2020-02-05,69.89439999999999,128.06166666666667,22.668400000000002,31.254,48.24166666666667,22.167272727272728,2.335,13.568,34.6575,2.8357142857142854,8.058333333333332,1.46,165.32,0.4
2020-02-06,61.356,116.50791666666667,22.4204,29.7564,44.817499999999995,21.672608695652173,1.20875,11.681600000000001,36.155833333333334,2.547142857142857,7.171111111111112,1.012,149.48,0.4
2020-02-07,65.3228,122.29583333333333,27.294,28.3508,47.50083333333333,21.82521739130435,1.8933333333333333,12.017999999999999,35.37291666666667,2.876190476190476,7.638888888888889,1.559,149.64,0.4
2020-02-08,67.2404,127.18791666666665,22.0592,27.921666666666667,41.74916666666667,21.558636363636364,1.4725000000000001,12.152000000000001,35.3275,2.737142857142857,6.874444444444445,1.108,160.08,0.4
2020-02-09,64.49583333333334,111.42521739130436,20.0125,28.66913043478261,38.39666666666667,20.362857142857145,1.1004166666666666,10.749583333333334,34.677727272727275,2.5438095238095237,6.652222222222222,1.004,145.08333333333334,0.4
2020-02-10,71.7048,129.60916666666665,25.224,28.597199999999997,44.88708333333333,22.866818181818182,1.3291666666666666,12.442,37.24208333333333,2.701904761904762,7.654444444444445,1.514,148.08695652173913,0.4
2020-02-11,75.8216,139.27875,29.8052,29.7912,51.03541666666666,23.741304347826084,1.545,13.9488,37.27041666666667,3.061428571428572,9.209444444444445,1.7280000000000002,167.56,0.4
2020-02-12,73.3964,142.96375,26.7848,31.5884,48.880833333333335,23.065217391304348,2.1233333333333335,14.027999999999999,37.20041666666666,3.9657142857142857,8.490555555555556,1.364,173.56,0.4
2020-02-13,74.1556,145.9925,28.926,33.2652,53.48500000000001,23.85545454545455,3.380416666666667,14.626,35.6275,11.234285714285713,18.063333333333336,1.8239999999999998,191.68,0.4
2020-02-14,69.7676,144.51291666666665,23.1616,30.7804,46.40166666666667,21.623636363636365,1.6970833333333333,14.69,38.001666666666665,13.826190476190474,21.76388888888889,1.6940000000000002,168.64,0.4
2020-02-15,66.47,134.74166666666667,22.388,32.7468,46.16458333333333,21.947272727272725,1.960416666666667,15.468,38.89208333333333,2.7885714285714287,9.440000000000001,1.44,165.56,0.4
2020-02-16,72.4012,136.3525,25.604400000000002,32.0384,48.370000000000005,21.84409090909091,1.5274999999999999,15.4696,38.18208333333333,2.606190476190476,9.1,1.491,163.96,0.4
2020-02-17,77.83760000000001,149.35458333333335,29.141199999999998,34.8136,53.84708333333333,22.531363636363636,2.8454166666666665,14.644400000000001,35.87916666666667,3.007142857142857,9.552222222222222,1.613,182.0,0.4
2020-02-18,69.6836,143.15375,25.749200000000002,32.998400000000004,48.78541666666666,25.591363636363635,3.455416666666667,16.4352,39.21083333333333,2.914285714285714,8.162222222222221,1.7289999999999999,205.24,0.4
2020-02-19,77.1692,151.12541666666667,27.232400000000002,33.3596,49.01791666666667,26.355909090909094,2.7587499999999996,21.1892,36.69869565217391,3.258571428571428,8.838333333333333,1.5210000000000001,212.2,0.4
2020-02-20,67.27720000000001,130.71916666666667,17.9464,25.858,36.885416666666664,24.54272727272727,1.785,18.328,42.21695652173913,2.091904761904762,5.1994444444444445,1.26,167.2,0.4
2020-02-21,54.7012,108.9225,17.4072,22.891199999999998,34.52333333333333,20.71695652173913,1.2854166666666667,14.9,37.452608695652174,2.0747619047619046,6.054444444444445,1.2189999999999999,145.75,0.4
2020-02-22,54.44875,109.02565217391304,20.083333333333332,26.4575,40.37260869565217,27.813499999999998,1.095217391304348,14.329166666666666,36.283181818181816,2.5095,7.393529411764706,1.4449999999999998,122.21739130434783,0.4
2020-02-23,62.09458333333333,116.9095652173913,20.562916666666666,27.511666666666667,40.93478260869565,26.4615,1.1217391304347826,14.229583333333332,37.08909090909091,2.4175,8.451764705882354,1.5310000000000001,140.41666666666666,0.4
2020-02-24,56.7228,112.11500000000001,18.1148,27.8068,37.885,24.13272727272727,1.3679166666666667,13.0616,34.42521739130434,7.436190476190476,13.469444444444443,1.6920000000000002,134.47826086956522,0.4
2020-02-25,51.2696,105.03208333333333,16.5872,28.046799999999998,35.983333333333334,23.47863636363636,2.191666666666667,13.7952,33.95041666666666,15.049999999999997,22.227777777777778,1.29,135.24,0.4
2020-02-26,55.8588,111.05125,21.7516,29.2744,39.23708333333333,21.190454545454546,3.7895833333333333,15.945599999999999,33.91791666666666,8.377142857142857,15.721111111111112,1.2879999999999998,148.0,0.4
2020-02-27,52.68600000000001,104.93333333333334,21.732,28.2052,39.67,20.64181818181818,4.800833333333333,14.0824,36.34708333333334,21.621904761904762,30.306666666666665,1.239,160.64,0.4
2020-02-28,56.4432,114.87,22.2636,28.4196,40.18833333333333,21.509545454545453,3.3383333333333334,14.8848,37.7325,22.455714285714286,30.900555555555556,1.6780000000000002,150.96,0.4
2020-02-29,54.6708,117.66458333333333,24.27,28.66,41.711666666666666,19.072857142857146,1.6579166666666667,15.792500000000002,39.85217391304348,25.45714285714286,33.361666666666665,1.986,135.24,0.4
2020-03-01,52.8804,105.66125,22.096666666666664,25.656666666666666,37.3925,18.615238095238094,1.7945833333333334,15.804583333333333,40.16608695652174,23.52095238095238,32.46111111111111,2.393,138.08,0.4
2020-03-02,58.147200000000005,116.60291666666666,24.294583333333335,28.245833333333334,41.89791666666667,19.367619047619048,1.9395833333333332,16.757916666666667,35.93521739130435,23.863333333333333,33.74444444444444,1.848,149.16666666666666,0.4
2020-03-03,56.2308,120.97083333333335,21.6296,26.9188,38.593333333333334,22.71318181818182,1.7879166666666668,17.6804,38.704166666666666,23.44761904761905,33.45055555555555,1.41,146.92,0.4
2020-03-04,49.73916666666667,103.38375,18.656399999999998,24.3988,34.00125,22.52318181818182,1.1904166666666667,14.322799999999999,35.876666666666665,25.022380952380953,34.30277777777778,1.0379999999999998,123.68,0.4
2020-03-05,39.27833333333333,78.51291666666667,13.488800000000001,21.5928,27.851249999999997,22.12391304347826,1.1358333333333335,14.508,32.002916666666664,23.00238095238095,32.68333333333333,2.461818181818182,106.32,0.4
2020-03-06,31.92458333333333,74.66304347826087,18.8072,19.6052,31.51375,21.767391304347825,1.1404166666666666,13.78,30.53625,23.545238095238098,32.468333333333334,6.712999999999999,95.73913043478261,0.4
2020-03-07,32.28625,77.90695652173913,16.938399999999998,20.9852,30.686666666666667,23.44608695652174,1.22875,12.4872,30.082083333333333,21.92,30.93388888888889,12.62090909090909,95.04166666666667,0.4
2020-03-08,34.86739130434783,80.29260869565218,19.5824,21.354400000000002,32.45333333333333,24.64,1.0933333333333333,13.1496,30.08695652173913,22.327619047619045,32.467777777777776,2.305454545454545,103.66666666666667,0.4
2020-03-09,36.7525,81.37826086956522,15.333599999999999,21.343200000000003,28.60666666666667,24.130434782608695,0.985,13.1824,36.015,23.39857142857143,34.41888888888889,2.0090909090909093,101.08695652173913,0.4
2020-03-10,46.600833333333334,90.54434782608696,14.786,20.035999999999998,27.684583333333332,22.256521739130434,0.8795833333333333,13.1492,34.946666666666665,24.523333333333333,34.01222222222222,2.0290909090909093,106.75,0.4
2020-03-11,35.7488,76.74041666666666,14.655384615384616,19.636153846153846,26.9888,20.107916666666668,0.882,13.455384615384617,34.164,22.770909090909086,31.783684210526314,2.2049999999999996,103.81818181818181,0.38461538461538464
2020-03-12,35.5616,81.27833333333334,16.387307692307694,21.25269230769231,28.5284,22.600416666666664,0.998,13.753846153846155,31.318749999999998,21.43318181818182,30.99421052631579,1.948,100.26086956521739,0.38461538461538464
2020-03-13,38.731249999999996,93.9908695652174,17.2392,22.2812,30.005,19.186666666666667,1.0625,14.0792,32.60375,22.37904761904762,30.35263157894737,2.039,105.78260869565217,0.38461538461538464
2020-03-14,37.07375,86.02826086956522,14.4088,21.09,26.712083333333336,18.811304347826084,0.9254166666666667,14.5852,33.104166666666664,22.32,30.711578947368427,1.4054545454545453,104.95833333333333,0.38461538461538464
2020-03-15,38.1991304347826,87.32363636363635,16.997083333333332,21.5575,28.573043478260868,19.829090909090908,1.0060869565217392,12.67,33.04608695652174,23.827999999999996,30.884210526315787,2.2372727272727273,98.52173913043478,0.38461538461538464
2020-03-16,43.77791666666667,103.58130434782608,17.438750000000002,23.242500000000003,30.649130434782606,20.93913043478261,1.04875,12.981666666666667,34.13391304347826,16.972,23.35842105263158,2.919090909090909,106.47826086956522,0.38461538461538464
2020-03-17,48.6672,114.1175,20.811999999999998,23.901999999999997,33.5175,21.45375,1.5412000000000001,12.105599999999999,36.36608695652174,5.853809523809524,11.558947368421054,3.592727272727273,118.83333333333333,0.38461538461538464
2020-03-18,47.064230769230775,103.7616,21.592,25.673076923076923,33.806799999999996,21.69125,1.5342307692307693,13.034615384615384,42.564800000000005,3.3372727272727274,10.695263157894738,3.178181818181818,133.56,0.38461538461538464
2020-03-19,54.26307692307692,106.41959999999999,20.826,26.248846153846156,33.5088,21.319166666666664,1.5315384615384615,13.023076923076925,39.861599999999996,3.4963636363636366,11.494210526315788,3.416363636363636,159.64,0.38461538461538464
2020-03-20,48.7188,97.3725,20.87,22.448,30.578333333333333,21.141739130434782,1.178,14.9452,39.817083333333336,3.2895238095238093,9.157368421052633,2.928181818181818,120.5,0.38461538461538464
2020-03-21,50.19520000000001,94.82458333333334,18.3144,20.974,27.87291666666667,22.006521739130434,1.3876,15.4136,35.18083333333333,5.8635,10.910555555555554,3.1550000000000002,124.28,0.38461538461538464
2020-03-22,41.972500000000004,76.1009090909091,15.42,14.0025,19.545652173913044,20.269130434782607,1.06125,13.899166666666666,37.081739130434784,4.408947368421052,8.016470588235293,3.236666666666667,108.56521739130434,0.38461538461538464
2020-03-23,38.45166666666667,66.98,14.198400000000001,14.9228,19.993750000000002,19.157083333333333,1.028,12.4432,35.51291666666666,5.82952380952381,9.158947368421053,2.977272727272727,99.3913043478261,0.38461538461538464
2020-03-24,44.361538461538466,78.3968,17.563846153846153,16.553076923076922,25.0684,19.39913043478261,0.9311538461538462,11.947692307692307,35.0696,3.401818181818182,6.178947368421053,2.6954545454545458,96.83333333333333,0.38461538461538464
2020-03-25,40.302307692307686,68.8708,21.588076923076922,14.869615384615384,26.9552,19.24913043478261,0.9807692307692307,12.714400000000001,31.994,3.630909090909091,5.962631578947368,2.480909090909091,110.12,0.38461538461538464
2020-03-26,36.765,65.52199999999999,20.255384615384614,14.1144,20.8224,19.054782608695653,0.9934615384615384,10.785,33.7244,2.4136363636363636,5.235263157894737,2.3718181818181816,99.0,0.38461538461538464
2020-03-27,37.61807692307692,67.5912,15.831153846153846,13.587200000000001,20.5752,17.488333333333333,0.8834615384615384,10.8304,34.0908,1.7504545454545453,3.9821052631578944,2.1972727272727273,94.91666666666667,0.38461538461538464
2020-03-28,34.761923076923075,65.5616,12.5568,14.8025,19.56083333333333,19.175416666666667,0.8523076923076923,10.3776,33.178799999999995,1.9454545454545453,5.200526315789474,2.212727272727273,89.625,0.38461538461538464
2020-03-29,29.757916666666663,69.98130434782608,11.684782608695652,15.408181818181818,18.783636363636365,19.521818181818183,0.6920833333333333,11.08695652173913,36.315416666666664,3.752857142857143,5.038333333333333,2.5010000000000003,82.8695652173913,0.38461538461538464
2020-03-30,32.0996,71.14958333333333,12.080416666666666,16.214347826086957,19.48304347826087,19.25304347826087,0.7764,11.16625,37.32416666666666,2.936363636363636,5.666842105263158,2.8689999999999998,84.5909090909091,0.38461538461538464
2020-03-31,38.0356,80.27791666666667,14.742916666666666,16.27,22.174347826086954,19.774347826086956,0.8908,12.209583333333333,36.54666666666667,2.1863636363636365,5.506842105263158,2.5090909090909093,93.25,0.38461538461538464
2020-04-01,40.422,73.54833333333333,17.279166666666665,15.14,22.380434782608695,19.516956521739132,0.9368000000000001,11.790799999999999,35.66791666666666,3.4568181818181816,6.807894736842105,2.145454545454545,100.5,0.38461538461538464
2020-04-02,39.7224,81.4575,11.094166666666666,14.577916666666667,18.452173913043477,19.07521739130435,0.9604166666666667,11.33875,36.88791666666667,1.5536363636363637,4.022631578947369,1.2263636363636363,101.5,0.38461538461538464
2020-04-03,35.2944,78.53541666666666,13.386666666666665,15.405833333333334,18.319130434782608,18.288260869565217,0.8820833333333334,11.200416666666667,38.82625,1.9590909090909092,5.472631578947369,1.5210000000000001,93.08695652173913,0.38461538461538464
2020-04-04,36.7136,81.20291666666667,10.41375,15.9325,18.571304347826086,18.198695652173914,0.895,11.557916666666666,39.00958333333333,2.245,5.557894736842105,1.3163636363636364,93.95833333333333,0.38461538461538464
2020-04-05,36.617916666666666,75.0304347826087,11.43608695652174,16.328695652173913,18.62913043478261,18.80409090909091,0.8566666666666666,12.14695652173913,39.132173913043474,2.7427272727272727,6.68,1.3663636363636362,90.625,0.38461538461538464
2020-04-06,37.25826086956522,81.92454545454545,11.765454545454547,16.00227272727273,19.063809523809525,19.895238095238096,0.9072727272727273,11.08,34.50590909090909,2.105,6.920588235294118,1.1677777777777778,88.65217391304348,0.38461538461538464
2020-04-07,32.98291666666667,77.8495652173913,15.1425,14.81086956521739,17.90869565217391,20.354545454545455,0.8878260869565218,12.10304347826087,38.29130434782609,2.211,5.163529411764706,0.7444444444444445,86.54545454545455,0.38461538461538464
2020-04-08,29.735833333333332,77.72782608695653,23.76375,14.604347826086956,22.468695652173913,19.195454545454545,0.9065217391304349,11.427391304347825,38.24826086956522,1.6224999999999998,4.277647058823529,0.658,87.5909090909091,0.38461538461538464
2020-04-09,31.525833333333335,71.89521739130434,25.303749999999997,15.629565217391304,29.006086956521738,18.682608695652174,0.9121739130434783,11.592173913043478,39.84173913043478,2.6265,4.938235294117647,0.8029999999999999,88.5909090909091,0.38461538461538464
2020-04-10,34.11666666666667,68.83727272727273,16.234583333333333,16.121304347826086,17.694583333333334,19.305652173913046,0.6759999999999999,11.750869565217391,38.64565217391304,2.967142857142857,5.357777777777778,0.952,92.73913043478261,0.38461538461538464
2020-04-11,35.356,72.5795652173913,12.540416666666667,15.1875,18.92875,19.461739130434783,0.6992307692307692,11.35375,36.498333333333335,1.9004545454545456,6.481578947368422,1.2618181818181817,93.17391304347827,0.38461538461538464
2020-04-12,34.1084,76.19869565217391,11.565,14.523333333333333,17.2556,19.930869565217392,0.7088461538461538,11.13,37.55708333333333,2.2199999999999998,5.922631578947368,1.19,92.72,0.38461538461538464
2020-04-13,36.75333333333334,80.7804347826087,14.03125,15.700000000000001,19.5468,18.38818181818182,0.7434615384615385,11.444166666666668,34.55086956521739,2.0963636363636367,5.548947368421052,0.9463636363636364,92.16,0.38461538461538464
2020-04-14,40.77,89.78173913043479,12.595833333333333,15.965416666666668,19.029600000000002,17.55409090909091,0.7634615384615385,11.204583333333334,33.923478260869565,4.4395454545454545,7.166842105263157,1.1219999999999999,103.58333333333333,0.38461538461538464
2020-04-15,35.972500000000004,83.62782608695652,14.299583333333333,15.249583333333334,19.423199999999998,16.992727272727272,0.715,10.7475,32.358695652173914,2.934090909090909,5.380526315789474,0.9245454545454546,103.58333333333333,0.38461538461538464
2020-04-16,33.933749999999996,74.47217391304348,13.606666666666667,15.809583333333334,19.6096,16.25090909090909,0.6965384615384616,10.991666666666667,35.97391304347826,2.6027272727272726,5.886842105263158,1.364,96.64,0.38461538461538464
2020-04-17,31.30875,70.31304347826087,13.054166666666665,14.385,18.497600000000002,15.860909090909091,0.6803846153846155,10.477500000000001,36.27608695652174,2.285,4.814210526315789,0.9700000000000002,97.66666666666667,0.38461538461538464
2020-04-18,28.46375,66.28521739130434,15.21625,14.089583333333332,19.4152,17.556818181818183,0.7143999999999999,11.152500000000002,33.13818181818181,2.424545454545455,4.713157894736842,1.127,89.16,0.38461538461538464
2020-04-19,25.749166666666667,57.93000000000001,13.160869565217391,13.92695652173913,18.02,17.606666666666666,0.7387999999999999,10.450416666666667,34.43454545454546,2.098181818181818,3.814736842105263,0.8789999999999999,81.96,0.38461538461538464
2020-04-20,26.887916666666666,60.34391304347827,13.57,14.159583333333336,18.52,16.96727272727273,0.7296,10.960833333333333,30.706818181818186,2.6513636363636364,4.234736842105264,0.8427272727272727,79.2,0.38461538461538464
2020-04-21,19.634583333333335,47.32130434782609,18.1675,14.146666666666667,21.1468,22.815,0.6968000000000001,10.295,32.33590909090909,2.8013636363636363,4.213157894736842,0.9470000000000001,74.68,0.38461538461538464
2020-04-22,22.920416666666668,51.09608695652174,13.558333333333332,15.292608695652175,18.558,19.458636363636362,0.6530769230769231,10.0375,32.55772727272727,2.6427272727272726,4.417368421052632,1.004,71.52,0.38461538461538464
2020-04-23,26.857083333333335,58.06652173913044,11.700000000000001,15.314347826086957,17.9048,18.597272727272728,0.6734615384615383,11.039565217391305,32.54521739130435,2.1,4.720526315789473,0.922,74.88,0.38461538461538464
2020-04-24,25.424166666666665,57.05136363636364,11.886521739130433,13.891739130434782,17.525000000000002,16.63095238095238,0.63,12.961739130434783,34.23227272727273,2.923333333333333,3.0466666666666664,0.8933333333333332,76.88,0.38461538461538464
2020-04-25,23.24625,57.17227272727273,10.724347826086957,12.651739130434782,16.231666666666666,15.07318181818182,0.614,12.52304347826087,36.11681818181818,2.544761904761905,3.593888888888889,0.8233333333333334,76.69565217391305,0.38461538461538464
2020-04-26,22.76625,54.83782608695652,11.795416666666666,13.082608695652173,16.6164,16.020869565217392,0.6123076923076923,9.515416666666667,33.961739130434786,2.5518181818181818,3.021578947368421,1.175,74.29166666666667,0.38461538461538464
2020-04-27,19.218333333333334,45.81304347826087,12.155,13.474347826086955,16.782,16.53909090909091,0.6142307692307692,10.08,35.288695652173914,2.3313636363636365,3.6447368421052633,1.527,68.04,0.38461538461538464
2020-04-28,21.116666666666667,49.60318181818182,11.23695652173913,12.194545454545453,15.651666666666666,16.481363636363636,0.6124,10.897727272727273,39.68333333333334,2.7195238095238095,4.402777777777778,1.4927272727272725,72.29166666666667,0.38461538461538464
2020-04-29,26.046799999999998,57.574090909090906,12.094583333333333,14.641739130434782,19.0,16.17782608695652,0.6849999999999999,10.904782608695653,38.730000000000004,2.794545454545455,4.838947368421053,1.5990909090909091,77.79166666666667,0.38461538461538464
2020-04-30,27.892307692307693,67.01833333333333,10.5272,12.83,16.7092,14.637826086956522,0.6738461538461539,11.3428,36.406666666666666,3.2731818181818184,4.287894736842105,1.8990000000000002,83.83333333333333,0.38461538461538464
2020-05-01,27.16,70.40041666666667,12.0648,12.557083333333333,17.488,14.797391304347828,0.698,10.395199999999999,36.20875,1.835,3.5794736842105266,1.5210000000000001,84.07692307692308,0.38461538461538464
2020-05-02,23.179166666666664,58.67227272727273,12.542499999999999,12.30695652173913,17.94,13.816956521739131,0.64,9.839166666666667,35.59608695652174,3.2299999999999995,3.07,1.5260000000000002,81.76,0.38461538461538464
2020-05-03,24.789615384615384,58.374583333333334,12.158,12.412083333333333,16.9924,13.698695652173912,0.7056,9.32,39.1136,2.3727272727272726,4.211052631578948,1.573,81.64,0.38461538461538464
2020-05-04,22.279999999999998,55.92875,14.9844,13.397499999999999,18.6688,14.253478260869565,0.7292000000000001,9.764583333333333,35.1632,10.759545454545455,4.106315789473684,1.4929999999999999,76.96153846153847,0.38461538461538464
2020-05-05,26.5108,62.564166666666665,12.668,13.615416666666667,17.4968,14.283913043478263,0.7240000000000001,9.7692,38.5604,4.059545454545455,4.63578947368421,1.7670000000000001,84.38461538461539,0.38461538461538464
2020-05-06,23.258076923076924,65.61166666666666,13.5984,13.011666666666668,17.354400000000002,14.592173913043478,0.7424,10.052916666666667,38.7676,2.2595454545454547,4.007894736842106,1.902,82.08333333333333,0.38461538461538464
2020-05-07,21.836153846153845,57.70875,15.4196,14.920416666666666,20.0892,16.007826086956523,0.7143999999999999,9.145,38.278400000000005,2.4295454545454542,5.070526315789474,1.8990000000000002,79.44,0.38461538461538464
2020-05-08,25.86923076923077,67.23958333333333,12.8528,14.541666666666666,19.0676,15.546086956521739,0.7056,10.57,41.1268,2.8277272727272726,5.118947368421053,2.027,83.68,0.38461538461538464
2020-05-09,30.86653846153846,73.5225,13.0284,12.705833333333333,17.8168,15.089583333333335,0.7268000000000001,10.684583333333334,42.1928,1.705909090909091,4.083157894736842,2.072,93.42307692307692,0.38461538461538464
2020-05-10,29.952692307692306,70.80833333333334,13.626666666666667,11.115,16.2392,15.255,0.6536,10.13125,42.4736,1.9004545454545456,3.8736842105263154,14.247272727272728,95.8076923076923,0.38461538461538464
2020-05-11,29.52423076923077,65.04583333333333,27.3048,13.378333333333332,33.22541666666667,16.4924,0.6768000000000001,9.7068,40.6488,2.2459090909090906,4.796315789473684,1.693,89.68,0.38461538461538464
2020-05-12,30.8864,66.01565217391304,12.645833333333334,12.861304347826087,17.75,17.31625,0.7254166666666667,11.066666666666668,38.71041666666667,2.607142857142857,4.428888888888888,1.7220000000000002,85.04,0.38461538461538464
2020-05-13,32.18961538461539,73.9875,23.0856,14.195599999999999,27.981199999999998,15.514000000000001,0.6956,10.8304,37.4972,2.6995454545454547,4.496315789473684,1.857,86.75,0.38461538461538464
2020-05-14,30.63153846153846,64.44875,28.413600000000002,13.885416666666666,32.948,15.6328,0.6995999999999999,10.285,36.7124,3.016818181818182,4.66421052631579,1.7870000000000001,89.38461538461539,0.38461538461538464
2020-05-15,27.06269230769231,57.48875,12.516666666666666,14.201666666666668,19.591666666666665,16.1572,0.6864,10.691249999999998,37.03,3.272272727272727,5.613684210526316,1.8060000000000003,81.65384615384616,0.38461538461538464
2020-05-16,31.17,64.98125,24.6288,14.519166666666665,23.0684,16.040399999999998,0.706,9.90625,41.997499999999995,3.4768181818181816,4.919473684210526,1.812,89.38461538461539,0.38461538461538464
2020-05-17,32.9572,78.08291666666666,11.640833333333333,15.472500000000002,18.932916666666667,16.2276,0.6584,10.820833333333333,37.128,3.1933333333333334,6.41,2.11,93.3076923076923,0.38461538461538464
2020-05-18,33.0976,71.17086956521739,12.728333333333333,16.479166666666668,19.727083333333333,15.145833333333334,0.7362500000000001,10.862916666666665,37.09347826086957,4.445238095238095,7.37421052631579,1.9363636363636365,92.4,0.38461538461538464
2020-05-19,34.4832,79.07043478260869,13.919583333333334,17.185416666666665,21.084999999999997,16.092916666666667,0.7795833333333334,10.669583333333334,36.64695652173913,3.52952380952381,6.950526315789474,2.291,95.2,0.38461538461538464
2020-05-20,33.4096,79.51478260869565,12.475416666666666,16.914583333333333,21.04583333333333,14.643749999999999,0.7495833333333333,10.877083333333333,38.845652173913045,3.1552380952380954,6.033157894736842,2.1345454545454547,100.0,0.38461538461538464
2020-05-21,26.3428,72.25434782608696,12.13,18.305833333333332,21.42375,14.937391304347827,0.7254166666666667,10.780833333333334,40.809090909090905,7.35,10.72421052631579,2.2990000000000004,92.28,0.38461538461538464
2020-05-22,30.4124,79.40347826086956,12.884166666666667,17.852083333333333,21.644166666666667,14.570833333333333,0.7268000000000001,11.612916666666665,36.30130434782609,13.00095238095238,18.754736842105263,3.03,97.0,0.38461538461538464
2020-05-23,31.7744,83.99391304347827,12.185,15.512083333333335,19.8625,13.972916666666668,0.7216,10.5275,33.37391304347826,4.163809523809523,7.6957894736842105,1.934,93.8,0.38461538461538464
2020-05-24,28.8964,73.41869565217392,10.753750000000002,13.65875,17.102500000000003,13.703478260869565,0.6856,10.316666666666666,32.6995652173913,3.645238095238095,4.7836842105263155,2.0345454545454547,88.28,0.38461538461538464
2020-05-25,28.0688,70.6225,10.861666666666666,14.4925,17.66375,13.815416666666666,0.6896,10.6425,30.971739130434784,3.4404761904761907,4.418947368421052,1.621,85.16,0.38461538461538464
2020-05-26,28.625999999999998,85.86208333333333,10.891666666666666,15.105833333333331,18.158333333333335,13.827916666666667,0.7076,11.432916666666666,31.25782608695652,2.378095238095238,4.636842105263158,1.594,85.08,0.38461538461538464
2020-05-27,29.124000000000002,87.67708333333333,10.179166666666667,15.106666666666667,17.85125,14.271739130434783,0.7312000000000001,10.2125,35.94391304347826,2.209047619047619,4.828421052631579,9.18090909090909,91.28,0.38461538461538464
2020-05-28,26.9756,85.1904347826087,9.968333333333332,13.761249999999999,17.167083333333334,13.835833333333333,0.7088,9.7175,33.65,1.7114285714285713,3.8373684210526315,1.6772727272727272,93.16,0.38461538461538464
2020-05-29,27.653846153846153,64.08,21.808000000000003,14.808399999999999,28.224,17.788333333333334,0.7307692307692307,10.254000000000001,32.345416666666665,1.298181818181818,3.9715789473684215,1.5672727272727274,88.08,0.38461538461538464
2020-05-30,22.932307692307692,58.76125,16.1968,15.4472,18.4428,16.95375,0.7219230769230769,9.8628,32.42958333333333,2.615,4.801578947368421,1.6354545454545457,78.44,0.38461538461538464
2020-05-31,19.343076923076925,52.754,13.340399999999999,13.3528,16.7712,13.793333333333335,0.6888461538461539,9.11,30.627083333333335,1.1685714285714286,3.0583333333333336,1.62,72.88461538461539,0.38461538461538464
2020-06-01,23.342692307692307,74.0416,11.672,15.3336,16.8688,13.2425,0.7165384615384615,9.884400000000001,34.5625,4.992272727272728,8.581052631578947,1.7972727272727271,76.8,0.38461538461538464
2020-06-02,26.701923076923077,63.3108,12.871199999999998,15.8304,18.942,14.4525,0.6984615384615385,10.461923076923076,37.65391304347826,1.6152380952380954,5.853888888888889,2.0509090909090912,85.04,0.38461538461538464
2020-06-03,23.66416666666667,91.2956,13.786666666666667,16.59125,17.554000000000002,13.815833333333332,0.6934615384615385,10.66,36.264583333333334,3.1377272727272727,7.519473684210527,1.781818181818182,94.08,0.38461538461538464
2020-06-04,23.707200000000004,63.13,14.173478260869565,16.581739130434784,18.9668,14.403478260869566,0.6423076923076922,10.764800000000001,30.699166666666667,1.5909090909090908,5.670526315789473,1.9072727272727272,82.16,0.38461538461538464
2020-06-05,20.788400000000003,62.776399999999995,14.36,17.05782608695652,19.032799999999998,16.18086956521739,0.6992307692307692,10.336538461538462,28.5192,2.313181818181818,6.812105263157895,1.9072727272727272,78.4,0.38461538461538464
2020-06-06,22.884,54.29,14.194583333333332,15.630833333333333,18.8984,14.71,0.74,10.845,33.07791666666667,1.7228571428571429,4.9688888888888885,1.7090909090909092,71.76,0.38461538461538464
2020-06-07,24.247500000000002,65.48818181818181,13.974166666666667,14.665,19.78708333333333,15.203478260869565,0.6688,10.3824,31.909999999999997,3.1805,4.976666666666667,1.742727272727273,74.44,0.38461538461538464
2020-06-08,27.117199999999997,67.21,13.367916666666666,16.53,19.596400000000003,15.035416666666668,0.7657692307692308,11.150384615384617,32.9804,3.271818181818182,6.433684210526316,1.870909090909091,75.91666666666667,0.38461538461538464
2020-06-09,30.649583333333336,71.05166666666666,12.252083333333333,17.140416666666667,18.76,15.095416666666667,0.7136,11.302,34.253181818181815,2.584761904761905,6.952105263157895,2.1290909090909094,82.52,0.38461538461538464
2020-06-10,28.555833333333336,74.8208695652174,13.515416666666667,17.581666666666667,19.809166666666666,14.887500000000001,0.6836,10.137599999999999,32.34142857142857,4.948095238095238,8.754736842105263,2.4181818181818184,82.29166666666667,0.38461538461538464
2020-06-11,26.936521739130434,60.934583333333336,12.007391304347827,16.80875,17.389166666666668,14.239999999999998,0.7428,10.6948,28.484347826086957,2.522857142857143,6.32578947368421,2.6081818181818184,83.625,0.38461538461538464
2020-06-12,29.560000000000002,59.699999999999996,11.434782608695652,16.140833333333333,16.830416666666668,13.94086956521739,0.7992,10.1324,30.722916666666666,2.519047619047619,6.556315789473684,2.919090909090909,83.04,0.38461538461538464
2020-06-13,23.407916666666665,57.94916666666666,9.071739130434782,14.071666666666667,14.96,12.979565217391306,0.7587999999999999,9.1784,28.98875,6.038095238095239,9.225263157894737,2.23,77.70833333333333,0.38461538461538464
2020-06-14,27.14695652173913,58.43521739130435,8.122857142857143,13.085652173913045,13.32695652173913,13.889090909090909,0.7125,9.580416666666666,30.165652173913045,2.1842105263157894,5.237647058823529,2.1145454545454547,71.6086956521739,0.38461538461538464
2020-06-15,22.204166666666666,62.276666666666664,7.8140909090909085,14.711739130434783,13.594999999999999,13.124782608695652,0.7528,10.019200000000001,32.6204347826087,4.006,7.377777777777778,2.01,70.65217391304348,0.38461538461538464
2020-06-16,22.39708333333333,69.95458333333333,8.502173913043478,15.5475,13.815999999999999,12.550454545454546,0.7084615384615384,10.192,32.87391304347826,2.4077272727272727,6.109999999999999,1.6509090909090909,69.875,0.38461538461538464
2020-06-17,24.26409090909091,50.23173913043478,9.315454545454545,16.108695652173914,15.635652173913044,12.44047619047619,0.64875,10.397083333333333,32.595416666666665,3.463,7.941666666666667,1.7740000000000002,69.95652173913044,0.38461538461538464
2020-06-18,22.347826086956523,56.23434782608696,9.516521739130434,17.0125,16.933043478260867,12.725714285714286,0.6941666666666667,10.195416666666667,33.1995652173913,2.942,6.935555555555556,1.818,71.43478260869566,0.38461538461538464
2020-06-19,23.405,67.71291666666666,9.73375,14.746400000000001,16.25583333333333,13.585909090909091,0.7648,9.5632,29.497826086956525,2.546190476190476,6.566315789473684,1.7090909090909092,75.25,0.38461538461538464
2020-06-20,27.0725,62.30166666666667,10.663333333333332,14.5156,17.504583333333333,15.216818181818182,0.764,9.3568,31.16227272727273,2.056666666666667,5.452105263157895,1.750909090909091,79.56,0.38461538461538464
2020-06-21,21.573333333333334,50.71826086956521,9.566666666666666,13.452,15.347499999999998,14.614545454545453,0.6904,9.4344,28.996956521739133,1.988,6.4255555555555555,1.6763636363636365,72.88,0.38461538461538464
2020-06-22,21.370833333333334,51.10166666666667,9.323478260869566,13.79875,15.149583333333334,13.91909090909091,0.7528,9.6332,33.00739130434783,2.3585714285714285,6.743157894736842,1.84,67.72,0.38461538461538464
2020-06-23,22.655416666666667,58.17916666666667,8.825652173913044,13.519166666666665,15.000833333333333,13.264999999999999,0.7524,9.0604,34.13652173913044,3.4442857142857144,7.66421052631579,1.9809090909090912,73.04,0.38461538461538464
2020-06-24,35.151199999999996,70.23,8.815833333333334,14.284,14.8716,12.598181818181816,0.7288461538461538,8.8308,28.3752,3.0068181818181823,6.921052631578948,2.450909090909091,71.4,0.38461538461538464
2020-06-25,28.116,62.54600000000001,17.6516,15.713076923076924,16.9664,15.019583333333335,0.7380769230769231,9.026538461538461,26.8592,1.2814285714285714,6.906666666666666,2.5072727272727273,69.92,0.38461538461538464
2020-06-26,21.9388,54.4576,8.4572,14.265384615384615,16.1336,13.213333333333333,0.7488461538461538,9.07423076923077,29.6792,1.2952380952380953,6.558888888888889,2.086,77.08,0.38461538461538464
2020-06-27,23.079166666666666,51.678260869565214,9.083333333333334,15.0324,15.65625,13.359565217391307,0.74,9.3544,31.75708333333333,1.371,6.937222222222222,1.8172727272727272,72.6,0.38461538461538464
2020-06-28,23.93041666666667,60.37086956521739,9.951304347826087,13.005416666666667,15.06,13.72909090909091,0.7232000000000001,9.628,30.01625,1.3525,6.607222222222222,1.8245454545454545,77.48,0.38461538461538464
2020-06-29,22.479583333333334,55.05416666666667,11.316666666666668,14.6392,17.732499999999998,14.437391304347827,0.7595999999999999,9.8996,28.73,1.6644999999999999,7.174444444444445,1.9227272727272726,76.4,0.38461538461538464
2020-06-30,22.410416666666666,47.84708333333333,10.2175,15.2848,18.147916666666667,13.062608695652173,0.7559999999999999,9.9268,28.82875,1.8960000000000001,6.554444444444445,1.9881818181818183,70.4,0.38461538461538464
2020-07-01,26.024782608695656,54.245909090909095,9.912916666666666,14.5024,16.980833333333333,12.18,0.7395999999999999,8.575600000000001,23.05666666666667,1.3236842105263158,6.648235294117647,2.385555555555556,72.5,0.38461538461538464
